campaign_id,campaign_name,account_id,account_descriptive_name,date,impressions,clicks,cost_micros,conversions,conversions_value,device,ad_network_type,_weld_synced
GC001,Brand - Vitalis,987654321,Vitalis UK,2024-07-01,3460,165,23790000,15.0,680.56,TABLET,SEARCH,2024-07-02T00:00:00
GC002,Non-Brand - CBD Oil UK,987654321,Vitalis UK,2024-07-01,7751,458,56910000,11.5,519.64,DESKTOP,SEARCH,2024-07-02T00:00:00
GC003,Non-Brand - Supplements UK,987654321,Vitalis UK,2024-07-01,5122,257,51690000,5.9,259.11,TABLET,SEARCH,2024-07-02T00:00:00
GC004,Shopping - All Products,987654321,Vitalis UK,2024-07-01,2983,199,47980000,6.3,231.28,DESKTOP,SEARCH_PARTNERS,2024-07-02T00:00:00
GC005,PMax - Wellness,987654321,Vitalis UK,2024-07-01,6723,384,64660000,12.5,702.01,TABLET,SEARCH,2024-07-02T00:00:00
GC001,Brand - Vitalis,987654321,Vitalis UK,2024-07-02,2315,73,30690000,4.2,211.17,MOBILE,SEARCH,2024-07-03T00:00:00
GC002,Non-Brand - CBD Oil UK,987654321,Vitalis UK,2024-07-02,4484,210,50510000,5.0,249.03,MOBILE,SEARCH,2024-07-03T00:00:00
GC003,Non-Brand - Supplements UK,987654321,Vitalis UK,2024-07-02,5001,229,66349999,5.3,198.99,MOBILE,SEARCH,2024-07-03T00:00:00
GC004,Shopping - All Products,987654321,Vitalis UK,2024-07-02,4663,268,50170000,9.2,325.4,MOBILE,SEARCH_PARTNERS,2024-07-03T00:00:00
GC005,PMax - Wellness,987654321,Vitalis UK,2024-07-02,4371,198,66640000,5.2,306.58,TABLET,SEARCH,2024-07-03T00:00:00
GC001,Brand - Vitalis,987654321,Vitalis UK,2024-07-03,2978,202,25060000,18.5,730.7,TABLET,SEARCH,2024-07-04T00:00:00
GC002,Non-Brand - CBD Oil UK,987654321,Vitalis UK,2024-07-03,6988,274,61590000,5.5,257.18,MOBILE,SEARCH,2024-07-04T00:00:00
GC003,Non-Brand - Supplements UK,987654321,Vitalis UK,2024-07-03,3797,255,52810000,6.9,414.83,TABLET,SEARCH,2024-07-04T00:00:00
GC004,Shopping - All Products,987654321,Vitalis UK,2024-07-03,4436,190,38370000,7.7,371.04,DESKTOP,SEARCH_PARTNERS,2024-07-04T00:00:00
GC005,PMax - Wellness,987654321,Vitalis UK,2024-07-03,6506,401,63360000,11.1,577.56,DESKTOP,SEARCH,2024-07-04T00:00:00
GC001,Brand - Vitalis,987654321,Vitalis UK,2024-07-04,2194,84,22770000,7.1,440.43,TABLET,SEARCH,2024-07-05T00:00:00
GC002,Non-Brand - CBD Oil UK,987654321,Vitalis UK,2024-07-04,7418,420,54500000,11.3,551.42,TABLET,SEARCH,2024-07-05T00:00:00
GC003,Non-Brand - Supplements UK,987654321,Vitalis UK,2024-07-04,6700,412,56920000,9.8,438.98,MOBILE,SEARCH,2024-07-05T00:00:00
GC004,Shopping - All Products,987654321,Vitalis UK,2024-07-04,4274,258,41000000,9.2,588.56,MOBILE,SEARCH_PARTNERS,2024-07-05T00:00:00
GC005,PMax - Wellness,987654321,Vitalis UK,2024-07-04,9273,459,68630000,15.4,798.19,TABLET,SEARCH,2024-07-05T00:00:00
GC001,Brand - Vitalis,987654321,Vitalis UK,2024-07-05,2784,171,25990000,13.8,610.02,DESKTOP,SEARCH,2024-07-06T00:00:00
GC002,Non-Brand - CBD Oil UK,987654321,Vitalis UK,2024-07-05,5240,165,60730000,4.4,199.52,MOBILE,SEARCH,2024-07-06T00:00:00
GC003,Non-Brand - Supplements UK,987654321,Vitalis UK,2024-07-05,6263,213,64069999,5.4,337.98,DESKTOP,SEARCH,2024-07-06T00:00:00
GC004,Shopping - All Products,987654321,Vitalis UK,2024-07-05,3298,169,44530000,4.8,215.98,TABLET,SEARCH_PARTNERS,2024-07-06T00:00:00
GC005,PMax - Wellness,987654321,Vitalis UK,2024-07-05,5267,256,72980000,5.5,309.7,MOBILE,SEARCH,2024-07-06T00:00:00
GC001,Brand - Vitalis,987654321,Vitalis UK,2024-07-06,2374,127,26490000,10.2,396.05,DESKTOP,SEARCH,2024-07-07T00:00:00
GC002,Non-Brand - CBD Oil UK,987654321,Vitalis UK,2024-07-06,8424,566,60690000,10.7,476.82,DESKTOP,SEARCH,2024-07-07T00:00:00
GC003,Non-Brand - Supplements UK,987654321,Vitalis UK,2024-07-06,4327,138,65550000,3.9,221.47,DESKTOP,SEARCH,2024-07-07T00:00:00
GC004,Shopping - All Products,987654321,Vitalis UK,2024-07-06,3091,195,46240000,6.0,241.78,MOBILE,SEARCH_PARTNERS,2024-07-07T00:00:00
GC005,PMax - Wellness,987654321,Vitalis UK,2024-07-06,6831,249,74580000,8.8,458.43,TABLET,SEARCH,2024-07-07T00:00:00
GC001,Brand - Vitalis,987654321,Vitalis UK,2024-07-07,2494,157,25350000,12.4,649.52,MOBILE,SEARCH,2024-07-08T00:00:00
GC002,Non-Brand - CBD Oil UK,987654321,Vitalis UK,2024-07-07,4017,207,60570000,5.1,219.48,MOBILE,SEARCH,2024-07-08T00:00:00
GC003,Non-Brand - Supplements UK,987654321,Vitalis UK,2024-07-07,5511,298,59400000,7.2,346.37,TABLET,SEARCH,2024-07-08T00:00:00
GC004,Shopping - All Products,987654321,Vitalis UK,2024-07-07,4278,190,46340000,5.4,191.84,MOBILE,SEARCH_PARTNERS,2024-07-08T00:00:00
GC005,PMax - Wellness,987654321,Vitalis UK,2024-07-07,5361,345,62990000,10.8,390.44,DESKTOP,SEARCH,2024-07-08T00:00:00
GC001,Brand - Vitalis,987654321,Vitalis UK,2024-07-08,2528,95,25920000,6.7,379.5,MOBILE,SEARCH,2024-07-09T00:00:00
GC002,Non-Brand - CBD Oil UK,987654321,Vitalis UK,2024-07-08,6670,420,59310000,13.1,738.4,DESKTOP,SEARCH,2024-07-09T00:00:00
GC003,Non-Brand - Supplements UK,987654321,Vitalis UK,2024-07-08,8837,427,60480000,8.5,420.6,DESKTOP,SEARCH,2024-07-09T00:00:00
GC004,Shopping - All Products,987654321,Vitalis UK,2024-07-08,5262,268,53700000,8.3,505.15,TABLET,SEARCH_PARTNERS,2024-07-09T00:00:00
GC005,PMax - Wellness,987654321,Vitalis UK,2024-07-08,7991,553,62330000,17.2,702.28,DESKTOP,SEARCH,2024-07-09T00:00:00
GC001,Brand - Vitalis,987654321,Vitalis UK,2024-07-09,3280,191,33090000,12.9,831.18,TABLET,SEARCH,2024-07-10T00:00:00
GC002,Non-Brand - CBD Oil UK,987654321,Vitalis UK,2024-07-09,6665,458,53320000,10.7,460.56,MOBILE,SEARCH,2024-07-10T00:00:00
GC003,Non-Brand - Supplements UK,987654321,Vitalis UK,2024-07-09,8567,281,60290000,8.2,449.87,DESKTOP,SEARCH,2024-07-10T00:00:00
GC004,Shopping - All Products,987654321,Vitalis UK,2024-07-09,4087,283,42940000,9.6,388.67,TABLET,SEARCH_PARTNERS,2024-07-10T00:00:00
GC005,PMax - Wellness,987654321,Vitalis UK,2024-07-09,9140,582,64330000,15.9,901.76,DESKTOP,SEARCH,2024-07-10T00:00:00
GC001,Brand - Vitalis,987654321,Vitalis UK,2024-07-10,3096,200,25460000,12.2,755.96,MOBILE,SEARCH,2024-07-11T00:00:00
GC002,Non-Brand - CBD Oil UK,987654321,Vitalis UK,2024-07-10,3746,134,54260000,3.3,123.63,TABLET,SEARCH,2024-07-11T00:00:00
GC003,Non-Brand - Supplements UK,987654321,Vitalis UK,2024-07-10,7884,288,64640000,5.5,244.47,DESKTOP,SEARCH,2024-07-11T00:00:00
GC004,Shopping - All Products,987654321,Vitalis UK,2024-07-10,3303,187,49470000,6.4,278.82,MOBILE,SEARCH_PARTNERS,2024-07-11T00:00:00
GC005,PMax - Wellness,987654321,Vitalis UK,2024-07-10,6073,236,63180000,8.0,377.48,MOBILE,SEARCH,2024-07-11T00:00:00
GC001,Brand - Vitalis,987654321,Vitalis UK,2024-07-11,3358,159,24850000,14.2,710.69,MOBILE,SEARCH,2024-07-12T00:00:00
GC002,Non-Brand - CBD Oil UK,987654321,Vitalis UK,2024-07-11,5719,313,54460000,7.0,302.37,TABLET,SEARCH,2024-07-12T00:00:00
GC003,Non-Brand - Supplements UK,987654321,Vitalis UK,2024-07-11,7817,269,58790000,7.8,488.25,MOBILE,SEARCH,2024-07-12T00:00:00
GC004,Shopping - All Products,987654321,Vitalis UK,2024-07-11,3964,233,44210000,10.4,668.84,TABLET,SEARCH_PARTNERS,2024-07-12T00:00:00
GC005,PMax - Wellness,987654321,Vitalis UK,2024-07-11,6295,216,60120000,6.7,301.1,TABLET,SEARCH,2024-07-12T00:00:00
GC001,Brand - Vitalis,987654321,Vitalis UK,2024-07-12,2093,102,25600000,6.8,325.29,DESKTOP,SEARCH,2024-07-13T00:00:00
GC002,Non-Brand - CBD Oil UK,987654321,Vitalis UK,2024-07-12,3893,217,52800000,4.7,227.35,DESKTOP,SEARCH,2024-07-13T00:00:00
GC003,Non-Brand - Supplements UK,987654321,Vitalis UK,2024-07-12,3959,145,51020000,2.7,148.15,MOBILE,SEARCH,2024-07-13T00:00:00
GC004,Shopping - All Products,987654321,Vitalis UK,2024-07-12,6679,458,56020000,16.4,635.63,TABLET,SEARCH_PARTNERS,2024-07-13T00:00:00
GC005,PMax - Wellness,987654321,Vitalis UK,2024-07-12,7550,470,69010000,12.0,737.28,DESKTOP,SEARCH,2024-07-13T00:00:00
GC001,Brand - Vitalis,987654321,Vitalis UK,2024-07-13,2858,159,22760000,12.5,580.03,TABLET,SEARCH,2024-07-14T00:00:00
GC002,Non-Brand - CBD Oil UK,987654321,Vitalis UK,2024-07-13,6678,236,45870000,6.3,374.67,TABLET,SEARCH,2024-07-14T00:00:00
GC003,Non-Brand - Supplements UK,987654321,Vitalis UK,2024-07-13,6839,423,47230000,8.5,406.91,DESKTOP,SEARCH,2024-07-14T00:00:00
GC004,Shopping - All Products,987654321,Vitalis UK,2024-07-13,3652,129,50250000,4.0,224.99,MOBILE,SEARCH_PARTNERS,2024-07-14T00:00:00
GC005,PMax - Wellness,987654321,Vitalis UK,2024-07-13,7297,372,61020000,9.2,327.54,DESKTOP,SEARCH,2024-07-14T00:00:00
GC001,Brand - Vitalis,987654321,Vitalis UK,2024-07-14,2717,173,32229999,17.7,772.32,DESKTOP,SEARCH,2024-07-15T00:00:00
GC002,Non-Brand - CBD Oil UK,987654321,Vitalis UK,2024-07-14,7229,275,58120000,7.4,291.95,DESKTOP,SEARCH,2024-07-15T00:00:00
GC003,Non-Brand - Supplements UK,987654321,Vitalis UK,2024-07-14,6473,271,53150000,5.5,221.8,MOBILE,SEARCH,2024-07-15T00:00:00
GC004,Shopping - All Products,987654321,Vitalis UK,2024-07-14,5314,310,52930000,9.2,592.97,MOBILE,SEARCH_PARTNERS,2024-07-15T00:00:00
GC005,PMax - Wellness,987654321,Vitalis UK,2024-07-14,9410,636,73630000,14.3,872.17,TABLET,SEARCH,2024-07-15T00:00:00
GC001,Brand - Vitalis,987654321,Vitalis UK,2024-07-15,4099,252,28180000,18.1,869.67,MOBILE,SEARCH,2024-07-16T00:00:00
GC002,Non-Brand - CBD Oil UK,987654321,Vitalis UK,2024-07-15,5232,159,62500000,2.9,178.91,DESKTOP,SEARCH,2024-07-16T00:00:00
GC003,Non-Brand - Supplements UK,987654321,Vitalis UK,2024-07-15,6201,335,67080000,6.8,322.7,TABLET,SEARCH,2024-07-16T00:00:00
GC004,Shopping - All Products,987654321,Vitalis UK,2024-07-15,5070,290,46680000,7.5,328.5,TABLET,SEARCH_PARTNERS,2024-07-16T00:00:00
GC005,PMax - Wellness,987654321,Vitalis UK,2024-07-15,7972,509,65680000,16.6,626.1,DESKTOP,SEARCH,2024-07-16T00:00:00
GC001,Brand - Vitalis,987654321,Vitalis UK,2024-07-16,3132,170,26640000,15.1,552.72,DESKTOP,SEARCH,2024-07-17T00:00:00
GC002,Non-Brand - CBD Oil UK,987654321,Vitalis UK,2024-07-16,3003,200,47860000,5.1,232.41,DESKTOP,SEARCH,2024-07-17T00:00:00
GC003,Non-Brand - Supplements UK,987654321,Vitalis UK,2024-07-16,8145,298,55130000,8.5,525.19,MOBILE,SEARCH,2024-07-17T00:00:00
GC004,Shopping - All Products,987654321,Vitalis UK,2024-07-16,3358,212,46170000,7.5,462.06,MOBILE,SEARCH_PARTNERS,2024-07-17T00:00:00
GC005,PMax - Wellness,987654321,Vitalis UK,2024-07-16,6917,287,68500000,10.3,404.23,DESKTOP,SEARCH,2024-07-17T00:00:00
GC001,Brand - Vitalis,987654321,Vitalis UK,2024-07-17,2207,114,28960000,9.5,448.55,TABLET,SEARCH,2024-07-18T00:00:00
GC002,Non-Brand - CBD Oil UK,987654321,Vitalis UK,2024-07-17,7821,325,54480000,5.8,287.64,DESKTOP,SEARCH,2024-07-18T00:00:00
GC003,Non-Brand - Supplements UK,987654321,Vitalis UK,2024-07-17,9221,294,62890000,7.9,376.75,TABLET,SEARCH,2024-07-18T00:00:00
GC004,Shopping - All Products,987654321,Vitalis UK,2024-07-17,5062,154,46200000,5.7,296.85,TABLET,SEARCH_PARTNERS,2024-07-18T00:00:00
GC005,PMax - Wellness,987654321,Vitalis UK,2024-07-17,8724,415,68780000,10.7,434.83,MOBILE,SEARCH,2024-07-18T00:00:00
GC001,Brand - Vitalis,987654321,Vitalis UK,2024-07-18,2317,152,27670000,14.5,510.95,TABLET,SEARCH,2024-07-19T00:00:00
GC002,Non-Brand - CBD Oil UK,987654321,Vitalis UK,2024-07-18,7453,513,55940000,14.9,729.79,DESKTOP,SEARCH,2024-07-19T00:00:00
GC003,Non-Brand - Supplements UK,987654321,Vitalis UK,2024-07-18,9446,306,65080000,7.0,428.52,MOBILE,SEARCH,2024-07-19T00:00:00
GC004,Shopping - All Products,987654321,Vitalis UK,2024-07-18,5858,325,52580000,13.3,469.95,MOBILE,SEARCH_PARTNERS,2024-07-19T00:00:00
GC005,PMax - Wellness,987654321,Vitalis UK,2024-07-18,6795,359,73550000,9.3,572.73,DESKTOP,SEARCH,2024-07-19T00:00:00
GC001,Brand - Vitalis,987654321,Vitalis UK,2024-07-19,1835,57,30360000,4.5,252.25,TABLET,SEARCH,2024-07-20T00:00:00
GC002,Non-Brand - CBD Oil UK,987654321,Vitalis UK,2024-07-19,5011,232,58780000,5.1,295.03,TABLET,SEARCH,2024-07-20T00:00:00
GC003,Non-Brand - Supplements UK,987654321,Vitalis UK,2024-07-19,4770,231,56390000,5.6,277.99,DESKTOP,SEARCH,2024-07-20T00:00:00
GC004,Shopping - All Products,987654321,Vitalis UK,2024-07-19,6098,232,43480000,10.4,626.84,MOBILE,SEARCH_PARTNERS,2024-07-20T00:00:00
GC005,PMax - Wellness,987654321,Vitalis UK,2024-07-19,3975,176,64360000,4.2,162.16,TABLET,SEARCH,2024-07-20T00:00:00
GC001,Brand - Vitalis,987654321,Vitalis UK,2024-07-20,2234,114,28970000,11.4,739.38,TABLET,SEARCH,2024-07-21T00:00:00
GC002,Non-Brand - CBD Oil UK,987654321,Vitalis UK,2024-07-20,3686,163,50020000,4.5,209.38,DESKTOP,SEARCH,2024-07-21T00:00:00
GC003,Non-Brand - Supplements UK,987654321,Vitalis UK,2024-07-20,7120,470,62680000,12.9,697.86,TABLET,SEARCH,2024-07-21T00:00:00
GC004,Shopping - All Products,987654321,Vitalis UK,2024-07-20,6570,367,52320000,12.0,642.07,TABLET,SEARCH_PARTNERS,2024-07-21T00:00:00
GC005,PMax - Wellness,987654321,Vitalis UK,2024-07-20,8520,539,58170000,18.8,1041.06,TABLET,SEARCH,2024-07-21T00:00:00
GC001,Brand - Vitalis,987654321,Vitalis UK,2024-07-21,3312,222,28460000,15.7,1020.17,TABLET,SEARCH,2024-07-22T00:00:00
GC002,Non-Brand - CBD Oil UK,987654321,Vitalis UK,2024-07-21,3605,241,56580000,4.4,203.78,TABLET,SEARCH,2024-07-22T00:00:00
GC003,Non-Brand - Supplements UK,987654321,Vitalis UK,2024-07-21,6932,249,55600000,4.6,293.8,TABLET,SEARCH,2024-07-22T00:00:00
GC004,Shopping - All Products,987654321,Vitalis UK,2024-07-21,4059,234,45380000,9.5,473.52,DESKTOP,SEARCH_PARTNERS,2024-07-22T00:00:00
GC005,PMax - Wellness,987654321,Vitalis UK,2024-07-21,9371,357,63040000,10.0,563.92,TABLET,SEARCH,2024-07-22T00:00:00
GC001,Brand - Vitalis,987654321,Vitalis UK,2024-07-22,1840,109,24270000,11.0,692.25,DESKTOP,SEARCH,2024-07-23T00:00:00
GC002,Non-Brand - CBD Oil UK,987654321,Vitalis UK,2024-07-22,8087,419,56490000,13.1,510.95,DESKTOP,SEARCH,2024-07-23T00:00:00
GC003,Non-Brand - Supplements UK,987654321,Vitalis UK,2024-07-22,8696,558,61280000,13.2,471.27,MOBILE,SEARCH,2024-07-23T00:00:00
GC004,Shopping - All Products,987654321,Vitalis UK,2024-07-22,7084,447,52250000,14.5,891.72,TABLET,SEARCH_PARTNERS,2024-07-23T00:00:00
GC005,PMax - Wellness,987654321,Vitalis UK,2024-07-22,5989,254,63100000,5.6,281.35,MOBILE,SEARCH,2024-07-23T00:00:00
GC001,Brand - Vitalis,987654321,Vitalis UK,2024-07-23,2759,174,30530000,12.6,790.27,TABLET,SEARCH,2024-07-24T00:00:00
GC002,Non-Brand - CBD Oil UK,987654321,Vitalis UK,2024-07-23,5641,191,51900000,5.4,197.57,TABLET,SEARCH,2024-07-24T00:00:00
GC003,Non-Brand - Supplements UK,987654321,Vitalis UK,2024-07-23,6821,420,59530000,9.2,555.81,MOBILE,SEARCH,2024-07-24T00:00:00
GC004,Shopping - All Products,987654321,Vitalis UK,2024-07-23,5685,189,43250000,5.4,283.52,DESKTOP,SEARCH_PARTNERS,2024-07-24T00:00:00
GC005,PMax - Wellness,987654321,Vitalis UK,2024-07-23,7786,247,69020000,9.4,542.08,MOBILE,SEARCH,2024-07-24T00:00:00
GC001,Brand - Vitalis,987654321,Vitalis UK,2024-07-24,3392,161,26490000,10.7,444.32,TABLET,SEARCH,2024-07-25T00:00:00
GC002,Non-Brand - CBD Oil UK,987654321,Vitalis UK,2024-07-24,3837,164,55060000,4.4,159.62,DESKTOP,SEARCH,2024-07-25T00:00:00
GC003,Non-Brand - Supplements UK,987654321,Vitalis UK,2024-07-24,4133,235,58810000,4.5,254.84,DESKTOP,SEARCH,2024-07-25T00:00:00
GC004,Shopping - All Products,987654321,Vitalis UK,2024-07-24,4967,168,40510000,4.4,263.06,MOBILE,SEARCH_PARTNERS,2024-07-25T00:00:00
GC005,PMax - Wellness,987654321,Vitalis UK,2024-07-24,7084,451,53120000,12.5,568.09,DESKTOP,SEARCH,2024-07-25T00:00:00
GC001,Brand - Vitalis,987654321,Vitalis UK,2024-07-25,1633,105,27130000,7.3,415.98,DESKTOP,SEARCH,2024-07-26T00:00:00
GC002,Non-Brand - CBD Oil UK,987654321,Vitalis UK,2024-07-25,6645,410,59950000,13.0,630.34,MOBILE,SEARCH,2024-07-26T00:00:00
GC003,Non-Brand - Supplements UK,987654321,Vitalis UK,2024-07-25,4515,153,58420000,3.0,107.33,MOBILE,SEARCH,2024-07-26T00:00:00
GC004,Shopping - All Products,987654321,Vitalis UK,2024-07-25,5777,237,47900000,8.2,502.69,TABLET,SEARCH_PARTNERS,2024-07-26T00:00:00
GC005,PMax - Wellness,987654321,Vitalis UK,2024-07-25,7160,479,62130000,16.6,1024.2,DESKTOP,SEARCH,2024-07-26T00:00:00
GC001,Brand - Vitalis,987654321,Vitalis UK,2024-07-26,3067,201,25150000,18.6,1207.36,DESKTOP,SEARCH,2024-07-27T00:00:00
GC002,Non-Brand - CBD Oil UK,987654321,Vitalis UK,2024-07-26,7034,235,52000000,4.5,287.99,MOBILE,SEARCH,2024-07-27T00:00:00
GC003,Non-Brand - Supplements UK,987654321,Vitalis UK,2024-07-26,5722,204,48900000,4.7,174.65,TABLET,SEARCH,2024-07-27T00:00:00
GC004,Shopping - All Products,987654321,Vitalis UK,2024-07-26,5686,301,41210000,7.4,299.12,DESKTOP,SEARCH_PARTNERS,2024-07-27T00:00:00
GC005,PMax - Wellness,987654321,Vitalis UK,2024-07-26,4579,161,64480000,5.9,344.23,DESKTOP,SEARCH,2024-07-27T00:00:00
GC001,Brand - Vitalis,987654321,Vitalis UK,2024-07-27,3506,159,29860000,13.8,741.02,TABLET,SEARCH,2024-07-28T00:00:00
GC002,Non-Brand - CBD Oil UK,987654321,Vitalis UK,2024-07-27,4247,208,59440000,4.5,231.87,TABLET,SEARCH,2024-07-28T00:00:00
GC003,Non-Brand - Supplements UK,987654321,Vitalis UK,2024-07-27,8745,547,58870000,16.2,687.43,TABLET,SEARCH,2024-07-28T00:00:00
GC004,Shopping - All Products,987654321,Vitalis UK,2024-07-27,6599,447,49980000,13.3,636.45,MOBILE,SEARCH_PARTNERS,2024-07-28T00:00:00
GC005,PMax - Wellness,987654321,Vitalis UK,2024-07-27,8377,492,66280000,16.1,1013.02,DESKTOP,SEARCH,2024-07-28T00:00:00
GC001,Brand - Vitalis,987654321,Vitalis UK,2024-07-28,3162,196,29100000,16.4,796.51,DESKTOP,SEARCH,2024-07-29T00:00:00
GC002,Non-Brand - CBD Oil UK,987654321,Vitalis UK,2024-07-28,3358,106,54620000,2.7,168.4,DESKTOP,SEARCH,2024-07-29T00:00:00
GC003,Non-Brand - Supplements UK,987654321,Vitalis UK,2024-07-28,4516,238,57850000,6.5,328.4,DESKTOP,SEARCH,2024-07-29T00:00:00
GC004,Shopping - All Products,987654321,Vitalis UK,2024-07-28,4813,198,45340000,5.2,284.79,DESKTOP,SEARCH_PARTNERS,2024-07-29T00:00:00
GC005,PMax - Wellness,987654321,Vitalis UK,2024-07-28,6057,356,64080000,10.6,569.53,MOBILE,SEARCH,2024-07-29T00:00:00
GC001,Brand - Vitalis,987654321,Vitalis UK,2024-07-29,3120,184,22890000,15.1,869.45,DESKTOP,SEARCH,2024-07-30T00:00:00
GC002,Non-Brand - CBD Oil UK,987654321,Vitalis UK,2024-07-29,6335,293,54780000,8.1,377.01,TABLET,SEARCH,2024-07-30T00:00:00
GC003,Non-Brand - Supplements UK,987654321,Vitalis UK,2024-07-29,6975,397,51650000,12.4,681.51,DESKTOP,SEARCH,2024-07-30T00:00:00
GC004,Shopping - All Products,987654321,Vitalis UK,2024-07-29,3030,115,36630000,3.0,180.66,TABLET,SEARCH_PARTNERS,2024-07-30T00:00:00
GC005,PMax - Wellness,987654321,Vitalis UK,2024-07-29,4253,162,66500000,5.6,317.19,DESKTOP,SEARCH,2024-07-30T00:00:00
GC001,Brand - Vitalis,987654321,Vitalis UK,2024-07-30,2334,143,31890000,12.3,764.11,TABLET,SEARCH,2024-07-31T00:00:00
GC002,Non-Brand - CBD Oil UK,987654321,Vitalis UK,2024-07-30,7571,397,66060000,12.7,543.06,TABLET,SEARCH,2024-07-31T00:00:00
GC003,Non-Brand - Supplements UK,987654321,Vitalis UK,2024-07-30,6909,364,51780000,9.6,495.36,TABLET,SEARCH,2024-07-31T00:00:00
GC004,Shopping - All Products,987654321,Vitalis UK,2024-07-30,6737,364,55130000,9.8,499.19,DESKTOP,SEARCH_PARTNERS,2024-07-31T00:00:00
GC005,PMax - Wellness,987654321,Vitalis UK,2024-07-30,5307,290,57950000,10.3,536.42,TABLET,SEARCH,2024-07-31T00:00:00
GC001,Brand - Vitalis,987654321,Vitalis UK,2024-07-31,2303,142,29610000,10.9,426.11,MOBILE,SEARCH,2024-08-01T00:00:00
GC002,Non-Brand - CBD Oil UK,987654321,Vitalis UK,2024-07-31,6830,216,47390000,6.3,354.48,DESKTOP,SEARCH,2024-08-01T00:00:00
GC003,Non-Brand - Supplements UK,987654321,Vitalis UK,2024-07-31,4501,257,55700000,4.5,279.64,MOBILE,SEARCH,2024-08-01T00:00:00
GC004,Shopping - All Products,987654321,Vitalis UK,2024-07-31,5072,162,38950000,5.0,240.45,MOBILE,SEARCH_PARTNERS,2024-08-01T00:00:00
GC005,PMax - Wellness,987654321,Vitalis UK,2024-07-31,8144,421,58860000,15.5,633.89,DESKTOP,SEARCH,2024-08-01T00:00:00
GC001,Brand - Vitalis,987654321,Vitalis UK,2024-08-01,2639,121,25500000,7.4,393.89,TABLET,SEARCH,2024-08-02T00:00:00
GC002,Non-Brand - CBD Oil UK,987654321,Vitalis UK,2024-08-01,4300,185,53510000,3.3,132.29,MOBILE,SEARCH,2024-08-02T00:00:00
GC003,Non-Brand - Supplements UK,987654321,Vitalis UK,2024-08-01,7636,273,58740000,5.1,220.62,DESKTOP,SEARCH,2024-08-02T00:00:00
GC004,Shopping - All Products,987654321,Vitalis UK,2024-08-01,4938,254,54530000,10.9,412.0,TABLET,SEARCH_PARTNERS,2024-08-02T00:00:00
GC005,PMax - Wellness,987654321,Vitalis UK,2024-08-01,8573,364,75890000,11.7,497.67,TABLET,SEARCH,2024-08-02T00:00:00
GC001,Brand - Vitalis,987654321,Vitalis UK,2024-08-02,2884,118,26050000,8.0,377.16,TABLET,SEARCH,2024-08-03T00:00:00
GC002,Non-Brand - CBD Oil UK,987654321,Vitalis UK,2024-08-02,3605,205,53890000,6.4,296.59,TABLET,SEARCH,2024-08-03T00:00:00
GC003,Non-Brand - Supplements UK,987654321,Vitalis UK,2024-08-02,8922,328,62550000,8.6,501.58,DESKTOP,SEARCH,2024-08-03T00:00:00
GC004,Shopping - All Products,987654321,Vitalis UK,2024-08-02,5543,312,55570000,11.8,651.0,TABLET,SEARCH_PARTNERS,2024-08-03T00:00:00
GC005,PMax - Wellness,987654321,Vitalis UK,2024-08-02,5837,348,64550000,9.6,439.66,MOBILE,SEARCH,2024-08-03T00:00:00
GC001,Brand - Vitalis,987654321,Vitalis UK,2024-08-03,2446,88,26610000,7.7,460.46,DESKTOP,SEARCH,2024-08-04T00:00:00
GC002,Non-Brand - CBD Oil UK,987654321,Vitalis UK,2024-08-03,7883,283,59910000,6.0,310.22,DESKTOP,SEARCH,2024-08-04T00:00:00
GC003,Non-Brand - Supplements UK,987654321,Vitalis UK,2024-08-03,5457,179,48040000,3.2,160.17,DESKTOP,SEARCH,2024-08-04T00:00:00
GC004,Shopping - All Products,987654321,Vitalis UK,2024-08-03,3454,237,50230000,10.6,600.22,DESKTOP,SEARCH_PARTNERS,2024-08-04T00:00:00
GC005,PMax - Wellness,987654321,Vitalis UK,2024-08-03,3946,133,58130000,3.4,127.8,TABLET,SEARCH,2024-08-04T00:00:00
GC001,Brand - Vitalis,987654321,Vitalis UK,2024-08-04,3193,140,27530000,11.4,593.82,TABLET,SEARCH,2024-08-05T00:00:00
GC002,Non-Brand - CBD Oil UK,987654321,Vitalis UK,2024-08-04,4952,184,68080000,5.9,328.68,MOBILE,SEARCH,2024-08-05T00:00:00
GC003,Non-Brand - Supplements UK,987654321,Vitalis UK,2024-08-04,5831,184,58350000,5.5,335.57,TABLET,SEARCH,2024-08-05T00:00:00
GC004,Shopping - All Products,987654321,Vitalis UK,2024-08-04,5304,219,48660000,8.0,414.33,DESKTOP,SEARCH_PARTNERS,2024-08-05T00:00:00
GC005,PMax - Wellness,987654321,Vitalis UK,2024-08-04,6417,426,76700000,12.8,555.52,DESKTOP,SEARCH,2024-08-05T00:00:00
GC001,Brand - Vitalis,987654321,Vitalis UK,2024-08-05,2722,149,27010000,11.0,525.33,DESKTOP,SEARCH,2024-08-06T00:00:00
GC002,Non-Brand - CBD Oil UK,987654321,Vitalis UK,2024-08-05,5180,212,51120000,5.4,318.31,MOBILE,SEARCH,2024-08-06T00:00:00
GC003,Non-Brand - Supplements UK,987654321,Vitalis UK,2024-08-05,6192,257,56740000,6.3,373.73,MOBILE,SEARCH,2024-08-06T00:00:00
GC004,Shopping - All Products,987654321,Vitalis UK,2024-08-05,4135,246,54770000,7.3,263.4,DESKTOP,SEARCH_PARTNERS,2024-08-06T00:00:00
GC005,PMax - Wellness,987654321,Vitalis UK,2024-08-05,8199,406,69830000,14.8,956.15,MOBILE,SEARCH,2024-08-06T00:00:00
GC001,Brand - Vitalis,987654321,Vitalis UK,2024-08-06,3016,202,29190000,17.4,626.35,DESKTOP,SEARCH,2024-08-07T00:00:00
GC002,Non-Brand - CBD Oil UK,987654321,Vitalis UK,2024-08-06,8223,252,61970000,6.4,374.87,MOBILE,SEARCH,2024-08-07T00:00:00
GC003,Non-Brand - Supplements UK,987654321,Vitalis UK,2024-08-06,3727,259,50830000,4.8,262.29,MOBILE,SEARCH,2024-08-07T00:00:00
GC004,Shopping - All Products,987654321,Vitalis UK,2024-08-06,2717,143,43770000,6.1,274.6,MOBILE,SEARCH_PARTNERS,2024-08-07T00:00:00
GC005,PMax - Wellness,987654321,Vitalis UK,2024-08-06,8628,598,63620000,22.4,1179.8,MOBILE,SEARCH,2024-08-07T00:00:00
GC001,Brand - Vitalis,987654321,Vitalis UK,2024-08-07,1861,120,25440000,11.6,615.47,TABLET,SEARCH,2024-08-08T00:00:00
GC002,Non-Brand - CBD Oil UK,987654321,Vitalis UK,2024-08-07,6419,250,46780000,6.8,409.69,MOBILE,SEARCH,2024-08-08T00:00:00
GC003,Non-Brand - Supplements UK,987654321,Vitalis UK,2024-08-07,4505,282,45350000,7.4,334.86,TABLET,SEARCH,2024-08-08T00:00:00
GC004,Shopping - All Products,987654321,Vitalis UK,2024-08-07,3710,134,39080000,6.0,376.62,DESKTOP,SEARCH_PARTNERS,2024-08-08T00:00:00
GC005,PMax - Wellness,987654321,Vitalis UK,2024-08-07,7109,472,69770000,11.8,709.87,DESKTOP,SEARCH,2024-08-08T00:00:00
GC001,Brand - Vitalis,987654321,Vitalis UK,2024-08-08,3225,142,28360000,11.9,502.85,TABLET,SEARCH,2024-08-09T00:00:00
GC002,Non-Brand - CBD Oil UK,987654321,Vitalis UK,2024-08-08,7248,362,55420000,10.5,373.54,DESKTOP,SEARCH,2024-08-09T00:00:00
GC003,Non-Brand - Supplements UK,987654321,Vitalis UK,2024-08-08,6496,446,55220000,10.2,574.01,TABLET,SEARCH,2024-08-09T00:00:00
GC004,Shopping - All Products,987654321,Vitalis UK,2024-08-08,3895,192,50150000,5.3,323.57,MOBILE,SEARCH_PARTNERS,2024-08-09T00:00:00
GC005,PMax - Wellness,987654321,Vitalis UK,2024-08-08,8187,539,58280000,17.2,808.6,DESKTOP,SEARCH,2024-08-09T00:00:00
GC001,Brand - Vitalis,987654321,Vitalis UK,2024-08-09,4344,162,30530000,11.5,523.62,MOBILE,SEARCH,2024-08-10T00:00:00
GC002,Non-Brand - CBD Oil UK,987654321,Vitalis UK,2024-08-09,7957,381,63790000,9.4,578.55,MOBILE,SEARCH,2024-08-10T00:00:00
GC003,Non-Brand - Supplements UK,987654321,Vitalis UK,2024-08-09,6238,282,56940000,8.5,405.05,DESKTOP,SEARCH,2024-08-10T00:00:00
GC004,Shopping - All Products,987654321,Vitalis UK,2024-08-09,3670,190,45040000,8.4,325.13,DESKTOP,SEARCH_PARTNERS,2024-08-10T00:00:00
GC005,PMax - Wellness,987654321,Vitalis UK,2024-08-09,6718,261,67310000,5.7,334.57,DESKTOP,SEARCH,2024-08-10T00:00:00
GC001,Brand - Vitalis,987654321,Vitalis UK,2024-08-10,2746,91,27980000,5.2,230.26,TABLET,SEARCH,2024-08-11T00:00:00
GC002,Non-Brand - CBD Oil UK,987654321,Vitalis UK,2024-08-10,3713,187,58710000,5.8,290.8,DESKTOP,SEARCH,2024-08-11T00:00:00
GC003,Non-Brand - Supplements UK,987654321,Vitalis UK,2024-08-10,6658,306,48170000,8.4,386.44,MOBILE,SEARCH,2024-08-11T00:00:00
GC004,Shopping - All Products,987654321,Vitalis UK,2024-08-10,6671,403,49520000,15.3,560.84,DESKTOP,SEARCH_PARTNERS,2024-08-11T00:00:00
GC005,PMax - Wellness,987654321,Vitalis UK,2024-08-10,9460,553,72030000,13.7,824.62,TABLET,SEARCH,2024-08-11T00:00:00
GC001,Brand - Vitalis,987654321,Vitalis UK,2024-08-11,2254,154,28600000,10.2,580.1,TABLET,SEARCH,2024-08-12T00:00:00
GC002,Non-Brand - CBD Oil UK,987654321,Vitalis UK,2024-08-11,4929,340,56350000,8.6,453.94,MOBILE,SEARCH,2024-08-12T00:00:00
GC003,Non-Brand - Supplements UK,987654321,Vitalis UK,2024-08-11,3272,119,47040000,3.8,154.58,MOBILE,SEARCH,2024-08-12T00:00:00
GC004,Shopping - All Products,987654321,Vitalis UK,2024-08-11,4586,231,51910000,10.3,489.27,TABLET,SEARCH_PARTNERS,2024-08-12T00:00:00
GC005,PMax - Wellness,987654321,Vitalis UK,2024-08-11,5429,197,63190000,5.3,341.01,TABLET,SEARCH,2024-08-12T00:00:00
GC001,Brand - Vitalis,987654321,Vitalis UK,2024-08-12,1796,76,24340000,6.7,313.88,MOBILE,SEARCH,2024-08-13T00:00:00
GC002,Non-Brand - CBD Oil UK,987654321,Vitalis UK,2024-08-12,4045,175,50080000,3.7,202.48,DESKTOP,SEARCH,2024-08-13T00:00:00
GC003,Non-Brand - Supplements UK,987654321,Vitalis UK,2024-08-12,6679,223,47840000,4.3,156.09,MOBILE,SEARCH,2024-08-13T00:00:00
GC004,Shopping - All Products,987654321,Vitalis UK,2024-08-12,3985,271,43600000,7.6,308.46,DESKTOP,SEARCH_PARTNERS,2024-08-13T00:00:00
GC005,PMax - Wellness,987654321,Vitalis UK,2024-08-12,4242,269,68030000,8.4,443.94,TABLET,SEARCH,2024-08-13T00:00:00
GC001,Brand - Vitalis,987654321,Vitalis UK,2024-08-13,4278,269,31110000,25.4,1540.09,MOBILE,SEARCH,2024-08-14T00:00:00
GC002,Non-Brand - CBD Oil UK,987654321,Vitalis UK,2024-08-13,6610,301,60350000,9.7,342.14,DESKTOP,SEARCH,2024-08-14T00:00:00
GC003,Non-Brand - Supplements UK,987654321,Vitalis UK,2024-08-13,5889,326,57210000,9.6,499.09,MOBILE,SEARCH,2024-08-14T00:00:00
GC004,Shopping - All Products,987654321,Vitalis UK,2024-08-13,5904,185,56220000,6.8,397.07,DESKTOP,SEARCH_PARTNERS,2024-08-14T00:00:00
GC005,PMax - Wellness,987654321,Vitalis UK,2024-08-13,6386,217,72240000,5.4,260.39,MOBILE,SEARCH,2024-08-14T00:00:00
GC001,Brand - Vitalis,987654321,Vitalis UK,2024-08-14,3132,183,28440000,13.7,571.99,DESKTOP,SEARCH,2024-08-15T00:00:00
GC002,Non-Brand - CBD Oil UK,987654321,Vitalis UK,2024-08-14,3232,180,48620000,5.7,248.94,MOBILE,SEARCH,2024-08-15T00:00:00
GC003,Non-Brand - Supplements UK,987654321,Vitalis UK,2024-08-14,5365,267,59790000,7.0,246.13,MOBILE,SEARCH,2024-08-15T00:00:00
GC004,Shopping - All Products,987654321,Vitalis UK,2024-08-14,5311,220,47150000,8.7,520.69,TABLET,SEARCH_PARTNERS,2024-08-15T00:00:00
GC005,PMax - Wellness,987654321,Vitalis UK,2024-08-14,4716,308,64550000,8.7,442.61,DESKTOP,SEARCH,2024-08-15T00:00:00
GC001,Brand - Vitalis,987654321,Vitalis UK,2024-08-15,3688,193,26440000,19.0,1205.99,DESKTOP,SEARCH,2024-08-16T00:00:00
GC002,Non-Brand - CBD Oil UK,987654321,Vitalis UK,2024-08-15,5638,359,64940000,6.6,384.2,DESKTOP,SEARCH,2024-08-16T00:00:00
GC003,Non-Brand - Supplements UK,987654321,Vitalis UK,2024-08-15,4836,242,55590000,6.1,239.23,DESKTOP,SEARCH,2024-08-16T00:00:00
GC004,Shopping - All Products,987654321,Vitalis UK,2024-08-15,3600,247,53480000,6.1,354.0,DESKTOP,SEARCH_PARTNERS,2024-08-16T00:00:00
GC005,PMax - Wellness,987654321,Vitalis UK,2024-08-15,5642,212,71890000,4.9,192.4,TABLET,SEARCH,2024-08-16T00:00:00
GC001,Brand - Vitalis,987654321,Vitalis UK,2024-08-16,2360,133,29800000,11.7,420.31,MOBILE,SEARCH,2024-08-17T00:00:00
GC002,Non-Brand - CBD Oil UK,987654321,Vitalis UK,2024-08-16,4527,200,54510000,6.3,237.11,TABLET,SEARCH,2024-08-17T00:00:00
GC003,Non-Brand - Supplements UK,987654321,Vitalis UK,2024-08-16,3490,146,49320000,3.9,151.86,DESKTOP,SEARCH,2024-08-17T00:00:00
GC004,Shopping - All Products,987654321,Vitalis UK,2024-08-16,6375,395,48370000,10.2,370.13,TABLET,SEARCH_PARTNERS,2024-08-17T00:00:00
GC005,PMax - Wellness,987654321,Vitalis UK,2024-08-16,4415,285,66940000,9.2,411.47,DESKTOP,SEARCH,2024-08-17T00:00:00
GC001,Brand - Vitalis,987654321,Vitalis UK,2024-08-17,3908,156,29290000,10.4,652.28,DESKTOP,SEARCH,2024-08-18T00:00:00
GC002,Non-Brand - CBD Oil UK,987654321,Vitalis UK,2024-08-17,8710,286,58900000,8.5,455.19,MOBILE,SEARCH,2024-08-18T00:00:00
GC003,Non-Brand - Supplements UK,987654321,Vitalis UK,2024-08-17,6484,246,50770000,5.9,340.68,DESKTOP,SEARCH,2024-08-18T00:00:00
GC004,Shopping - All Products,987654321,Vitalis UK,2024-08-17,7035,287,50990000,8.0,377.76,MOBILE,SEARCH_PARTNERS,2024-08-18T00:00:00
GC005,PMax - Wellness,987654321,Vitalis UK,2024-08-17,5481,260,60280000,9.6,595.55,MOBILE,SEARCH,2024-08-18T00:00:00
GC001,Brand - Vitalis,987654321,Vitalis UK,2024-08-18,2829,113,28260000,10.4,380.82,MOBILE,SEARCH,2024-08-19T00:00:00
GC002,Non-Brand - CBD Oil UK,987654321,Vitalis UK,2024-08-18,3338,163,51470000,3.2,203.3,MOBILE,SEARCH,2024-08-19T00:00:00
GC003,Non-Brand - Supplements UK,987654321,Vitalis UK,2024-08-18,6675,282,65650000,8.5,340.3,MOBILE,SEARCH,2024-08-19T00:00:00
GC004,Shopping - All Products,987654321,Vitalis UK,2024-08-18,7220,332,52310000,14.9,660.95,MOBILE,SEARCH_PARTNERS,2024-08-19T00:00:00
GC005,PMax - Wellness,987654321,Vitalis UK,2024-08-18,5604,360,71570000,9.4,429.83,TABLET,SEARCH,2024-08-19T00:00:00
GC001,Brand - Vitalis,987654321,Vitalis UK,2024-08-19,2621,86,26140000,5.2,330.3,DESKTOP,SEARCH,2024-08-20T00:00:00
GC002,Non-Brand - CBD Oil UK,987654321,Vitalis UK,2024-08-19,3458,231,51460000,4.5,281.76,TABLET,SEARCH,2024-08-20T00:00:00
GC003,Non-Brand - Supplements UK,987654321,Vitalis UK,2024-08-19,6450,258,51570000,7.0,264.37,DESKTOP,SEARCH,2024-08-20T00:00:00
GC004,Shopping - All Products,987654321,Vitalis UK,2024-08-19,6413,429,46790000,17.4,701.25,MOBILE,SEARCH_PARTNERS,2024-08-20T00:00:00
GC005,PMax - Wellness,987654321,Vitalis UK,2024-08-19,7650,517,64500000,10.9,638.78,MOBILE,SEARCH,2024-08-20T00:00:00
GC001,Brand - Vitalis,987654321,Vitalis UK,2024-08-20,1726,53,21980000,5.2,302.33,DESKTOP,SEARCH,2024-08-21T00:00:00
GC002,Non-Brand - CBD Oil UK,987654321,Vitalis UK,2024-08-20,5244,272,47580000,8.3,314.26,TABLET,SEARCH,2024-08-21T00:00:00
GC003,Non-Brand - Supplements UK,987654321,Vitalis UK,2024-08-20,5845,310,43650000,9.8,454.64,DESKTOP,SEARCH,2024-08-21T00:00:00
GC004,Shopping - All Products,987654321,Vitalis UK,2024-08-20,5041,245,47680000,9.3,404.27,MOBILE,SEARCH_PARTNERS,2024-08-21T00:00:00
GC005,PMax - Wellness,987654321,Vitalis UK,2024-08-20,5983,369,68300000,12.8,589.83,MOBILE,SEARCH,2024-08-21T00:00:00
GC001,Brand - Vitalis,987654321,Vitalis UK,2024-08-21,3754,170,25170000,16.9,641.69,MOBILE,SEARCH,2024-08-22T00:00:00
GC002,Non-Brand - CBD Oil UK,987654321,Vitalis UK,2024-08-21,4316,200,50950000,6.5,317.32,TABLET,SEARCH,2024-08-22T00:00:00
GC003,Non-Brand - Supplements UK,987654321,Vitalis UK,2024-08-21,6538,395,55780000,11.4,430.8,TABLET,SEARCH,2024-08-22T00:00:00
GC004,Shopping - All Products,987654321,Vitalis UK,2024-08-21,5110,207,40080000,8.9,501.98,TABLET,SEARCH_PARTNERS,2024-08-22T00:00:00
GC005,PMax - Wellness,987654321,Vitalis UK,2024-08-21,4349,234,69200000,5.8,333.02,MOBILE,SEARCH,2024-08-22T00:00:00
GC001,Brand - Vitalis,987654321,Vitalis UK,2024-08-22,3203,156,28890000,16.1,823.69,TABLET,SEARCH,2024-08-23T00:00:00
GC002,Non-Brand - CBD Oil UK,987654321,Vitalis UK,2024-08-22,7658,533,51250000,13.8,671.41,MOBILE,SEARCH,2024-08-23T00:00:00
GC003,Non-Brand - Supplements UK,987654321,Vitalis UK,2024-08-22,5149,251,64040000,7.0,291.79,MOBILE,SEARCH,2024-08-23T00:00:00
GC004,Shopping - All Products,987654321,Vitalis UK,2024-08-22,3779,123,40680000,3.4,137.39,TABLET,SEARCH_PARTNERS,2024-08-23T00:00:00
GC005,PMax - Wellness,987654321,Vitalis UK,2024-08-22,5230,282,69350000,10.5,462.14,DESKTOP,SEARCH,2024-08-23T00:00:00
GC001,Brand - Vitalis,987654321,Vitalis UK,2024-08-23,3072,180,25190000,18.4,927.18,MOBILE,SEARCH,2024-08-24T00:00:00
GC002,Non-Brand - CBD Oil UK,987654321,Vitalis UK,2024-08-23,5959,271,63230000,8.0,348.04,DESKTOP,SEARCH,2024-08-24T00:00:00
GC003,Non-Brand - Supplements UK,987654321,Vitalis UK,2024-08-23,4938,183,50000000,4.5,167.95,MOBILE,SEARCH,2024-08-24T00:00:00
GC004,Shopping - All Products,987654321,Vitalis UK,2024-08-23,6286,296,47870000,12.7,719.83,DESKTOP,SEARCH_PARTNERS,2024-08-24T00:00:00
GC005,PMax - Wellness,987654321,Vitalis UK,2024-08-23,8479,339,62410000,9.5,504.87,DESKTOP,SEARCH,2024-08-24T00:00:00
GC001,Brand - Vitalis,987654321,Vitalis UK,2024-08-24,1914,116,31670000,7.4,342.65,TABLET,SEARCH,2024-08-25T00:00:00
GC002,Non-Brand - CBD Oil UK,987654321,Vitalis UK,2024-08-24,6480,239,65300000,7.1,436.1,MOBILE,SEARCH,2024-08-25T00:00:00
GC003,Non-Brand - Supplements UK,987654321,Vitalis UK,2024-08-24,4396,244,49320000,7.7,368.33,TABLET,SEARCH,2024-08-25T00:00:00
GC004,Shopping - All Products,987654321,Vitalis UK,2024-08-24,4876,212,49520000,7.7,274.71,MOBILE,SEARCH_PARTNERS,2024-08-25T00:00:00
GC005,PMax - Wellness,987654321,Vitalis UK,2024-08-24,8699,560,76990000,18.2,1063.6,TABLET,SEARCH,2024-08-25T00:00:00
GC001,Brand - Vitalis,987654321,Vitalis UK,2024-08-25,4381,170,30580000,9.7,536.74,DESKTOP,SEARCH,2024-08-26T00:00:00
GC002,Non-Brand - CBD Oil UK,987654321,Vitalis UK,2024-08-25,6768,294,60330000,9.4,378.42,MOBILE,SEARCH,2024-08-26T00:00:00
GC003,Non-Brand - Supplements UK,987654321,Vitalis UK,2024-08-25,8537,565,64209999,17.1,1061.22,MOBILE,SEARCH,2024-08-26T00:00:00
GC004,Shopping - All Products,987654321,Vitalis UK,2024-08-25,4426,275,43660000,11.1,528.76,TABLET,SEARCH_PARTNERS,2024-08-26T00:00:00
GC005,PMax - Wellness,987654321,Vitalis UK,2024-08-25,4573,144,66870000,4.9,208.92,TABLET,SEARCH,2024-08-26T00:00:00
GC001,Brand - Vitalis,987654321,Vitalis UK,2024-08-26,2064,124,29670000,7.6,312.55,TABLET,SEARCH,2024-08-27T00:00:00
GC002,Non-Brand - CBD Oil UK,987654321,Vitalis UK,2024-08-26,4970,257,57170000,6.6,329.69,DESKTOP,SEARCH,2024-08-27T00:00:00
GC003,Non-Brand - Supplements UK,987654321,Vitalis UK,2024-08-26,6046,393,62450000,10.5,597.75,MOBILE,SEARCH,2024-08-27T00:00:00
GC004,Shopping - All Products,987654321,Vitalis UK,2024-08-26,4725,322,47980000,12.8,659.76,MOBILE,SEARCH_PARTNERS,2024-08-27T00:00:00
GC005,PMax - Wellness,987654321,Vitalis UK,2024-08-26,8643,472,73980000,15.1,771.67,DESKTOP,SEARCH,2024-08-27T00:00:00
GC001,Brand - Vitalis,987654321,Vitalis UK,2024-08-27,3367,174,27610000,13.1,620.92,MOBILE,SEARCH,2024-08-28T00:00:00
GC002,Non-Brand - CBD Oil UK,987654321,Vitalis UK,2024-08-27,3000,124,49630000,3.8,214.98,MOBILE,SEARCH,2024-08-28T00:00:00
GC003,Non-Brand - Supplements UK,987654321,Vitalis UK,2024-08-27,7030,421,55020000,9.6,420.47,MOBILE,SEARCH,2024-08-28T00:00:00
GC004,Shopping - All Products,987654321,Vitalis UK,2024-08-27,5078,209,38760000,7.7,341.51,TABLET,SEARCH_PARTNERS,2024-08-28T00:00:00
GC005,PMax - Wellness,987654321,Vitalis UK,2024-08-27,9476,549,68540000,12.2,475.02,MOBILE,SEARCH,2024-08-28T00:00:00
GC001,Brand - Vitalis,987654321,Vitalis UK,2024-08-28,1923,76,27550000,7.8,456.71,DESKTOP,SEARCH,2024-08-29T00:00:00
GC002,Non-Brand - CBD Oil UK,987654321,Vitalis UK,2024-08-28,5644,243,46810000,6.7,316.35,MOBILE,SEARCH,2024-08-29T00:00:00
GC003,Non-Brand - Supplements UK,987654321,Vitalis UK,2024-08-28,5781,248,54410000,7.1,325.42,DESKTOP,SEARCH,2024-08-29T00:00:00
GC004,Shopping - All Products,987654321,Vitalis UK,2024-08-28,5996,274,49580000,9.1,385.72,MOBILE,SEARCH_PARTNERS,2024-08-29T00:00:00
GC005,PMax - Wellness,987654321,Vitalis UK,2024-08-28,3789,204,55200000,7.3,295.5,MOBILE,SEARCH,2024-08-29T00:00:00
GC001,Brand - Vitalis,987654321,Vitalis UK,2024-08-29,3253,109,32770000,11.2,446.78,TABLET,SEARCH,2024-08-30T00:00:00
GC002,Non-Brand - CBD Oil UK,987654321,Vitalis UK,2024-08-29,3253,143,52220000,4.4,221.5,DESKTOP,SEARCH,2024-08-30T00:00:00
GC003,Non-Brand - Supplements UK,987654321,Vitalis UK,2024-08-29,6737,211,62930000,5.3,233.31,TABLET,SEARCH,2024-08-30T00:00:00
GC004,Shopping - All Products,987654321,Vitalis UK,2024-08-29,5082,288,50100000,7.1,313.08,TABLET,SEARCH_PARTNERS,2024-08-30T00:00:00
GC005,PMax - Wellness,987654321,Vitalis UK,2024-08-29,6785,302,72910000,9.8,388.18,DESKTOP,SEARCH,2024-08-30T00:00:00
GC001,Brand - Vitalis,987654321,Vitalis UK,2024-08-30,2681,114,24610000,10.3,493.25,MOBILE,SEARCH,2024-08-31T00:00:00
GC002,Non-Brand - CBD Oil UK,987654321,Vitalis UK,2024-08-30,7722,358,55500000,9.7,356.88,MOBILE,SEARCH,2024-08-31T00:00:00
GC003,Non-Brand - Supplements UK,987654321,Vitalis UK,2024-08-30,3868,254,44290000,8.2,521.3,TABLET,SEARCH,2024-08-31T00:00:00
GC004,Shopping - All Products,987654321,Vitalis UK,2024-08-30,6812,440,48030000,17.7,741.72,DESKTOP,SEARCH_PARTNERS,2024-08-31T00:00:00
GC005,PMax - Wellness,987654321,Vitalis UK,2024-08-30,8300,465,67860000,17.2,697.46,DESKTOP,SEARCH,2024-08-31T00:00:00
GC001,Brand - Vitalis,987654321,Vitalis UK,2024-08-31,3697,238,24700000,19.9,896.0,MOBILE,SEARCH,2024-09-01T00:00:00
GC002,Non-Brand - CBD Oil UK,987654321,Vitalis UK,2024-08-31,4678,309,53570000,9.8,497.52,MOBILE,SEARCH,2024-09-01T00:00:00
GC003,Non-Brand - Supplements UK,987654321,Vitalis UK,2024-08-31,7837,413,61670000,12.4,478.39,TABLET,SEARCH,2024-09-01T00:00:00
GC004,Shopping - All Products,987654321,Vitalis UK,2024-08-31,6375,331,45380000,14.2,812.71,TABLET,SEARCH_PARTNERS,2024-09-01T00:00:00
GC005,PMax - Wellness,987654321,Vitalis UK,2024-08-31,6561,250,65819999,5.4,205.43,DESKTOP,SEARCH,2024-09-01T00:00:00
GC001,Brand - Vitalis,987654321,Vitalis UK,2024-09-01,3873,155,30000000,11.1,448.73,DESKTOP,SEARCH,2024-09-02T00:00:00
GC002,Non-Brand - CBD Oil UK,987654321,Vitalis UK,2024-09-01,6163,309,56780000,5.5,275.55,MOBILE,SEARCH,2024-09-02T00:00:00
GC003,Non-Brand - Supplements UK,987654321,Vitalis UK,2024-09-01,8791,385,61970000,12.3,706.55,DESKTOP,SEARCH,2024-09-02T00:00:00
GC004,Shopping - All Products,987654321,Vitalis UK,2024-09-01,3686,223,48280000,9.9,396.03,TABLET,SEARCH_PARTNERS,2024-09-02T00:00:00
GC005,PMax - Wellness,987654321,Vitalis UK,2024-09-01,4552,306,73970000,11.3,656.88,TABLET,SEARCH,2024-09-02T00:00:00
GC001,Brand - Vitalis,987654321,Vitalis UK,2024-09-02,4183,202,32360000,17.1,675.28,DESKTOP,SEARCH,2024-09-03T00:00:00
GC002,Non-Brand - CBD Oil UK,987654321,Vitalis UK,2024-09-02,5277,319,64709999,6.9,330.14,DESKTOP,SEARCH,2024-09-03T00:00:00
GC003,Non-Brand - Supplements UK,987654321,Vitalis UK,2024-09-02,9099,622,67440000,18.2,674.32,DESKTOP,SEARCH,2024-09-03T00:00:00
GC004,Shopping - All Products,987654321,Vitalis UK,2024-09-02,5443,255,53270000,9.5,501.79,DESKTOP,SEARCH_PARTNERS,2024-09-03T00:00:00
GC005,PMax - Wellness,987654321,Vitalis UK,2024-09-02,8305,546,72740000,20.6,1168.79,MOBILE,SEARCH,2024-09-03T00:00:00
GC001,Brand - Vitalis,987654321,Vitalis UK,2024-09-03,2346,155,29110000,9.4,458.92,TABLET,SEARCH,2024-09-04T00:00:00
GC002,Non-Brand - CBD Oil UK,987654321,Vitalis UK,2024-09-03,8613,359,63920000,6.7,382.72,DESKTOP,SEARCH,2024-09-04T00:00:00
GC003,Non-Brand - Supplements UK,987654321,Vitalis UK,2024-09-03,8931,476,65300000,14.2,738.29,MOBILE,SEARCH,2024-09-04T00:00:00
GC004,Shopping - All Products,987654321,Vitalis UK,2024-09-03,4261,225,49090000,7.7,312.14,DESKTOP,SEARCH_PARTNERS,2024-09-04T00:00:00
GC005,PMax - Wellness,987654321,Vitalis UK,2024-09-03,9366,552,87060000,14.1,730.37,DESKTOP,SEARCH,2024-09-04T00:00:00
GC001,Brand - Vitalis,987654321,Vitalis UK,2024-09-04,3966,138,33890000,10.5,534.04,TABLET,SEARCH,2024-09-05T00:00:00
GC002,Non-Brand - CBD Oil UK,987654321,Vitalis UK,2024-09-04,4728,246,66330000,5.3,260.09,DESKTOP,SEARCH,2024-09-05T00:00:00
GC003,Non-Brand - Supplements UK,987654321,Vitalis UK,2024-09-04,9907,672,67099999,17.1,618.14,TABLET,SEARCH,2024-09-05T00:00:00
GC004,Shopping - All Products,987654321,Vitalis UK,2024-09-04,7720,285,63110000,11.5,500.3,TABLET,SEARCH_PARTNERS,2024-09-05T00:00:00
GC005,PMax - Wellness,987654321,Vitalis UK,2024-09-04,9522,337,86030000,12.0,669.78,MOBILE,SEARCH,2024-09-05T00:00:00
GC001,Brand - Vitalis,987654321,Vitalis UK,2024-09-05,3850,191,27060000,17.9,700.48,DESKTOP,SEARCH,2024-09-06T00:00:00
GC002,Non-Brand - CBD Oil UK,987654321,Vitalis UK,2024-09-05,6316,317,68020000,5.8,283.79,MOBILE,SEARCH,2024-09-06T00:00:00
GC003,Non-Brand - Supplements UK,987654321,Vitalis UK,2024-09-05,3617,229,59440000,5.3,306.73,MOBILE,SEARCH,2024-09-06T00:00:00
GC004,Shopping - All Products,987654321,Vitalis UK,2024-09-05,6973,354,49690000,13.8,530.27,DESKTOP,SEARCH_PARTNERS,2024-09-06T00:00:00
GC005,PMax - Wellness,987654321,Vitalis UK,2024-09-05,12137,626,81670000,23.2,1397.91,TABLET,SEARCH,2024-09-06T00:00:00
GC001,Brand - Vitalis,987654321,Vitalis UK,2024-09-06,4566,151,35350000,14.0,565.49,TABLET,SEARCH,2024-09-07T00:00:00
GC002,Non-Brand - CBD Oil UK,987654321,Vitalis UK,2024-09-06,8892,472,68890000,11.9,519.69,DESKTOP,SEARCH,2024-09-07T00:00:00
GC003,Non-Brand - Supplements UK,987654321,Vitalis UK,2024-09-06,6891,376,63510000,8.5,468.54,TABLET,SEARCH,2024-09-07T00:00:00
GC004,Shopping - All Products,987654321,Vitalis UK,2024-09-06,7324,387,58430000,15.1,572.72,MOBILE,SEARCH_PARTNERS,2024-09-07T00:00:00
GC005,PMax - Wellness,987654321,Vitalis UK,2024-09-06,9925,626,68660000,23.7,1046.48,DESKTOP,SEARCH,2024-09-07T00:00:00
GC001,Brand - Vitalis,987654321,Vitalis UK,2024-09-07,2420,100,38040000,9.5,454.11,DESKTOP,SEARCH,2024-09-08T00:00:00
GC002,Non-Brand - CBD Oil UK,987654321,Vitalis UK,2024-09-07,10432,582,69900000,11.5,642.2,DESKTOP,SEARCH,2024-09-08T00:00:00
GC003,Non-Brand - Supplements UK,987654321,Vitalis UK,2024-09-07,8206,407,68320000,11.2,578.33,DESKTOP,SEARCH,2024-09-08T00:00:00
GC004,Shopping - All Products,987654321,Vitalis UK,2024-09-07,3835,256,57280000,7.1,281.04,TABLET,SEARCH_PARTNERS,2024-09-08T00:00:00
GC005,PMax - Wellness,987654321,Vitalis UK,2024-09-07,6502,234,80800000,5.3,241.18,TABLET,SEARCH,2024-09-08T00:00:00
GC001,Brand - Vitalis,987654321,Vitalis UK,2024-09-08,2869,188,31120000,17.1,870.39,MOBILE,SEARCH,2024-09-09T00:00:00
GC002,Non-Brand - CBD Oil UK,987654321,Vitalis UK,2024-09-08,7506,253,54260000,6.4,403.32,TABLET,SEARCH,2024-09-09T00:00:00
GC003,Non-Brand - Supplements UK,987654321,Vitalis UK,2024-09-08,8848,378,65530000,11.2,557.44,TABLET,SEARCH,2024-09-09T00:00:00
GC004,Shopping - All Products,987654321,Vitalis UK,2024-09-08,6022,208,47190000,6.0,345.53,MOBILE,SEARCH_PARTNERS,2024-09-09T00:00:00
GC005,PMax - Wellness,987654321,Vitalis UK,2024-09-08,7642,477,64620000,17.8,969.49,MOBILE,SEARCH,2024-09-09T00:00:00
GC001,Brand - Vitalis,987654321,Vitalis UK,2024-09-09,3964,185,34920000,15.5,626.07,MOBILE,SEARCH,2024-09-10T00:00:00
GC002,Non-Brand - CBD Oil UK,987654321,Vitalis UK,2024-09-09,5801,348,61010000,6.9,375.41,DESKTOP,SEARCH,2024-09-10T00:00:00
GC003,Non-Brand - Supplements UK,987654321,Vitalis UK,2024-09-09,9221,372,69570000,11.7,438.49,TABLET,SEARCH,2024-09-10T00:00:00
GC004,Shopping - All Products,987654321,Vitalis UK,2024-09-09,7576,292,59790000,8.0,363.79,DESKTOP,SEARCH_PARTNERS,2024-09-10T00:00:00
GC005,PMax - Wellness,987654321,Vitalis UK,2024-09-09,7225,320,86540000,8.7,461.91,MOBILE,SEARCH,2024-09-10T00:00:00
GC001,Brand - Vitalis,987654321,Vitalis UK,2024-09-10,3483,203,33170000,18.8,954.96,DESKTOP,SEARCH,2024-09-11T00:00:00
GC002,Non-Brand - CBD Oil UK,987654321,Vitalis UK,2024-09-10,5410,371,52980000,10.0,581.1,DESKTOP,SEARCH,2024-09-11T00:00:00
GC003,Non-Brand - Supplements UK,987654321,Vitalis UK,2024-09-10,3890,184,55920000,5.1,322.97,MOBILE,SEARCH,2024-09-11T00:00:00
GC004,Shopping - All Products,987654321,Vitalis UK,2024-09-10,7628,489,52750000,15.4,849.73,DESKTOP,SEARCH_PARTNERS,2024-09-11T00:00:00
GC005,PMax - Wellness,987654321,Vitalis UK,2024-09-10,6681,369,71540000,13.5,830.33,DESKTOP,SEARCH,2024-09-11T00:00:00
GC001,Brand - Vitalis,987654321,Vitalis UK,2024-09-11,3521,169,35870000,9.7,374.19,DESKTOP,SEARCH,2024-09-12T00:00:00
GC002,Non-Brand - CBD Oil UK,987654321,Vitalis UK,2024-09-11,5843,320,61810000,8.8,329.2,TABLET,SEARCH,2024-09-12T00:00:00
GC003,Non-Brand - Supplements UK,987654321,Vitalis UK,2024-09-11,4989,264,65280000,7.6,431.15,MOBILE,SEARCH,2024-09-12T00:00:00
GC004,Shopping - All Products,987654321,Vitalis UK,2024-09-11,6986,336,58290000,8.6,337.46,TABLET,SEARCH_PARTNERS,2024-09-12T00:00:00
GC005,PMax - Wellness,987654321,Vitalis UK,2024-09-11,10976,364,76630000,13.0,460.68,DESKTOP,SEARCH,2024-09-12T00:00:00
GC001,Brand - Vitalis,987654321,Vitalis UK,2024-09-12,4893,170,37660000,16.3,991.65,DESKTOP,SEARCH,2024-09-13T00:00:00
GC002,Non-Brand - CBD Oil UK,987654321,Vitalis UK,2024-09-12,8943,458,67220000,14.0,893.0,MOBILE,SEARCH,2024-09-13T00:00:00
GC003,Non-Brand - Supplements UK,987654321,Vitalis UK,2024-09-12,5954,197,65230000,5.8,238.94,TABLET,SEARCH,2024-09-13T00:00:00
GC004,Shopping - All Products,987654321,Vitalis UK,2024-09-12,7320,285,59400000,11.4,412.0,MOBILE,SEARCH_PARTNERS,2024-09-13T00:00:00
GC005,PMax - Wellness,987654321,Vitalis UK,2024-09-12,9233,506,69920000,19.0,1008.8,MOBILE,SEARCH,2024-09-13T00:00:00
GC001,Brand - Vitalis,987654321,Vitalis UK,2024-09-13,3766,201,35880000,14.4,586.52,DESKTOP,SEARCH,2024-09-14T00:00:00
GC002,Non-Brand - CBD Oil UK,987654321,Vitalis UK,2024-09-13,9020,410,70730000,7.6,277.81,TABLET,SEARCH,2024-09-14T00:00:00
GC003,Non-Brand - Supplements UK,987654321,Vitalis UK,2024-09-13,5218,180,56600000,5.4,198.37,DESKTOP,SEARCH,2024-09-14T00:00:00
GC004,Shopping - All Products,987654321,Vitalis UK,2024-09-13,6222,217,56680000,7.3,283.02,TABLET,SEARCH_PARTNERS,2024-09-14T00:00:00
GC005,PMax - Wellness,987654321,Vitalis UK,2024-09-13,9992,403,71500000,11.8,521.33,DESKTOP,SEARCH,2024-09-14T00:00:00
GC001,Brand - Vitalis,987654321,Vitalis UK,2024-09-14,5469,286,38940000,29.0,1745.91,TABLET,SEARCH,2024-09-15T00:00:00
GC002,Non-Brand - CBD Oil UK,987654321,Vitalis UK,2024-09-14,4563,221,75150000,5.5,209.66,MOBILE,SEARCH,2024-09-15T00:00:00
GC003,Non-Brand - Supplements UK,987654321,Vitalis UK,2024-09-14,8429,508,59300000,11.2,714.19,DESKTOP,SEARCH,2024-09-15T00:00:00
GC004,Shopping - All Products,987654321,Vitalis UK,2024-09-14,6806,263,54360000,6.8,363.09,DESKTOP,SEARCH_PARTNERS,2024-09-15T00:00:00
GC005,PMax - Wellness,987654321,Vitalis UK,2024-09-14,7231,298,77480000,6.3,224.1,MOBILE,SEARCH,2024-09-15T00:00:00
GC001,Brand - Vitalis,987654321,Vitalis UK,2024-09-15,4455,148,29710000,9.0,568.12,DESKTOP,SEARCH,2024-09-16T00:00:00
GC002,Non-Brand - CBD Oil UK,987654321,Vitalis UK,2024-09-15,3924,236,54740000,4.1,154.6,TABLET,SEARCH,2024-09-16T00:00:00
GC003,Non-Brand - Supplements UK,987654321,Vitalis UK,2024-09-15,7222,320,58240000,6.7,281.26,TABLET,SEARCH,2024-09-16T00:00:00
GC004,Shopping - All Products,987654321,Vitalis UK,2024-09-15,5120,224,55990000,10.2,381.93,MOBILE,SEARCH_PARTNERS,2024-09-16T00:00:00
GC005,PMax - Wellness,987654321,Vitalis UK,2024-09-15,5599,379,67000000,14.6,718.66,TABLET,SEARCH,2024-09-16T00:00:00
GC001,Brand - Vitalis,987654321,Vitalis UK,2024-09-16,2530,100,29010000,10.1,420.13,MOBILE,SEARCH,2024-09-17T00:00:00
GC002,Non-Brand - CBD Oil UK,987654321,Vitalis UK,2024-09-16,8380,481,73660000,12.7,663.08,MOBILE,SEARCH,2024-09-17T00:00:00
GC003,Non-Brand - Supplements UK,987654321,Vitalis UK,2024-09-16,9398,384,75070000,12.1,432.74,TABLET,SEARCH,2024-09-17T00:00:00
GC004,Shopping - All Products,987654321,Vitalis UK,2024-09-16,7274,377,54220000,11.1,609.85,TABLET,SEARCH_PARTNERS,2024-09-17T00:00:00
GC005,PMax - Wellness,987654321,Vitalis UK,2024-09-16,5489,293,88420000,6.3,402.89,DESKTOP,SEARCH,2024-09-17T00:00:00
GC001,Brand - Vitalis,987654321,Vitalis UK,2024-09-17,4084,130,38240000,12.4,546.29,DESKTOP,SEARCH,2024-09-18T00:00:00
GC002,Non-Brand - CBD Oil UK,987654321,Vitalis UK,2024-09-17,8483,335,66860000,5.9,236.57,DESKTOP,SEARCH,2024-09-18T00:00:00
GC003,Non-Brand - Supplements UK,987654321,Vitalis UK,2024-09-17,4778,229,62100000,6.9,378.94,DESKTOP,SEARCH,2024-09-18T00:00:00
GC004,Shopping - All Products,987654321,Vitalis UK,2024-09-17,3345,150,53400000,5.1,284.11,DESKTOP,SEARCH_PARTNERS,2024-09-18T00:00:00
GC005,PMax - Wellness,987654321,Vitalis UK,2024-09-17,6534,280,84170000,8.5,325.01,DESKTOP,SEARCH,2024-09-18T00:00:00
GC001,Brand - Vitalis,987654321,Vitalis UK,2024-09-18,4409,191,31530000,14.9,818.98,TABLET,SEARCH,2024-09-19T00:00:00
GC002,Non-Brand - CBD Oil UK,987654321,Vitalis UK,2024-09-18,9664,522,73940000,13.1,614.13,MOBILE,SEARCH,2024-09-19T00:00:00
GC003,Non-Brand - Supplements UK,987654321,Vitalis UK,2024-09-18,7058,493,61600000,9.3,463.23,DESKTOP,SEARCH,2024-09-19T00:00:00
GC004,Shopping - All Products,987654321,Vitalis UK,2024-09-18,5629,251,55940000,10.3,412.72,TABLET,SEARCH_PARTNERS,2024-09-19T00:00:00
GC005,PMax - Wellness,987654321,Vitalis UK,2024-09-18,8306,522,74890000,12.8,576.45,MOBILE,SEARCH,2024-09-19T00:00:00
GC001,Brand - Vitalis,987654321,Vitalis UK,2024-09-19,3643,155,29850000,14.7,568.33,TABLET,SEARCH,2024-09-20T00:00:00
GC002,Non-Brand - CBD Oil UK,987654321,Vitalis UK,2024-09-19,5543,178,73840000,3.5,147.12,TABLET,SEARCH,2024-09-20T00:00:00
GC003,Non-Brand - Supplements UK,987654321,Vitalis UK,2024-09-19,6416,198,58190000,4.0,249.19,MOBILE,SEARCH,2024-09-20T00:00:00
GC004,Shopping - All Products,987654321,Vitalis UK,2024-09-19,6511,378,47280000,14.1,545.37,DESKTOP,SEARCH_PARTNERS,2024-09-20T00:00:00
GC005,PMax - Wellness,987654321,Vitalis UK,2024-09-19,4993,169,83060000,6.2,289.7,TABLET,SEARCH,2024-09-20T00:00:00
GC001,Brand - Vitalis,987654321,Vitalis UK,2024-09-20,2082,108,33650000,9.2,571.78,MOBILE,SEARCH,2024-09-21T00:00:00
GC002,Non-Brand - CBD Oil UK,987654321,Vitalis UK,2024-09-20,8975,472,65709999,8.9,382.66,DESKTOP,SEARCH,2024-09-21T00:00:00
GC003,Non-Brand - Supplements UK,987654321,Vitalis UK,2024-09-20,6766,288,75250000,5.8,260.96,MOBILE,SEARCH,2024-09-21T00:00:00
GC004,Shopping - All Products,987654321,Vitalis UK,2024-09-20,6208,341,60170000,14.1,699.45,TABLET,SEARCH_PARTNERS,2024-09-21T00:00:00
GC005,PMax - Wellness,987654321,Vitalis UK,2024-09-20,6585,408,81840000,9.5,503.26,DESKTOP,SEARCH,2024-09-21T00:00:00
GC001,Brand - Vitalis,987654321,Vitalis UK,2024-09-21,1719,90,27190000,6.2,341.54,DESKTOP,SEARCH,2024-09-22T00:00:00
GC002,Non-Brand - CBD Oil UK,987654321,Vitalis UK,2024-09-21,5980,187,64819999,5.7,229.12,DESKTOP,SEARCH,2024-09-22T00:00:00
GC003,Non-Brand - Supplements UK,987654321,Vitalis UK,2024-09-21,5051,177,68870000,3.2,138.67,TABLET,SEARCH,2024-09-22T00:00:00
GC004,Shopping - All Products,987654321,Vitalis UK,2024-09-21,7223,494,52210000,16.3,902.29,MOBILE,SEARCH_PARTNERS,2024-09-22T00:00:00
GC005,PMax - Wellness,987654321,Vitalis UK,2024-09-21,5127,273,81860000,7.9,314.68,DESKTOP,SEARCH,2024-09-22T00:00:00
GC001,Brand - Vitalis,987654321,Vitalis UK,2024-09-22,2165,88,33570000,8.7,379.48,DESKTOP,SEARCH,2024-09-23T00:00:00
GC002,Non-Brand - CBD Oil UK,987654321,Vitalis UK,2024-09-22,7397,418,62870000,8.9,472.8,DESKTOP,SEARCH,2024-09-23T00:00:00
GC003,Non-Brand - Supplements UK,987654321,Vitalis UK,2024-09-22,6883,325,63280000,6.1,388.98,MOBILE,SEARCH,2024-09-23T00:00:00
GC004,Shopping - All Products,987654321,Vitalis UK,2024-09-22,7514,436,59800000,16.1,903.15,DESKTOP,SEARCH_PARTNERS,2024-09-23T00:00:00
GC005,PMax - Wellness,987654321,Vitalis UK,2024-09-22,5749,255,67970000,8.8,510.41,TABLET,SEARCH,2024-09-23T00:00:00
GC001,Brand - Vitalis,987654321,Vitalis UK,2024-09-23,4082,171,37670000,13.5,855.67,MOBILE,SEARCH,2024-09-24T00:00:00
GC002,Non-Brand - CBD Oil UK,987654321,Vitalis UK,2024-09-23,7217,460,71590000,11.4,610.4,DESKTOP,SEARCH,2024-09-24T00:00:00
GC003,Non-Brand - Supplements UK,987654321,Vitalis UK,2024-09-23,8363,542,74050000,14.7,739.47,TABLET,SEARCH,2024-09-24T00:00:00
GC004,Shopping - All Products,987654321,Vitalis UK,2024-09-23,6631,330,58820000,8.1,331.27,TABLET,SEARCH_PARTNERS,2024-09-24T00:00:00
GC005,PMax - Wellness,987654321,Vitalis UK,2024-09-23,8344,406,79350000,15.2,619.09,MOBILE,SEARCH,2024-09-24T00:00:00
GC001,Brand - Vitalis,987654321,Vitalis UK,2024-09-24,3605,194,26660000,20.1,1148.57,MOBILE,SEARCH,2024-09-25T00:00:00
GC002,Non-Brand - CBD Oil UK,987654321,Vitalis UK,2024-09-24,6730,459,66790000,14.0,894.24,TABLET,SEARCH,2024-09-25T00:00:00
GC003,Non-Brand - Supplements UK,987654321,Vitalis UK,2024-09-24,5340,216,60660000,3.9,193.48,MOBILE,SEARCH,2024-09-25T00:00:00
GC004,Shopping - All Products,987654321,Vitalis UK,2024-09-24,6937,285,49830000,9.0,420.37,MOBILE,SEARCH_PARTNERS,2024-09-25T00:00:00
GC005,PMax - Wellness,987654321,Vitalis UK,2024-09-24,8081,505,66810000,10.8,557.28,DESKTOP,SEARCH,2024-09-25T00:00:00
GC001,Brand - Vitalis,987654321,Vitalis UK,2024-09-25,2515,86,34240000,7.9,454.56,DESKTOP,SEARCH,2024-09-26T00:00:00
GC002,Non-Brand - CBD Oil UK,987654321,Vitalis UK,2024-09-25,3901,144,57800000,3.6,215.47,DESKTOP,SEARCH,2024-09-26T00:00:00
GC003,Non-Brand - Supplements UK,987654321,Vitalis UK,2024-09-25,6938,324,58760000,9.2,450.7,TABLET,SEARCH,2024-09-26T00:00:00
GC004,Shopping - All Products,987654321,Vitalis UK,2024-09-25,3003,124,48590000,4.2,197.09,TABLET,SEARCH_PARTNERS,2024-09-26T00:00:00
GC005,PMax - Wellness,987654321,Vitalis UK,2024-09-25,8841,421,73300000,12.4,568.58,TABLET,SEARCH,2024-09-26T00:00:00
GC001,Brand - Vitalis,987654321,Vitalis UK,2024-09-26,3248,162,35590000,14.4,898.16,TABLET,SEARCH,2024-09-27T00:00:00
GC002,Non-Brand - CBD Oil UK,987654321,Vitalis UK,2024-09-26,6829,289,57500000,5.9,276.07,DESKTOP,SEARCH,2024-09-27T00:00:00
GC003,Non-Brand - Supplements UK,987654321,Vitalis UK,2024-09-26,4850,290,71520000,6.0,239.01,MOBILE,SEARCH,2024-09-27T00:00:00
GC004,Shopping - All Products,987654321,Vitalis UK,2024-09-26,5740,347,51830000,9.4,589.86,TABLET,SEARCH_PARTNERS,2024-09-27T00:00:00
GC005,PMax - Wellness,987654321,Vitalis UK,2024-09-26,6594,210,79050000,5.2,264.56,TABLET,SEARCH,2024-09-27T00:00:00
GC001,Brand - Vitalis,987654321,Vitalis UK,2024-09-27,1978,72,28290000,4.8,294.42,TABLET,SEARCH,2024-09-28T00:00:00
GC002,Non-Brand - CBD Oil UK,987654321,Vitalis UK,2024-09-27,8141,263,64200000,6.4,260.36,TABLET,SEARCH,2024-09-28T00:00:00
GC003,Non-Brand - Supplements UK,987654321,Vitalis UK,2024-09-27,3864,132,62780000,3.6,212.3,MOBILE,SEARCH,2024-09-28T00:00:00
GC004,Shopping - All Products,987654321,Vitalis UK,2024-09-27,3356,181,54850000,5.3,227.89,TABLET,SEARCH_PARTNERS,2024-09-28T00:00:00
GC005,PMax - Wellness,987654321,Vitalis UK,2024-09-27,5604,353,64760000,12.3,602.07,DESKTOP,SEARCH,2024-09-28T00:00:00
GC001,Brand - Vitalis,987654321,Vitalis UK,2024-09-28,5077,293,33890000,17.8,1005.31,MOBILE,SEARCH,2024-09-29T00:00:00
GC002,Non-Brand - CBD Oil UK,987654321,Vitalis UK,2024-09-28,7035,338,63930000,7.0,443.4,MOBILE,SEARCH,2024-09-29T00:00:00
GC003,Non-Brand - Supplements UK,987654321,Vitalis UK,2024-09-28,6089,246,66970000,7.2,405.58,DESKTOP,SEARCH,2024-09-29T00:00:00
GC004,Shopping - All Products,987654321,Vitalis UK,2024-09-28,7546,280,57010000,9.2,453.41,TABLET,SEARCH_PARTNERS,2024-09-29T00:00:00
GC005,PMax - Wellness,987654321,Vitalis UK,2024-09-28,4817,235,75000000,5.4,245.38,MOBILE,SEARCH,2024-09-29T00:00:00
GC001,Brand - Vitalis,987654321,Vitalis UK,2024-09-29,3388,101,33360000,7.9,479.91,MOBILE,SEARCH,2024-09-30T00:00:00
GC002,Non-Brand - CBD Oil UK,987654321,Vitalis UK,2024-09-29,5386,362,53280000,6.5,381.59,TABLET,SEARCH,2024-09-30T00:00:00
GC003,Non-Brand - Supplements UK,987654321,Vitalis UK,2024-09-29,4224,247,64280000,5.9,352.78,MOBILE,SEARCH,2024-09-30T00:00:00
GC004,Shopping - All Products,987654321,Vitalis UK,2024-09-29,4158,209,49060000,5.8,372.07,DESKTOP,SEARCH_PARTNERS,2024-09-30T00:00:00
GC005,PMax - Wellness,987654321,Vitalis UK,2024-09-29,8982,337,67960000,9.4,609.36,TABLET,SEARCH,2024-09-30T00:00:00
GC001,Brand - Vitalis,987654321,Vitalis UK,2024-09-30,4192,259,34080000,21.2,1239.04,MOBILE,SEARCH,2024-10-01T00:00:00
GC002,Non-Brand - CBD Oil UK,987654321,Vitalis UK,2024-09-30,7924,466,67940000,13.3,777.47,TABLET,SEARCH,2024-10-01T00:00:00
GC003,Non-Brand - Supplements UK,987654321,Vitalis UK,2024-09-30,7157,350,54140000,9.0,336.53,TABLET,SEARCH,2024-10-01T00:00:00
GC004,Shopping - All Products,987654321,Vitalis UK,2024-09-30,5032,257,52910000,10.4,549.27,DESKTOP,SEARCH_PARTNERS,2024-10-01T00:00:00
GC005,PMax - Wellness,987654321,Vitalis UK,2024-09-30,10105,437,73670000,16.6,614.06,TABLET,SEARCH,2024-10-01T00:00:00
GC001,Brand - Vitalis,987654321,Vitalis UK,2024-10-01,3070,200,33450000,11.6,644.7,DESKTOP,SEARCH,2024-10-02T00:00:00
GC002,Non-Brand - CBD Oil UK,987654321,Vitalis UK,2024-10-01,5892,247,61490000,5.5,340.54,MOBILE,SEARCH,2024-10-02T00:00:00
GC003,Non-Brand - Supplements UK,987654321,Vitalis UK,2024-10-01,6209,245,64910000,4.7,199.74,TABLET,SEARCH,2024-10-02T00:00:00
GC004,Shopping - All Products,987654321,Vitalis UK,2024-10-01,7530,350,56530000,12.5,497.68,TABLET,SEARCH_PARTNERS,2024-10-02T00:00:00
GC005,PMax - Wellness,987654321,Vitalis UK,2024-10-01,10840,396,77260000,8.6,354.64,MOBILE,SEARCH,2024-10-02T00:00:00
GC001,Brand - Vitalis,987654321,Vitalis UK,2024-10-02,3805,250,38550000,20.4,932.47,DESKTOP,SEARCH,2024-10-03T00:00:00
GC002,Non-Brand - CBD Oil UK,987654321,Vitalis UK,2024-10-02,7702,467,77120000,13.7,603.65,TABLET,SEARCH,2024-10-03T00:00:00
GC003,Non-Brand - Supplements UK,987654321,Vitalis UK,2024-10-02,7576,314,61580000,10.0,612.79,MOBILE,SEARCH,2024-10-03T00:00:00
GC004,Shopping - All Products,987654321,Vitalis UK,2024-10-02,6107,315,56490000,10.6,456.94,TABLET,SEARCH_PARTNERS,2024-10-03T00:00:00
GC005,PMax - Wellness,987654321,Vitalis UK,2024-10-02,8796,306,80290000,10.5,677.1,MOBILE,SEARCH,2024-10-03T00:00:00
GC001,Brand - Vitalis,987654321,Vitalis UK,2024-10-03,1867,66,30340000,3.9,181.75,MOBILE,SEARCH,2024-10-04T00:00:00
GC002,Non-Brand - CBD Oil UK,987654321,Vitalis UK,2024-10-03,4010,163,58850000,4.3,150.73,MOBILE,SEARCH,2024-10-04T00:00:00
GC003,Non-Brand - Supplements UK,987654321,Vitalis UK,2024-10-03,4381,303,63770000,6.7,353.21,DESKTOP,SEARCH,2024-10-04T00:00:00
GC004,Shopping - All Products,987654321,Vitalis UK,2024-10-03,6096,368,46280000,13.0,797.19,MOBILE,SEARCH_PARTNERS,2024-10-04T00:00:00
GC005,PMax - Wellness,987654321,Vitalis UK,2024-10-03,10622,494,76400000,18.1,669.05,DESKTOP,SEARCH,2024-10-04T00:00:00
GC001,Brand - Vitalis,987654321,Vitalis UK,2024-10-04,3418,173,35060000,13.9,738.94,DESKTOP,SEARCH,2024-10-05T00:00:00
GC002,Non-Brand - CBD Oil UK,987654321,Vitalis UK,2024-10-04,6566,418,64629999,9.6,504.67,TABLET,SEARCH,2024-10-05T00:00:00
GC003,Non-Brand - Supplements UK,987654321,Vitalis UK,2024-10-04,4915,269,57550000,5.6,220.52,MOBILE,SEARCH,2024-10-05T00:00:00
GC004,Shopping - All Products,987654321,Vitalis UK,2024-10-04,4857,161,53620000,6.4,376.31,DESKTOP,SEARCH_PARTNERS,2024-10-05T00:00:00
GC005,PMax - Wellness,987654321,Vitalis UK,2024-10-04,5623,174,77540000,6.6,410.7,TABLET,SEARCH,2024-10-05T00:00:00
GC001,Brand - Vitalis,987654321,Vitalis UK,2024-10-05,4458,204,32549999,14.6,520.04,MOBILE,SEARCH,2024-10-06T00:00:00
GC002,Non-Brand - CBD Oil UK,987654321,Vitalis UK,2024-10-05,9259,579,62850000,18.2,1180.12,MOBILE,SEARCH,2024-10-06T00:00:00
GC003,Non-Brand - Supplements UK,987654321,Vitalis UK,2024-10-05,8094,508,57980000,13.0,819.34,MOBILE,SEARCH,2024-10-06T00:00:00
GC004,Shopping - All Products,987654321,Vitalis UK,2024-10-05,8301,401,58970000,10.7,616.01,TABLET,SEARCH_PARTNERS,2024-10-06T00:00:00
GC005,PMax - Wellness,987654321,Vitalis UK,2024-10-05,6267,289,73530000,9.2,349.65,TABLET,SEARCH,2024-10-06T00:00:00
GC001,Brand - Vitalis,987654321,Vitalis UK,2024-10-06,3000,190,32880000,17.4,627.14,TABLET,SEARCH,2024-10-07T00:00:00
GC002,Non-Brand - CBD Oil UK,987654321,Vitalis UK,2024-10-06,8438,388,69120000,12.5,526.93,MOBILE,SEARCH,2024-10-07T00:00:00
GC003,Non-Brand - Supplements UK,987654321,Vitalis UK,2024-10-06,5647,310,55760000,9.6,581.39,DESKTOP,SEARCH,2024-10-07T00:00:00
GC004,Shopping - All Products,987654321,Vitalis UK,2024-10-06,4409,216,47880000,5.8,206.67,DESKTOP,SEARCH_PARTNERS,2024-10-07T00:00:00
GC005,PMax - Wellness,987654321,Vitalis UK,2024-10-06,5548,286,74020000,8.3,360.76,DESKTOP,SEARCH,2024-10-07T00:00:00
GC001,Brand - Vitalis,987654321,Vitalis UK,2024-10-07,4005,173,34990000,14.5,587.49,TABLET,SEARCH,2024-10-08T00:00:00
GC002,Non-Brand - CBD Oil UK,987654321,Vitalis UK,2024-10-07,4570,266,62460000,5.1,277.14,TABLET,SEARCH,2024-10-08T00:00:00
GC003,Non-Brand - Supplements UK,987654321,Vitalis UK,2024-10-07,5727,342,70510000,10.0,552.71,DESKTOP,SEARCH,2024-10-08T00:00:00
GC004,Shopping - All Products,987654321,Vitalis UK,2024-10-07,6825,325,48710000,12.0,700.98,MOBILE,SEARCH_PARTNERS,2024-10-08T00:00:00
GC005,PMax - Wellness,987654321,Vitalis UK,2024-10-07,11970,625,82390000,23.4,1317.76,DESKTOP,SEARCH,2024-10-08T00:00:00
GC001,Brand - Vitalis,987654321,Vitalis UK,2024-10-08,4666,248,32100000,18.3,724.38,DESKTOP,SEARCH,2024-10-09T00:00:00
GC002,Non-Brand - CBD Oil UK,987654321,Vitalis UK,2024-10-08,3648,172,59680000,3.4,125.11,MOBILE,SEARCH,2024-10-09T00:00:00
GC003,Non-Brand - Supplements UK,987654321,Vitalis UK,2024-10-08,10165,432,67900000,13.9,779.56,DESKTOP,SEARCH,2024-10-09T00:00:00
GC004,Shopping - All Products,987654321,Vitalis UK,2024-10-08,4394,295,59110000,7.2,365.64,TABLET,SEARCH_PARTNERS,2024-10-09T00:00:00
GC005,PMax - Wellness,987654321,Vitalis UK,2024-10-08,8664,309,81660000,11.7,514.65,DESKTOP,SEARCH,2024-10-09T00:00:00
GC001,Brand - Vitalis,987654321,Vitalis UK,2024-10-09,4494,187,32590000,17.2,973.29,DESKTOP,SEARCH,2024-10-10T00:00:00
GC002,Non-Brand - CBD Oil UK,987654321,Vitalis UK,2024-10-09,4946,342,64319999,8.6,331.29,MOBILE,SEARCH,2024-10-10T00:00:00
GC003,Non-Brand - Supplements UK,987654321,Vitalis UK,2024-10-09,7526,417,61550000,9.9,417.5,DESKTOP,SEARCH,2024-10-10T00:00:00
GC004,Shopping - All Products,987654321,Vitalis UK,2024-10-09,7496,414,58760000,15.4,593.35,MOBILE,SEARCH_PARTNERS,2024-10-10T00:00:00
GC005,PMax - Wellness,987654321,Vitalis UK,2024-10-09,8842,430,71960000,10.8,441.8,MOBILE,SEARCH,2024-10-10T00:00:00
GC001,Brand - Vitalis,987654321,Vitalis UK,2024-10-10,4120,159,31530000,12.5,574.26,MOBILE,SEARCH,2024-10-11T00:00:00
GC002,Non-Brand - CBD Oil UK,987654321,Vitalis UK,2024-10-10,5156,267,73170000,6.6,351.9,TABLET,SEARCH,2024-10-11T00:00:00
GC003,Non-Brand - Supplements UK,987654321,Vitalis UK,2024-10-10,5988,333,75900000,6.5,387.73,DESKTOP,SEARCH,2024-10-11T00:00:00
GC004,Shopping - All Products,987654321,Vitalis UK,2024-10-10,3602,162,53680000,5.3,276.68,MOBILE,SEARCH_PARTNERS,2024-10-11T00:00:00
GC005,PMax - Wellness,987654321,Vitalis UK,2024-10-10,5229,203,82060000,6.9,324.24,TABLET,SEARCH,2024-10-11T00:00:00
GC001,Brand - Vitalis,987654321,Vitalis UK,2024-10-11,3999,207,27410000,12.9,452.23,MOBILE,SEARCH,2024-10-12T00:00:00
GC002,Non-Brand - CBD Oil UK,987654321,Vitalis UK,2024-10-11,4846,268,70940000,7.7,302.51,DESKTOP,SEARCH,2024-10-12T00:00:00
GC003,Non-Brand - Supplements UK,987654321,Vitalis UK,2024-10-11,3614,210,55410000,6.8,238.24,DESKTOP,SEARCH,2024-10-12T00:00:00
GC004,Shopping - All Products,987654321,Vitalis UK,2024-10-11,7462,423,57280000,12.4,796.77,MOBILE,SEARCH_PARTNERS,2024-10-12T00:00:00
GC005,PMax - Wellness,987654321,Vitalis UK,2024-10-11,5449,285,77500000,9.8,589.06,MOBILE,SEARCH,2024-10-12T00:00:00
GC001,Brand - Vitalis,987654321,Vitalis UK,2024-10-12,4333,216,32860000,21.4,1349.95,DESKTOP,SEARCH,2024-10-13T00:00:00
GC002,Non-Brand - CBD Oil UK,987654321,Vitalis UK,2024-10-12,5602,359,66660000,6.5,377.04,DESKTOP,SEARCH,2024-10-13T00:00:00
GC003,Non-Brand - Supplements UK,987654321,Vitalis UK,2024-10-12,7459,316,64739999,7.8,277.3,TABLET,SEARCH,2024-10-13T00:00:00
GC004,Shopping - All Products,987654321,Vitalis UK,2024-10-12,3489,147,53700000,4.1,224.81,MOBILE,SEARCH_PARTNERS,2024-10-13T00:00:00
GC005,PMax - Wellness,987654321,Vitalis UK,2024-10-12,10302,405,70060000,11.4,613.54,TABLET,SEARCH,2024-10-13T00:00:00
GC001,Brand - Vitalis,987654321,Vitalis UK,2024-10-13,4969,299,33770000,27.6,1076.07,MOBILE,SEARCH,2024-10-14T00:00:00
GC002,Non-Brand - CBD Oil UK,987654321,Vitalis UK,2024-10-13,5532,266,58150000,7.7,291.98,TABLET,SEARCH,2024-10-14T00:00:00
GC003,Non-Brand - Supplements UK,987654321,Vitalis UK,2024-10-13,6827,324,63170000,7.3,423.33,MOBILE,SEARCH,2024-10-14T00:00:00
GC004,Shopping - All Products,987654321,Vitalis UK,2024-10-13,4719,187,55240000,7.6,300.34,TABLET,SEARCH_PARTNERS,2024-10-14T00:00:00
GC005,PMax - Wellness,987654321,Vitalis UK,2024-10-13,4978,178,64440000,5.8,279.45,TABLET,SEARCH,2024-10-14T00:00:00
GC001,Brand - Vitalis,987654321,Vitalis UK,2024-10-14,2329,117,37250000,10.2,455.74,MOBILE,SEARCH,2024-10-15T00:00:00
GC002,Non-Brand - CBD Oil UK,987654321,Vitalis UK,2024-10-14,4871,300,62330000,8.0,361.63,TABLET,SEARCH,2024-10-15T00:00:00
GC003,Non-Brand - Supplements UK,987654321,Vitalis UK,2024-10-14,7148,332,66920000,9.9,521.89,MOBILE,SEARCH,2024-10-15T00:00:00
GC004,Shopping - All Products,987654321,Vitalis UK,2024-10-14,8144,305,54940000,11.0,461.19,MOBILE,SEARCH_PARTNERS,2024-10-15T00:00:00
GC005,PMax - Wellness,987654321,Vitalis UK,2024-10-14,8364,265,67920000,8.3,344.88,MOBILE,SEARCH,2024-10-15T00:00:00
GC001,Brand - Vitalis,987654321,Vitalis UK,2024-10-15,1682,111,27310000,9.1,514.05,DESKTOP,SEARCH,2024-10-16T00:00:00
GC002,Non-Brand - CBD Oil UK,987654321,Vitalis UK,2024-10-15,8719,372,66129999,8.4,461.67,TABLET,SEARCH,2024-10-16T00:00:00
GC003,Non-Brand - Supplements UK,987654321,Vitalis UK,2024-10-15,6700,381,55380000,11.6,455.3,TABLET,SEARCH,2024-10-16T00:00:00
GC004,Shopping - All Products,987654321,Vitalis UK,2024-10-15,6739,436,45490000,11.6,663.13,TABLET,SEARCH_PARTNERS,2024-10-16T00:00:00
GC005,PMax - Wellness,987654321,Vitalis UK,2024-10-15,5129,203,73800000,6.2,271.95,MOBILE,SEARCH,2024-10-16T00:00:00
GC001,Brand - Vitalis,987654321,Vitalis UK,2024-10-16,3397,225,38590000,15.2,847.05,MOBILE,SEARCH,2024-10-17T00:00:00
GC002,Non-Brand - CBD Oil UK,987654321,Vitalis UK,2024-10-16,4150,249,60840000,7.9,286.68,DESKTOP,SEARCH,2024-10-17T00:00:00
GC003,Non-Brand - Supplements UK,987654321,Vitalis UK,2024-10-16,9248,461,63740000,14.8,698.04,TABLET,SEARCH,2024-10-17T00:00:00
GC004,Shopping - All Products,987654321,Vitalis UK,2024-10-16,6027,362,56600000,14.9,550.48,DESKTOP,SEARCH_PARTNERS,2024-10-17T00:00:00
GC005,PMax - Wellness,987654321,Vitalis UK,2024-10-16,9214,644,75900000,14.0,905.55,MOBILE,SEARCH,2024-10-17T00:00:00
GC001,Brand - Vitalis,987654321,Vitalis UK,2024-10-17,2637,113,30200000,11.2,563.55,MOBILE,SEARCH,2024-10-18T00:00:00
GC002,Non-Brand - CBD Oil UK,987654321,Vitalis UK,2024-10-17,8336,339,56580000,9.6,461.16,TABLET,SEARCH,2024-10-18T00:00:00
GC003,Non-Brand - Supplements UK,987654321,Vitalis UK,2024-10-17,7562,354,56170000,9.7,476.02,TABLET,SEARCH,2024-10-18T00:00:00
GC004,Shopping - All Products,987654321,Vitalis UK,2024-10-17,3804,253,47130000,6.5,320.28,MOBILE,SEARCH_PARTNERS,2024-10-18T00:00:00
GC005,PMax - Wellness,987654321,Vitalis UK,2024-10-17,10847,636,78840000,24.5,963.26,MOBILE,SEARCH,2024-10-18T00:00:00
GC001,Brand - Vitalis,987654321,Vitalis UK,2024-10-18,3975,163,35920000,9.9,542.58,DESKTOP,SEARCH,2024-10-19T00:00:00
GC002,Non-Brand - CBD Oil UK,987654321,Vitalis UK,2024-10-18,8107,451,68040000,14.4,893.98,TABLET,SEARCH,2024-10-19T00:00:00
GC003,Non-Brand - Supplements UK,987654321,Vitalis UK,2024-10-18,6945,240,66569999,5.2,323.22,MOBILE,SEARCH,2024-10-19T00:00:00
GC004,Shopping - All Products,987654321,Vitalis UK,2024-10-18,4513,293,48630000,13.3,552.89,TABLET,SEARCH_PARTNERS,2024-10-19T00:00:00
GC005,PMax - Wellness,987654321,Vitalis UK,2024-10-18,5940,332,67320000,7.5,277.24,DESKTOP,SEARCH,2024-10-19T00:00:00
GC001,Brand - Vitalis,987654321,Vitalis UK,2024-10-19,3465,202,28700000,15.1,594.66,TABLET,SEARCH,2024-10-20T00:00:00
GC002,Non-Brand - CBD Oil UK,987654321,Vitalis UK,2024-10-19,7446,331,59440000,6.0,388.24,DESKTOP,SEARCH,2024-10-20T00:00:00
GC003,Non-Brand - Supplements UK,987654321,Vitalis UK,2024-10-19,4925,289,65580000,8.4,314.35,DESKTOP,SEARCH,2024-10-20T00:00:00
GC004,Shopping - All Products,987654321,Vitalis UK,2024-10-19,3303,175,48030000,6.3,362.04,MOBILE,SEARCH_PARTNERS,2024-10-20T00:00:00
GC005,PMax - Wellness,987654321,Vitalis UK,2024-10-19,9038,421,75400000,10.6,430.3,DESKTOP,SEARCH,2024-10-20T00:00:00
GC001,Brand - Vitalis,987654321,Vitalis UK,2024-10-20,2518,105,26650000,10.5,612.78,MOBILE,SEARCH,2024-10-21T00:00:00
GC002,Non-Brand - CBD Oil UK,987654321,Vitalis UK,2024-10-20,5453,273,55440000,7.7,281.87,MOBILE,SEARCH,2024-10-21T00:00:00
GC003,Non-Brand - Supplements UK,987654321,Vitalis UK,2024-10-20,4109,190,52970000,6.0,296.75,DESKTOP,SEARCH,2024-10-21T00:00:00
GC004,Shopping - All Products,987654321,Vitalis UK,2024-10-20,6140,403,52390000,14.9,767.71,MOBILE,SEARCH_PARTNERS,2024-10-21T00:00:00
GC005,PMax - Wellness,987654321,Vitalis UK,2024-10-20,5833,336,70360000,10.5,527.0,MOBILE,SEARCH,2024-10-21T00:00:00
GC001,Brand - Vitalis,987654321,Vitalis UK,2024-10-21,3351,178,33430000,13.8,896.72,MOBILE,SEARCH,2024-10-22T00:00:00
GC002,Non-Brand - CBD Oil UK,987654321,Vitalis UK,2024-10-21,5142,257,68830000,6.2,269.82,TABLET,SEARCH,2024-10-22T00:00:00
GC003,Non-Brand - Supplements UK,987654321,Vitalis UK,2024-10-21,3926,246,57010000,7.8,467.28,TABLET,SEARCH,2024-10-22T00:00:00
GC004,Shopping - All Products,987654321,Vitalis UK,2024-10-21,3704,142,54710000,5.1,227.83,MOBILE,SEARCH_PARTNERS,2024-10-22T00:00:00
GC005,PMax - Wellness,987654321,Vitalis UK,2024-10-21,9520,520,68830000,19.8,1044.18,TABLET,SEARCH,2024-10-22T00:00:00
GC001,Brand - Vitalis,987654321,Vitalis UK,2024-10-22,2282,134,35240000,11.2,470.88,DESKTOP,SEARCH,2024-10-23T00:00:00
GC002,Non-Brand - CBD Oil UK,987654321,Vitalis UK,2024-10-22,3916,163,56830000,3.1,173.86,MOBILE,SEARCH,2024-10-23T00:00:00
GC003,Non-Brand - Supplements UK,987654321,Vitalis UK,2024-10-22,4879,177,61860000,5.1,280.76,DESKTOP,SEARCH,2024-10-23T00:00:00
GC004,Shopping - All Products,987654321,Vitalis UK,2024-10-22,7117,381,57740000,13.0,546.07,DESKTOP,SEARCH_PARTNERS,2024-10-23T00:00:00
GC005,PMax - Wellness,987654321,Vitalis UK,2024-10-22,9480,356,75660000,13.9,685.13,MOBILE,SEARCH,2024-10-23T00:00:00
GC001,Brand - Vitalis,987654321,Vitalis UK,2024-10-23,3729,139,31890000,14.5,892.35,DESKTOP,SEARCH,2024-10-24T00:00:00
GC002,Non-Brand - CBD Oil UK,987654321,Vitalis UK,2024-10-23,6082,241,73740000,4.3,214.24,DESKTOP,SEARCH,2024-10-24T00:00:00
GC003,Non-Brand - Supplements UK,987654321,Vitalis UK,2024-10-23,7758,337,67120000,10.8,456.91,DESKTOP,SEARCH,2024-10-24T00:00:00
GC004,Shopping - All Products,987654321,Vitalis UK,2024-10-23,5012,302,49970000,13.4,608.24,TABLET,SEARCH_PARTNERS,2024-10-24T00:00:00
GC005,PMax - Wellness,987654321,Vitalis UK,2024-10-23,8806,407,87740000,14.7,565.02,DESKTOP,SEARCH,2024-10-24T00:00:00
GC001,Brand - Vitalis,987654321,Vitalis UK,2024-10-24,3587,192,29460000,16.9,1019.18,DESKTOP,SEARCH,2024-10-25T00:00:00
GC002,Non-Brand - CBD Oil UK,987654321,Vitalis UK,2024-10-24,4090,238,66489999,4.3,176.52,TABLET,SEARCH,2024-10-25T00:00:00
GC003,Non-Brand - Supplements UK,987654321,Vitalis UK,2024-10-24,4209,149,59630000,3.6,214.65,TABLET,SEARCH,2024-10-25T00:00:00
GC004,Shopping - All Products,987654321,Vitalis UK,2024-10-24,6625,358,62680000,14.1,626.16,TABLET,SEARCH_PARTNERS,2024-10-25T00:00:00
GC005,PMax - Wellness,987654321,Vitalis UK,2024-10-24,10524,495,86640000,13.3,622.65,DESKTOP,SEARCH,2024-10-25T00:00:00
GC001,Brand - Vitalis,987654321,Vitalis UK,2024-10-25,2044,99,31240000,6.9,304.55,TABLET,SEARCH,2024-10-26T00:00:00
GC002,Non-Brand - CBD Oil UK,987654321,Vitalis UK,2024-10-25,4460,243,55110000,4.6,191.52,DESKTOP,SEARCH,2024-10-26T00:00:00
GC003,Non-Brand - Supplements UK,987654321,Vitalis UK,2024-10-25,5678,242,53390000,4.3,186.48,DESKTOP,SEARCH,2024-10-26T00:00:00
GC004,Shopping - All Products,987654321,Vitalis UK,2024-10-25,5581,212,51450000,5.4,273.82,DESKTOP,SEARCH_PARTNERS,2024-10-26T00:00:00
GC005,PMax - Wellness,987654321,Vitalis UK,2024-10-25,7971,478,60540000,13.5,536.04,DESKTOP,SEARCH,2024-10-26T00:00:00
GC001,Brand - Vitalis,987654321,Vitalis UK,2024-10-26,3075,116,36120000,7.3,327.41,TABLET,SEARCH,2024-10-27T00:00:00
GC002,Non-Brand - CBD Oil UK,987654321,Vitalis UK,2024-10-26,7661,370,60070000,7.7,351.09,MOBILE,SEARCH,2024-10-27T00:00:00
GC003,Non-Brand - Supplements UK,987654321,Vitalis UK,2024-10-26,7872,484,63010000,10.7,584.64,DESKTOP,SEARCH,2024-10-27T00:00:00
GC004,Shopping - All Products,987654321,Vitalis UK,2024-10-26,4853,184,57880000,8.3,375.34,DESKTOP,SEARCH_PARTNERS,2024-10-27T00:00:00
GC005,PMax - Wellness,987654321,Vitalis UK,2024-10-26,8928,365,89290000,8.1,496.69,TABLET,SEARCH,2024-10-27T00:00:00
GC001,Brand - Vitalis,987654321,Vitalis UK,2024-10-27,4007,210,33000000,17.4,797.05,TABLET,SEARCH,2024-10-28T00:00:00
GC002,Non-Brand - CBD Oil UK,987654321,Vitalis UK,2024-10-27,10227,506,68500000,16.4,809.96,DESKTOP,SEARCH,2024-10-28T00:00:00
GC003,Non-Brand - Supplements UK,987654321,Vitalis UK,2024-10-27,8293,530,71420000,16.2,801.88,MOBILE,SEARCH,2024-10-28T00:00:00
GC004,Shopping - All Products,987654321,Vitalis UK,2024-10-27,4243,216,52060000,9.2,493.44,DESKTOP,SEARCH_PARTNERS,2024-10-28T00:00:00
GC005,PMax - Wellness,987654321,Vitalis UK,2024-10-27,4825,200,77180000,5.4,300.17,DESKTOP,SEARCH,2024-10-28T00:00:00
GC001,Brand - Vitalis,987654321,Vitalis UK,2024-10-28,4543,274,33860000,18.1,638.32,TABLET,SEARCH,2024-10-29T00:00:00
GC002,Non-Brand - CBD Oil UK,987654321,Vitalis UK,2024-10-28,8194,378,57380000,10.2,562.64,MOBILE,SEARCH,2024-10-29T00:00:00
GC003,Non-Brand - Supplements UK,987654321,Vitalis UK,2024-10-28,5128,294,60340000,8.9,465.41,MOBILE,SEARCH,2024-10-29T00:00:00
GC004,Shopping - All Products,987654321,Vitalis UK,2024-10-28,3461,127,50350000,3.8,229.28,MOBILE,SEARCH_PARTNERS,2024-10-29T00:00:00
GC005,PMax - Wellness,987654321,Vitalis UK,2024-10-28,5952,229,78530000,6.8,399.9,MOBILE,SEARCH,2024-10-29T00:00:00
GC001,Brand - Vitalis,987654321,Vitalis UK,2024-10-29,3914,264,29680000,18.2,834.99,TABLET,SEARCH,2024-10-30T00:00:00
GC002,Non-Brand - CBD Oil UK,987654321,Vitalis UK,2024-10-29,6679,211,66099999,5.6,341.91,MOBILE,SEARCH,2024-10-30T00:00:00
GC003,Non-Brand - Supplements UK,987654321,Vitalis UK,2024-10-29,6554,272,68760000,8.4,482.45,MOBILE,SEARCH,2024-10-30T00:00:00
GC004,Shopping - All Products,987654321,Vitalis UK,2024-10-29,5252,320,48500000,9.6,565.31,MOBILE,SEARCH_PARTNERS,2024-10-30T00:00:00
GC005,PMax - Wellness,987654321,Vitalis UK,2024-10-29,5402,209,81060000,5.7,248.33,MOBILE,SEARCH,2024-10-30T00:00:00
GC001,Brand - Vitalis,987654321,Vitalis UK,2024-10-30,4244,157,34340000,14.9,675.28,DESKTOP,SEARCH,2024-10-31T00:00:00
GC002,Non-Brand - CBD Oil UK,987654321,Vitalis UK,2024-10-30,7818,465,58700000,9.3,371.06,MOBILE,SEARCH,2024-10-31T00:00:00
GC003,Non-Brand - Supplements UK,987654321,Vitalis UK,2024-10-30,3590,216,55750000,5.4,215.02,MOBILE,SEARCH,2024-10-31T00:00:00
GC004,Shopping - All Products,987654321,Vitalis UK,2024-10-30,4368,206,48310000,9.0,403.89,DESKTOP,SEARCH_PARTNERS,2024-10-31T00:00:00
GC005,PMax - Wellness,987654321,Vitalis UK,2024-10-30,8691,559,77630000,14.1,658.29,TABLET,SEARCH,2024-10-31T00:00:00
GC001,Brand - Vitalis,987654321,Vitalis UK,2024-10-31,3961,175,30720000,15.6,919.88,MOBILE,SEARCH,2024-11-01T00:00:00
GC002,Non-Brand - CBD Oil UK,987654321,Vitalis UK,2024-10-31,5226,214,58640000,6.2,246.66,DESKTOP,SEARCH,2024-11-01T00:00:00
GC003,Non-Brand - Supplements UK,987654321,Vitalis UK,2024-10-31,5475,342,57620000,7.5,306.07,MOBILE,SEARCH,2024-11-01T00:00:00
GC004,Shopping - All Products,987654321,Vitalis UK,2024-10-31,6705,425,54590000,12.8,669.66,TABLET,SEARCH_PARTNERS,2024-11-01T00:00:00
GC005,PMax - Wellness,987654321,Vitalis UK,2024-10-31,5400,269,79820000,6.6,428.2,MOBILE,SEARCH,2024-11-01T00:00:00
GC001,Brand - Vitalis,987654321,Vitalis UK,2024-11-01,4164,164,28310000,16.6,656.96,TABLET,SEARCH,2024-11-02T00:00:00
GC002,Non-Brand - CBD Oil UK,987654321,Vitalis UK,2024-11-01,5098,274,61570000,7.3,374.13,TABLET,SEARCH,2024-11-02T00:00:00
GC003,Non-Brand - Supplements UK,987654321,Vitalis UK,2024-11-01,7303,451,58860000,13.7,801.77,MOBILE,SEARCH,2024-11-02T00:00:00
GC004,Shopping - All Products,987654321,Vitalis UK,2024-11-01,4437,258,45310000,9.7,406.05,DESKTOP,SEARCH_PARTNERS,2024-11-02T00:00:00
GC005,PMax - Wellness,987654321,Vitalis UK,2024-11-01,6032,266,62730000,9.3,420.76,DESKTOP,SEARCH,2024-11-02T00:00:00
GC001,Brand - Vitalis,987654321,Vitalis UK,2024-11-02,2503,119,31170000,9.0,442.66,MOBILE,SEARCH,2024-11-03T00:00:00
GC002,Non-Brand - CBD Oil UK,987654321,Vitalis UK,2024-11-02,9704,352,64890000,9.3,490.66,MOBILE,SEARCH,2024-11-03T00:00:00
GC003,Non-Brand - Supplements UK,987654321,Vitalis UK,2024-11-02,7171,307,57300000,6.5,392.54,MOBILE,SEARCH,2024-11-03T00:00:00
GC004,Shopping - All Products,987654321,Vitalis UK,2024-11-02,7385,302,52310000,12.4,448.3,MOBILE,SEARCH_PARTNERS,2024-11-03T00:00:00
GC005,PMax - Wellness,987654321,Vitalis UK,2024-11-02,4083,193,61770000,6.3,224.88,TABLET,SEARCH,2024-11-03T00:00:00
GC001,Brand - Vitalis,987654321,Vitalis UK,2024-11-03,2299,75,30940000,5.3,194.91,TABLET,SEARCH,2024-11-04T00:00:00
GC002,Non-Brand - CBD Oil UK,987654321,Vitalis UK,2024-11-03,5487,365,53140000,10.2,654.58,MOBILE,SEARCH,2024-11-04T00:00:00
GC003,Non-Brand - Supplements UK,987654321,Vitalis UK,2024-11-03,4958,294,51540000,6.3,274.49,TABLET,SEARCH,2024-11-04T00:00:00
GC004,Shopping - All Products,987654321,Vitalis UK,2024-11-03,4598,259,57130000,6.5,299.87,MOBILE,SEARCH_PARTNERS,2024-11-04T00:00:00
GC005,PMax - Wellness,987654321,Vitalis UK,2024-11-03,6813,264,77930000,7.8,295.93,TABLET,SEARCH,2024-11-04T00:00:00
GC001,Brand - Vitalis,987654321,Vitalis UK,2024-11-04,2540,102,33520000,7.0,319.4,MOBILE,SEARCH,2024-11-05T00:00:00
GC002,Non-Brand - CBD Oil UK,987654321,Vitalis UK,2024-11-04,3633,224,55430000,6.8,413.43,DESKTOP,SEARCH,2024-11-05T00:00:00
GC003,Non-Brand - Supplements UK,987654321,Vitalis UK,2024-11-04,5976,192,53520000,5.5,289.03,TABLET,SEARCH,2024-11-05T00:00:00
GC004,Shopping - All Products,987654321,Vitalis UK,2024-11-04,4637,292,44360000,13.0,717.26,MOBILE,SEARCH_PARTNERS,2024-11-05T00:00:00
GC005,PMax - Wellness,987654321,Vitalis UK,2024-11-04,5986,320,70790000,8.2,424.81,TABLET,SEARCH,2024-11-05T00:00:00
GC001,Brand - Vitalis,987654321,Vitalis UK,2024-11-05,2428,102,29500000,9.7,427.21,TABLET,SEARCH,2024-11-06T00:00:00
GC002,Non-Brand - CBD Oil UK,987654321,Vitalis UK,2024-11-05,5920,299,66930000,7.9,350.35,DESKTOP,SEARCH,2024-11-06T00:00:00
GC003,Non-Brand - Supplements UK,987654321,Vitalis UK,2024-11-05,4905,240,57430000,4.3,173.42,TABLET,SEARCH,2024-11-06T00:00:00
GC004,Shopping - All Products,987654321,Vitalis UK,2024-11-05,4327,265,52680000,7.6,305.15,MOBILE,SEARCH_PARTNERS,2024-11-06T00:00:00
GC005,PMax - Wellness,987654321,Vitalis UK,2024-11-05,9324,504,70230000,13.1,549.3,TABLET,SEARCH,2024-11-06T00:00:00
GC001,Brand - Vitalis,987654321,Vitalis UK,2024-11-06,2494,141,32180000,8.0,480.67,TABLET,SEARCH,2024-11-07T00:00:00
GC002,Non-Brand - CBD Oil UK,987654321,Vitalis UK,2024-11-06,7220,366,55130000,8.2,450.85,MOBILE,SEARCH,2024-11-07T00:00:00
GC003,Non-Brand - Supplements UK,987654321,Vitalis UK,2024-11-06,8038,253,54020000,7.5,458.43,MOBILE,SEARCH,2024-11-07T00:00:00
GC004,Shopping - All Products,987654321,Vitalis UK,2024-11-06,3375,178,50390000,5.9,261.29,MOBILE,SEARCH_PARTNERS,2024-11-07T00:00:00
GC005,PMax - Wellness,987654321,Vitalis UK,2024-11-06,6499,404,73600000,9.7,455.01,TABLET,SEARCH,2024-11-07T00:00:00
GC001,Brand - Vitalis,987654321,Vitalis UK,2024-11-07,4561,190,33720000,13.0,621.27,MOBILE,SEARCH,2024-11-08T00:00:00
GC002,Non-Brand - CBD Oil UK,987654321,Vitalis UK,2024-11-07,8736,324,62850000,6.4,394.52,TABLET,SEARCH,2024-11-08T00:00:00
GC003,Non-Brand - Supplements UK,987654321,Vitalis UK,2024-11-07,5883,187,51900000,4.2,244.62,DESKTOP,SEARCH,2024-11-08T00:00:00
GC004,Shopping - All Products,987654321,Vitalis UK,2024-11-07,6759,218,45490000,6.8,422.41,TABLET,SEARCH_PARTNERS,2024-11-08T00:00:00
GC005,PMax - Wellness,987654321,Vitalis UK,2024-11-07,5154,158,60430000,4.2,206.75,TABLET,SEARCH,2024-11-08T00:00:00
GC001,Brand - Vitalis,987654321,Vitalis UK,2024-11-08,2042,61,32619999,4.7,197.85,TABLET,SEARCH,2024-11-09T00:00:00
GC002,Non-Brand - CBD Oil UK,987654321,Vitalis UK,2024-11-08,5330,259,63620000,4.6,208.81,DESKTOP,SEARCH,2024-11-09T00:00:00
GC003,Non-Brand - Supplements UK,987654321,Vitalis UK,2024-11-08,7989,324,66040000,6.3,409.37,DESKTOP,SEARCH,2024-11-09T00:00:00
GC004,Shopping - All Products,987654321,Vitalis UK,2024-11-08,3323,230,52860000,9.8,528.75,MOBILE,SEARCH_PARTNERS,2024-11-09T00:00:00
GC005,PMax - Wellness,987654321,Vitalis UK,2024-11-08,8187,383,74200000,10.1,616.7,TABLET,SEARCH,2024-11-09T00:00:00
GC001,Brand - Vitalis,987654321,Vitalis UK,2024-11-09,4616,243,33850000,22.6,1455.27,DESKTOP,SEARCH,2024-11-10T00:00:00
GC002,Non-Brand - CBD Oil UK,987654321,Vitalis UK,2024-11-09,7500,241,53430000,6.3,263.79,MOBILE,SEARCH,2024-11-10T00:00:00
GC003,Non-Brand - Supplements UK,987654321,Vitalis UK,2024-11-09,6887,313,52710000,8.7,456.16,DESKTOP,SEARCH,2024-11-10T00:00:00
GC004,Shopping - All Products,987654321,Vitalis UK,2024-11-09,5223,183,44600000,5.1,317.86,TABLET,SEARCH_PARTNERS,2024-11-10T00:00:00
GC005,PMax - Wellness,987654321,Vitalis UK,2024-11-09,8415,468,71120000,15.3,909.29,MOBILE,SEARCH,2024-11-10T00:00:00
GC001,Brand - Vitalis,987654321,Vitalis UK,2024-11-10,4638,240,33310000,14.6,602.46,MOBILE,SEARCH,2024-11-11T00:00:00
GC002,Non-Brand - CBD Oil UK,987654321,Vitalis UK,2024-11-10,7571,486,51880000,14.1,887.57,MOBILE,SEARCH,2024-11-11T00:00:00
GC003,Non-Brand - Supplements UK,987654321,Vitalis UK,2024-11-10,7651,278,55260000,8.8,352.07,TABLET,SEARCH,2024-11-11T00:00:00
GC004,Shopping - All Products,987654321,Vitalis UK,2024-11-10,6112,356,48360000,11.6,636.17,TABLET,SEARCH_PARTNERS,2024-11-11T00:00:00
GC005,PMax - Wellness,987654321,Vitalis UK,2024-11-10,7571,497,66650000,11.4,676.3,TABLET,SEARCH,2024-11-11T00:00:00
GC001,Brand - Vitalis,987654321,Vitalis UK,2024-11-11,2225,90,27230000,9.3,476.43,TABLET,SEARCH,2024-11-12T00:00:00
GC002,Non-Brand - CBD Oil UK,987654321,Vitalis UK,2024-11-11,3643,247,59020000,4.7,185.09,MOBILE,SEARCH,2024-11-12T00:00:00
GC003,Non-Brand - Supplements UK,987654321,Vitalis UK,2024-11-11,7184,270,58860000,8.6,504.4,TABLET,SEARCH,2024-11-12T00:00:00
GC004,Shopping - All Products,987654321,Vitalis UK,2024-11-11,5807,231,56060000,7.2,320.32,MOBILE,SEARCH_PARTNERS,2024-11-12T00:00:00
GC005,PMax - Wellness,987654321,Vitalis UK,2024-11-11,8270,420,67510000,14.8,617.51,TABLET,SEARCH,2024-11-12T00:00:00
GC001,Brand - Vitalis,987654321,Vitalis UK,2024-11-12,4047,227,29110000,22.9,932.74,MOBILE,SEARCH,2024-11-13T00:00:00
GC002,Non-Brand - CBD Oil UK,987654321,Vitalis UK,2024-11-12,9711,384,64940000,12.2,746.7,MOBILE,SEARCH,2024-11-13T00:00:00
GC003,Non-Brand - Supplements UK,987654321,Vitalis UK,2024-11-12,6503,253,55310000,6.0,346.0,MOBILE,SEARCH,2024-11-13T00:00:00
GC004,Shopping - All Products,987654321,Vitalis UK,2024-11-12,6274,236,46440000,8.8,565.27,DESKTOP,SEARCH_PARTNERS,2024-11-13T00:00:00
GC005,PMax - Wellness,987654321,Vitalis UK,2024-11-12,4599,228,73270000,6.8,313.07,TABLET,SEARCH,2024-11-13T00:00:00
GC001,Brand - Vitalis,987654321,Vitalis UK,2024-11-13,4202,243,29380000,18.8,1073.45,MOBILE,SEARCH,2024-11-14T00:00:00
GC002,Non-Brand - CBD Oil UK,987654321,Vitalis UK,2024-11-13,5096,184,61880000,3.4,212.23,MOBILE,SEARCH,2024-11-14T00:00:00
GC003,Non-Brand - Supplements UK,987654321,Vitalis UK,2024-11-13,7775,519,62570000,16.2,731.14,MOBILE,SEARCH,2024-11-14T00:00:00
GC004,Shopping - All Products,987654321,Vitalis UK,2024-11-13,8015,327,54980000,9.9,554.46,DESKTOP,SEARCH_PARTNERS,2024-11-14T00:00:00
GC005,PMax - Wellness,987654321,Vitalis UK,2024-11-13,6979,236,75000000,6.3,229.11,MOBILE,SEARCH,2024-11-14T00:00:00
GC001,Brand - Vitalis,987654321,Vitalis UK,2024-11-14,2946,134,25500000,8.9,404.77,MOBILE,SEARCH,2024-11-15T00:00:00
GC002,Non-Brand - CBD Oil UK,987654321,Vitalis UK,2024-11-14,7538,490,56100000,9.7,587.14,MOBILE,SEARCH,2024-11-15T00:00:00
GC003,Non-Brand - Supplements UK,987654321,Vitalis UK,2024-11-14,8987,544,66099999,16.4,578.56,TABLET,SEARCH,2024-11-15T00:00:00
GC004,Shopping - All Products,987654321,Vitalis UK,2024-11-14,6764,285,47720000,11.3,504.12,TABLET,SEARCH_PARTNERS,2024-11-15T00:00:00
GC005,PMax - Wellness,987654321,Vitalis UK,2024-11-14,8095,414,72090000,9.0,395.77,MOBILE,SEARCH,2024-11-15T00:00:00
GC001,Brand - Vitalis,987654321,Vitalis UK,2024-11-15,6316,216,42300000,18.9,1210.24,TABLET,SEARCH,2024-11-16T00:00:00
GC002,Non-Brand - CBD Oil UK,987654321,Vitalis UK,2024-11-15,10743,473,76020000,11.8,691.51,TABLET,SEARCH,2024-11-16T00:00:00
GC003,Non-Brand - Supplements UK,987654321,Vitalis UK,2024-11-15,7103,457,88760000,10.1,392.82,DESKTOP,SEARCH,2024-11-16T00:00:00
GC004,Shopping - All Products,987654321,Vitalis UK,2024-11-15,6003,190,70100000,7.5,450.78,DESKTOP,SEARCH_PARTNERS,2024-11-16T00:00:00
GC005,PMax - Wellness,987654321,Vitalis UK,2024-11-15,10930,755,100630000,22.8,1371.21,MOBILE,SEARCH,2024-11-16T00:00:00
GC001,Brand - Vitalis,987654321,Vitalis UK,2024-11-16,6552,271,45060000,19.3,1244.55,TABLET,SEARCH,2024-11-17T00:00:00
GC002,Non-Brand - CBD Oil UK,987654321,Vitalis UK,2024-11-16,13502,542,98620000,16.9,995.34,MOBILE,SEARCH,2024-11-17T00:00:00
GC003,Non-Brand - Supplements UK,987654321,Vitalis UK,2024-11-16,11526,520,108400000,16.3,783.05,MOBILE,SEARCH,2024-11-17T00:00:00
GC004,Shopping - All Products,987654321,Vitalis UK,2024-11-16,12051,670,83540000,27.0,1349.07,MOBILE,SEARCH_PARTNERS,2024-11-17T00:00:00
GC005,PMax - Wellness,987654321,Vitalis UK,2024-11-16,6947,471,114540000,14.5,535.35,TABLET,SEARCH,2024-11-17T00:00:00
GC001,Brand - Vitalis,987654321,Vitalis UK,2024-11-17,6402,355,49310000,36.8,1615.14,DESKTOP,SEARCH,2024-11-18T00:00:00
GC002,Non-Brand - CBD Oil UK,987654321,Vitalis UK,2024-11-17,6098,322,90420000,8.9,438.7,MOBILE,SEARCH,2024-11-18T00:00:00
GC003,Non-Brand - Supplements UK,987654321,Vitalis UK,2024-11-17,7621,256,105570000,5.4,348.18,MOBILE,SEARCH,2024-11-18T00:00:00
GC004,Shopping - All Products,987654321,Vitalis UK,2024-11-17,5677,236,89070000,8.6,482.17,TABLET,SEARCH_PARTNERS,2024-11-18T00:00:00
GC005,PMax - Wellness,987654321,Vitalis UK,2024-11-17,17106,936,116380000,30.9,1278.42,TABLET,SEARCH,2024-11-18T00:00:00
GC001,Brand - Vitalis,987654321,Vitalis UK,2024-11-18,6492,213,48420000,12.5,733.69,MOBILE,SEARCH,2024-11-19T00:00:00
GC002,Non-Brand - CBD Oil UK,987654321,Vitalis UK,2024-11-18,12768,826,90050000,19.0,1029.47,TABLET,SEARCH,2024-11-19T00:00:00
GC003,Non-Brand - Supplements UK,987654321,Vitalis UK,2024-11-18,10050,676,73560000,17.3,983.93,MOBILE,SEARCH,2024-11-19T00:00:00
GC004,Shopping - All Products,987654321,Vitalis UK,2024-11-18,10098,655,68720000,19.6,1255.4,DESKTOP,SEARCH_PARTNERS,2024-11-19T00:00:00
GC005,PMax - Wellness,987654321,Vitalis UK,2024-11-18,8085,459,87680000,13.2,616.9,MOBILE,SEARCH,2024-11-19T00:00:00
GC001,Brand - Vitalis,987654321,Vitalis UK,2024-11-19,3718,161,46140000,10.3,366.49,TABLET,SEARCH,2024-11-20T00:00:00
GC002,Non-Brand - CBD Oil UK,987654321,Vitalis UK,2024-11-19,5002,250,82930000,7.7,371.02,MOBILE,SEARCH,2024-11-20T00:00:00
GC003,Non-Brand - Supplements UK,987654321,Vitalis UK,2024-11-19,8539,321,77360000,8.0,389.08,TABLET,SEARCH,2024-11-20T00:00:00
GC004,Shopping - All Products,987654321,Vitalis UK,2024-11-19,8577,515,60860000,14.9,897.04,MOBILE,SEARCH_PARTNERS,2024-11-20T00:00:00
GC005,PMax - Wellness,987654321,Vitalis UK,2024-11-19,8620,599,100300000,13.0,567.88,DESKTOP,SEARCH,2024-11-20T00:00:00
GC001,Brand - Vitalis,987654321,Vitalis UK,2024-11-20,6172,416,50030000,28.3,1010.75,TABLET,SEARCH,2024-11-21T00:00:00
GC002,Non-Brand - CBD Oil UK,987654321,Vitalis UK,2024-11-20,9288,325,98570000,10.5,447.71,TABLET,SEARCH,2024-11-21T00:00:00
GC003,Non-Brand - Supplements UK,987654321,Vitalis UK,2024-11-20,8283,285,107750000,6.9,426.15,MOBILE,SEARCH,2024-11-21T00:00:00
GC004,Shopping - All Products,987654321,Vitalis UK,2024-11-20,8122,307,87500000,8.3,339.07,TABLET,SEARCH_PARTNERS,2024-11-21T00:00:00
GC005,PMax - Wellness,987654321,Vitalis UK,2024-11-20,8708,517,118120000,17.2,614.57,DESKTOP,SEARCH,2024-11-21T00:00:00
GC001,Brand - Vitalis,987654321,Vitalis UK,2024-11-21,2690,156,38110000,12.6,765.81,MOBILE,SEARCH,2024-11-22T00:00:00
GC002,Non-Brand - CBD Oil UK,987654321,Vitalis UK,2024-11-21,4716,181,77360000,5.2,326.02,DESKTOP,SEARCH,2024-11-22T00:00:00
GC003,Non-Brand - Supplements UK,987654321,Vitalis UK,2024-11-21,9848,528,81070000,15.6,622.87,MOBILE,SEARCH,2024-11-22T00:00:00
GC004,Shopping - All Products,987654321,Vitalis UK,2024-11-21,7808,416,63280000,13.2,648.75,DESKTOP,SEARCH_PARTNERS,2024-11-22T00:00:00
GC005,PMax - Wellness,987654321,Vitalis UK,2024-11-21,13896,460,100020000,12.8,504.89,MOBILE,SEARCH,2024-11-22T00:00:00
GC001,Brand - Vitalis,987654321,Vitalis UK,2024-11-22,2590,137,39230000,9.0,433.93,TABLET,SEARCH,2024-11-23T00:00:00
GC002,Non-Brand - CBD Oil UK,987654321,Vitalis UK,2024-11-22,10069,473,80180000,14.5,723.79,DESKTOP,SEARCH,2024-11-23T00:00:00
GC003,Non-Brand - Supplements UK,987654321,Vitalis UK,2024-11-22,6568,378,84560000,8.3,423.72,TABLET,SEARCH,2024-11-23T00:00:00
GC004,Shopping - All Products,987654321,Vitalis UK,2024-11-22,10648,416,71220000,12.1,622.59,TABLET,SEARCH_PARTNERS,2024-11-23T00:00:00
GC005,PMax - Wellness,987654321,Vitalis UK,2024-11-22,11898,734,94720000,22.1,1363.34,DESKTOP,SEARCH,2024-11-23T00:00:00
GC001,Brand - Vitalis,987654321,Vitalis UK,2024-11-23,7109,273,53690000,24.5,1537.29,DESKTOP,SEARCH,2024-11-24T00:00:00
GC002,Non-Brand - CBD Oil UK,987654321,Vitalis UK,2024-11-23,5949,327,89290000,7.7,411.46,MOBILE,SEARCH,2024-11-24T00:00:00
GC003,Non-Brand - Supplements UK,987654321,Vitalis UK,2024-11-23,15865,800,107680000,16.9,1005.26,DESKTOP,SEARCH,2024-11-24T00:00:00
GC004,Shopping - All Products,987654321,Vitalis UK,2024-11-23,6523,398,72500000,17.3,1069.65,DESKTOP,SEARCH_PARTNERS,2024-11-24T00:00:00
GC005,PMax - Wellness,987654321,Vitalis UK,2024-11-23,5826,339,96260000,11.2,401.19,DESKTOP,SEARCH,2024-11-24T00:00:00
GC001,Brand - Vitalis,987654321,Vitalis UK,2024-11-24,6065,410,45720000,29.8,1418.45,TABLET,SEARCH,2024-11-25T00:00:00
GC002,Non-Brand - CBD Oil UK,987654321,Vitalis UK,2024-11-24,9429,447,96490000,8.2,444.33,TABLET,SEARCH,2024-11-25T00:00:00
GC003,Non-Brand - Supplements UK,987654321,Vitalis UK,2024-11-24,9837,535,89900000,17.3,1010.42,MOBILE,SEARCH,2024-11-25T00:00:00
GC004,Shopping - All Products,987654321,Vitalis UK,2024-11-24,9662,556,66700000,18.9,1026.23,MOBILE,SEARCH_PARTNERS,2024-11-25T00:00:00
GC005,PMax - Wellness,987654321,Vitalis UK,2024-11-24,10475,462,113610000,11.6,650.16,TABLET,SEARCH,2024-11-25T00:00:00
GC001,Brand - Vitalis,987654321,Vitalis UK,2024-11-25,6789,274,67670000,22.6,948.27,DESKTOP,SEARCH,2024-11-26T00:00:00
GC002,Non-Brand - CBD Oil UK,987654321,Vitalis UK,2024-11-25,23137,1600,161380000,46.8,2278.84,DESKTOP,SEARCH,2024-11-26T00:00:00
GC003,Non-Brand - Supplements UK,987654321,Vitalis UK,2024-11-25,17612,847,171350000,22.1,781.42,MOBILE,SEARCH,2024-11-26T00:00:00
GC004,Shopping - All Products,987654321,Vitalis UK,2024-11-25,8907,387,119510000,12.1,721.0,DESKTOP,SEARCH_PARTNERS,2024-11-26T00:00:00
GC005,PMax - Wellness,987654321,Vitalis UK,2024-11-25,17129,929,166320000,22.6,1455.26,MOBILE,SEARCH,2024-11-26T00:00:00
GC001,Brand - Vitalis,987654321,Vitalis UK,2024-11-26,5094,242,64230000,16.7,779.58,DESKTOP,SEARCH,2024-11-27T00:00:00
GC002,Non-Brand - CBD Oil UK,987654321,Vitalis UK,2024-11-26,16281,689,144420000,18.7,1041.53,MOBILE,SEARCH,2024-11-27T00:00:00
GC003,Non-Brand - Supplements UK,987654321,Vitalis UK,2024-11-26,11730,419,121520000,9.6,528.14,MOBILE,SEARCH,2024-11-27T00:00:00
GC004,Shopping - All Products,987654321,Vitalis UK,2024-11-26,13408,918,107910000,29.7,1055.38,MOBILE,SEARCH_PARTNERS,2024-11-27T00:00:00
GC005,PMax - Wellness,987654321,Vitalis UK,2024-11-26,16517,1020,182220000,29.3,1597.18,MOBILE,SEARCH,2024-11-27T00:00:00
GC001,Brand - Vitalis,987654321,Vitalis UK,2024-11-27,5377,248,70540000,14.5,777.32,MOBILE,SEARCH,2024-11-28T00:00:00
GC002,Non-Brand - CBD Oil UK,987654321,Vitalis UK,2024-11-27,21654,862,156540000,20.7,847.57,TABLET,SEARCH,2024-11-28T00:00:00
GC003,Non-Brand - Supplements UK,987654321,Vitalis UK,2024-11-27,10619,405,158100000,9.3,458.27,MOBILE,SEARCH,2024-11-28T00:00:00
GC004,Shopping - All Products,987654321,Vitalis UK,2024-11-27,18316,1099,145080000,44.6,2083.16,TABLET,SEARCH_PARTNERS,2024-11-28T00:00:00
GC005,PMax - Wellness,987654321,Vitalis UK,2024-11-27,16267,528,182160000,20.4,745.11,TABLET,SEARCH,2024-11-28T00:00:00
GC001,Brand - Vitalis,987654321,Vitalis UK,2024-11-28,9467,334,97050000,25.2,1042.66,MOBILE,SEARCH,2024-11-29T00:00:00
GC002,Non-Brand - CBD Oil UK,987654321,Vitalis UK,2024-11-28,18403,1094,189350000,24.9,1259.23,DESKTOP,SEARCH,2024-11-29T00:00:00
GC003,Non-Brand - Supplements UK,987654321,Vitalis UK,2024-11-28,18652,912,146330000,26.3,1282.37,TABLET,SEARCH,2024-11-29T00:00:00
GC004,Shopping - All Products,987654321,Vitalis UK,2024-11-28,14702,888,150820000,34.2,2120.37,MOBILE,SEARCH_PARTNERS,2024-11-29T00:00:00
GC005,PMax - Wellness,987654321,Vitalis UK,2024-11-28,28040,1621,190170000,38.1,1497.56,DESKTOP,SEARCH,2024-11-29T00:00:00
GC001,Brand - Vitalis,987654321,Vitalis UK,2024-11-29,7486,231,81130000,15.2,587.47,MOBILE,SEARCH,2024-11-30T00:00:00
GC002,Non-Brand - CBD Oil UK,987654321,Vitalis UK,2024-11-29,8577,469,137020000,9.6,572.43,MOBILE,SEARCH,2024-11-30T00:00:00
GC003,Non-Brand - Supplements UK,987654321,Vitalis UK,2024-11-29,11794,699,149300000,16.9,759.72,MOBILE,SEARCH,2024-11-30T00:00:00
GC004,Shopping - All Products,987654321,Vitalis UK,2024-11-29,11978,653,118420000,24.8,1369.23,MOBILE,SEARCH_PARTNERS,2024-11-30T00:00:00
GC005,PMax - Wellness,987654321,Vitalis UK,2024-11-29,15333,664,176390000,25.1,1206.26,DESKTOP,SEARCH,2024-11-30T00:00:00
GC001,Brand - Vitalis,987654321,Vitalis UK,2024-11-30,9389,364,88960000,36.7,2196.25,TABLET,SEARCH,2024-12-01T00:00:00
GC002,Non-Brand - CBD Oil UK,987654321,Vitalis UK,2024-11-30,9634,550,158910000,11.7,560.36,DESKTOP,SEARCH,2024-12-01T00:00:00
GC003,Non-Brand - Supplements UK,987654321,Vitalis UK,2024-11-30,20187,934,156950000,27.3,1666.2,TABLET,SEARCH,2024-12-01T00:00:00
GC004,Shopping - All Products,987654321,Vitalis UK,2024-11-30,10044,319,136400000,12.9,642.89,TABLET,SEARCH_PARTNERS,2024-12-01T00:00:00
GC005,PMax - Wellness,987654321,Vitalis UK,2024-11-30,16136,829,198310000,29.0,1845.02,MOBILE,SEARCH,2024-12-01T00:00:00
GC001,Brand - Vitalis,987654321,Vitalis UK,2024-12-01,7632,501,54170000,44.9,1937.96,DESKTOP,SEARCH,2024-12-02T00:00:00
GC002,Non-Brand - CBD Oil UK,987654321,Vitalis UK,2024-12-01,7418,418,110590000,10.4,620.85,DESKTOP,SEARCH,2024-12-02T00:00:00
GC003,Non-Brand - Supplements UK,987654321,Vitalis UK,2024-12-01,13970,861,103000000,17.6,751.89,DESKTOP,SEARCH,2024-12-02T00:00:00
GC004,Shopping - All Products,987654321,Vitalis UK,2024-12-01,6472,233,78140000,7.1,348.08,MOBILE,SEARCH_PARTNERS,2024-12-02T00:00:00
GC005,PMax - Wellness,987654321,Vitalis UK,2024-12-01,13032,471,100310000,12.8,615.85,DESKTOP,SEARCH,2024-12-02T00:00:00
GC001,Brand - Vitalis,987654321,Vitalis UK,2024-12-02,2983,101,42540000,9.8,351.58,DESKTOP,SEARCH,2024-12-03T00:00:00
GC002,Non-Brand - CBD Oil UK,987654321,Vitalis UK,2024-12-02,11584,805,96170000,20.5,1206.31,MOBILE,SEARCH,2024-12-03T00:00:00
GC003,Non-Brand - Supplements UK,987654321,Vitalis UK,2024-12-02,16014,538,109530000,15.8,679.15,TABLET,SEARCH,2024-12-03T00:00:00
GC004,Shopping - All Products,987654321,Vitalis UK,2024-12-02,8744,295,70740000,9.9,497.1,DESKTOP,SEARCH_PARTNERS,2024-12-03T00:00:00
GC005,PMax - Wellness,987654321,Vitalis UK,2024-12-02,10566,725,127310000,24.6,894.72,TABLET,SEARCH,2024-12-03T00:00:00
GC001,Brand - Vitalis,987654321,Vitalis UK,2024-12-03,4984,233,52760000,14.1,569.64,TABLET,SEARCH,2024-12-04T00:00:00
GC002,Non-Brand - CBD Oil UK,987654321,Vitalis UK,2024-12-03,14170,794,117150000,24.2,1276.71,TABLET,SEARCH,2024-12-04T00:00:00
GC003,Non-Brand - Supplements UK,987654321,Vitalis UK,2024-12-03,9129,563,132580000,10.3,642.79,TABLET,SEARCH,2024-12-04T00:00:00
GC004,Shopping - All Products,987654321,Vitalis UK,2024-12-03,12069,521,111350000,18.8,671.27,TABLET,SEARCH_PARTNERS,2024-12-04T00:00:00
GC005,PMax - Wellness,987654321,Vitalis UK,2024-12-03,16658,1070,154140000,34.1,1843.16,MOBILE,SEARCH,2024-12-04T00:00:00
GC001,Brand - Vitalis,987654321,Vitalis UK,2024-12-04,4062,221,60940000,18.8,991.82,TABLET,SEARCH,2024-12-05T00:00:00
GC002,Non-Brand - CBD Oil UK,987654321,Vitalis UK,2024-12-04,13217,518,113820000,11.5,648.46,TABLET,SEARCH,2024-12-05T00:00:00
GC003,Non-Brand - Supplements UK,987654321,Vitalis UK,2024-12-04,12142,726,105220000,13.0,806.33,DESKTOP,SEARCH,2024-12-05T00:00:00
GC004,Shopping - All Products,987654321,Vitalis UK,2024-12-04,9983,602,105100000,27.4,1556.38,TABLET,SEARCH_PARTNERS,2024-12-05T00:00:00
GC005,PMax - Wellness,987654321,Vitalis UK,2024-12-04,11303,638,141960000,15.0,712.29,MOBILE,SEARCH,2024-12-05T00:00:00
GC001,Brand - Vitalis,987654321,Vitalis UK,2024-12-05,8896,289,62810000,21.4,944.4,MOBILE,SEARCH,2024-12-06T00:00:00
GC002,Non-Brand - CBD Oil UK,987654321,Vitalis UK,2024-12-05,16291,1105,118500000,24.4,1151.2,DESKTOP,SEARCH,2024-12-06T00:00:00
GC003,Non-Brand - Supplements UK,987654321,Vitalis UK,2024-12-05,15163,777,104950000,20.8,1344.71,TABLET,SEARCH,2024-12-06T00:00:00
GC004,Shopping - All Products,987654321,Vitalis UK,2024-12-05,9561,456,97670000,14.5,566.16,DESKTOP,SEARCH_PARTNERS,2024-12-06T00:00:00
GC005,PMax - Wellness,987654321,Vitalis UK,2024-12-05,15969,1075,121370000,38.4,1655.76,DESKTOP,SEARCH,2024-12-06T00:00:00
GC001,Brand - Vitalis,987654321,Vitalis UK,2024-12-06,4358,161,56950000,14.3,543.43,MOBILE,SEARCH,2024-12-07T00:00:00
GC002,Non-Brand - CBD Oil UK,987654321,Vitalis UK,2024-12-06,11090,692,106680000,16.9,870.99,MOBILE,SEARCH,2024-12-07T00:00:00
GC003,Non-Brand - Supplements UK,987654321,Vitalis UK,2024-12-06,12542,855,104850000,23.0,948.08,DESKTOP,SEARCH,2024-12-07T00:00:00
GC004,Shopping - All Products,987654321,Vitalis UK,2024-12-06,6335,323,80710000,11.5,552.03,DESKTOP,SEARCH_PARTNERS,2024-12-07T00:00:00
GC005,PMax - Wellness,987654321,Vitalis UK,2024-12-06,17570,956,138730000,31.6,1244.74,MOBILE,SEARCH,2024-12-07T00:00:00
GC001,Brand - Vitalis,987654321,Vitalis UK,2024-12-07,4687,252,52940000,25.0,1177.23,DESKTOP,SEARCH,2024-12-08T00:00:00
GC002,Non-Brand - CBD Oil UK,987654321,Vitalis UK,2024-12-07,9323,331,100600000,6.6,419.96,TABLET,SEARCH,2024-12-08T00:00:00
GC003,Non-Brand - Supplements UK,987654321,Vitalis UK,2024-12-07,15098,1012,104710000,22.1,938.63,MOBILE,SEARCH,2024-12-08T00:00:00
GC004,Shopping - All Products,987654321,Vitalis UK,2024-12-07,12076,380,82840000,17.0,621.84,DESKTOP,SEARCH_PARTNERS,2024-12-08T00:00:00
GC005,PMax - Wellness,987654321,Vitalis UK,2024-12-07,12617,594,95780000,12.9,655.11,DESKTOP,SEARCH,2024-12-08T00:00:00
GC001,Brand - Vitalis,987654321,Vitalis UK,2024-12-08,8930,512,61440000,45.9,1825.91,TABLET,SEARCH,2024-12-09T00:00:00
GC002,Non-Brand - CBD Oil UK,987654321,Vitalis UK,2024-12-08,16391,1129,113530000,28.7,1655.43,DESKTOP,SEARCH,2024-12-09T00:00:00
GC003,Non-Brand - Supplements UK,987654321,Vitalis UK,2024-12-08,18739,784,130289999,22.5,1450.78,MOBILE,SEARCH,2024-12-09T00:00:00
GC004,Shopping - All Products,987654321,Vitalis UK,2024-12-08,14599,1012,98840000,24.9,1286.92,TABLET,SEARCH_PARTNERS,2024-12-09T00:00:00
GC005,PMax - Wellness,987654321,Vitalis UK,2024-12-08,10501,543,152140000,13.7,757.47,MOBILE,SEARCH,2024-12-09T00:00:00
GC001,Brand - Vitalis,987654321,Vitalis UK,2024-12-09,7677,492,62360000,41.6,2481.69,MOBILE,SEARCH,2024-12-10T00:00:00
GC002,Non-Brand - CBD Oil UK,987654321,Vitalis UK,2024-12-09,7610,522,108440000,16.6,993.01,TABLET,SEARCH,2024-12-10T00:00:00
GC003,Non-Brand - Supplements UK,987654321,Vitalis UK,2024-12-09,17661,760,120340000,24.1,1001.64,TABLET,SEARCH,2024-12-10T00:00:00
GC004,Shopping - All Products,987654321,Vitalis UK,2024-12-09,10907,757,81630000,34.1,1340.98,MOBILE,SEARCH_PARTNERS,2024-12-10T00:00:00
GC005,PMax - Wellness,987654321,Vitalis UK,2024-12-09,9923,442,126530000,17.1,878.08,MOBILE,SEARCH,2024-12-10T00:00:00
GC001,Brand - Vitalis,987654321,Vitalis UK,2024-12-10,5999,329,58200000,32.4,1320.83,MOBILE,SEARCH,2024-12-11T00:00:00
GC002,Non-Brand - CBD Oil UK,987654321,Vitalis UK,2024-12-10,13583,932,91640000,28.1,1370.97,MOBILE,SEARCH,2024-12-11T00:00:00
GC003,Non-Brand - Supplements UK,987654321,Vitalis UK,2024-12-10,12481,536,109980000,17.4,633.59,MOBILE,SEARCH,2024-12-11T00:00:00
GC004,Shopping - All Products,987654321,Vitalis UK,2024-12-10,8448,425,86210000,11.1,551.37,TABLET,SEARCH_PARTNERS,2024-12-11T00:00:00
GC005,PMax - Wellness,987654321,Vitalis UK,2024-12-10,15388,859,104830000,18.9,1172.14,MOBILE,SEARCH,2024-12-11T00:00:00
GC001,Brand - Vitalis,987654321,Vitalis UK,2024-12-11,7671,517,61550000,51.2,2204.52,DESKTOP,SEARCH,2024-12-12T00:00:00
GC002,Non-Brand - CBD Oil UK,987654321,Vitalis UK,2024-12-11,6656,383,106520000,7.9,440.67,TABLET,SEARCH,2024-12-12T00:00:00
GC003,Non-Brand - Supplements UK,987654321,Vitalis UK,2024-12-11,5708,366,94850000,10.1,536.89,DESKTOP,SEARCH,2024-12-12T00:00:00
GC004,Shopping - All Products,987654321,Vitalis UK,2024-12-11,11665,749,81140000,20.3,1052.01,MOBILE,SEARCH_PARTNERS,2024-12-12T00:00:00
GC005,PMax - Wellness,987654321,Vitalis UK,2024-12-11,15638,826,130970000,20.1,1199.18,DESKTOP,SEARCH,2024-12-12T00:00:00
GC001,Brand - Vitalis,987654321,Vitalis UK,2024-12-12,4671,158,56660000,10.8,484.69,TABLET,SEARCH,2024-12-13T00:00:00
GC002,Non-Brand - CBD Oil UK,987654321,Vitalis UK,2024-12-12,10570,442,88250000,11.9,686.43,DESKTOP,SEARCH,2024-12-13T00:00:00
GC003,Non-Brand - Supplements UK,987654321,Vitalis UK,2024-12-12,8597,355,85500000,8.7,425.26,MOBILE,SEARCH,2024-12-13T00:00:00
GC004,Shopping - All Products,987654321,Vitalis UK,2024-12-12,11258,759,94580000,34.0,1638.39,DESKTOP,SEARCH_PARTNERS,2024-12-13T00:00:00
GC005,PMax - Wellness,987654321,Vitalis UK,2024-12-12,12409,862,119460000,18.7,1087.29,DESKTOP,SEARCH,2024-12-13T00:00:00
GC001,Brand - Vitalis,987654321,Vitalis UK,2024-12-13,5849,307,46160000,22.0,786.37,DESKTOP,SEARCH,2024-12-14T00:00:00
GC002,Non-Brand - CBD Oil UK,987654321,Vitalis UK,2024-12-13,12175,576,88670000,12.9,707.98,MOBILE,SEARCH,2024-12-14T00:00:00
GC003,Non-Brand - Supplements UK,987654321,Vitalis UK,2024-12-13,9864,412,84740000,11.8,645.24,TABLET,SEARCH,2024-12-14T00:00:00
GC004,Shopping - All Products,987654321,Vitalis UK,2024-12-13,8797,434,74670000,11.6,504.29,DESKTOP,SEARCH_PARTNERS,2024-12-14T00:00:00
GC005,PMax - Wellness,987654321,Vitalis UK,2024-12-13,11082,356,99610000,8.2,416.57,MOBILE,SEARCH,2024-12-14T00:00:00
GC001,Brand - Vitalis,987654321,Vitalis UK,2024-12-14,6992,216,47660000,17.8,1111.82,TABLET,SEARCH,2024-12-15T00:00:00
GC002,Non-Brand - CBD Oil UK,987654321,Vitalis UK,2024-12-14,9482,522,111990000,11.1,511.56,TABLET,SEARCH,2024-12-15T00:00:00
GC003,Non-Brand - Supplements UK,987654321,Vitalis UK,2024-12-14,12405,856,104870000,25.0,1175.07,DESKTOP,SEARCH,2024-12-15T00:00:00
GC004,Shopping - All Products,987654321,Vitalis UK,2024-12-14,14448,575,99910000,17.5,857.38,TABLET,SEARCH_PARTNERS,2024-12-15T00:00:00
GC005,PMax - Wellness,987654321,Vitalis UK,2024-12-14,10757,545,122870000,18.6,1013.96,DESKTOP,SEARCH,2024-12-15T00:00:00
GC001,Brand - Vitalis,987654321,Vitalis UK,2024-12-15,5737,386,53650000,37.4,2008.96,TABLET,SEARCH,2024-12-16T00:00:00
GC002,Non-Brand - CBD Oil UK,987654321,Vitalis UK,2024-12-15,10631,648,94670000,12.2,756.35,MOBILE,SEARCH,2024-12-16T00:00:00
GC003,Non-Brand - Supplements UK,987654321,Vitalis UK,2024-12-15,14485,798,105910000,25.3,927.52,TABLET,SEARCH,2024-12-16T00:00:00
GC004,Shopping - All Products,987654321,Vitalis UK,2024-12-15,9275,547,72110000,17.2,756.94,TABLET,SEARCH_PARTNERS,2024-12-16T00:00:00
GC005,PMax - Wellness,987654321,Vitalis UK,2024-12-15,10751,644,105880000,16.7,632.02,TABLET,SEARCH,2024-12-16T00:00:00
GC001,Brand - Vitalis,987654321,Vitalis UK,2024-12-16,4284,293,52010000,22.0,882.91,DESKTOP,SEARCH,2024-12-17T00:00:00
GC002,Non-Brand - CBD Oil UK,987654321,Vitalis UK,2024-12-16,7957,505,87300000,16.2,826.97,DESKTOP,SEARCH,2024-12-17T00:00:00
GC003,Non-Brand - Supplements UK,987654321,Vitalis UK,2024-12-16,13153,676,104480000,12.3,741.74,MOBILE,SEARCH,2024-12-17T00:00:00
GC004,Shopping - All Products,987654321,Vitalis UK,2024-12-16,8899,478,90080000,18.1,1052.16,TABLET,SEARCH_PARTNERS,2024-12-17T00:00:00
GC005,PMax - Wellness,987654321,Vitalis UK,2024-12-16,14756,540,117880000,16.4,728.35,TABLET,SEARCH,2024-12-17T00:00:00
GC001,Brand - Vitalis,987654321,Vitalis UK,2024-12-17,5237,233,52750000,16.6,816.21,DESKTOP,SEARCH,2024-12-18T00:00:00
GC002,Non-Brand - CBD Oil UK,987654321,Vitalis UK,2024-12-17,11970,678,106410000,20.2,1042.95,TABLET,SEARCH,2024-12-18T00:00:00
GC003,Non-Brand - Supplements UK,987654321,Vitalis UK,2024-12-17,11873,574,101370000,13.3,524.12,MOBILE,SEARCH,2024-12-18T00:00:00
GC004,Shopping - All Products,987654321,Vitalis UK,2024-12-17,9723,485,96580000,20.9,1060.63,MOBILE,SEARCH_PARTNERS,2024-12-18T00:00:00
GC005,PMax - Wellness,987654321,Vitalis UK,2024-12-17,10357,590,134440000,15.4,566.74,TABLET,SEARCH,2024-12-18T00:00:00
GC001,Brand - Vitalis,987654321,Vitalis UK,2024-12-18,7888,542,52820000,55.2,2279.87,DESKTOP,SEARCH,2024-12-19T00:00:00
GC002,Non-Brand - CBD Oil UK,987654321,Vitalis UK,2024-12-18,7085,420,90800000,13.4,642.82,DESKTOP,SEARCH,2024-12-19T00:00:00
GC003,Non-Brand - Supplements UK,987654321,Vitalis UK,2024-12-18,13496,777,103360000,14.6,550.27,MOBILE,SEARCH,2024-12-19T00:00:00
GC004,Shopping - All Products,987654321,Vitalis UK,2024-12-18,6643,241,93100000,9.9,600.71,TABLET,SEARCH_PARTNERS,2024-12-19T00:00:00
GC005,PMax - Wellness,987654321,Vitalis UK,2024-12-18,10318,498,130500000,15.6,610.36,TABLET,SEARCH,2024-12-19T00:00:00
GC001,Brand - Vitalis,987654321,Vitalis UK,2024-12-19,3184,108,50840000,6.1,383.4,DESKTOP,SEARCH,2024-12-20T00:00:00
GC002,Non-Brand - CBD Oil UK,987654321,Vitalis UK,2024-12-19,12182,518,94260000,12.3,737.39,MOBILE,SEARCH,2024-12-20T00:00:00
GC003,Non-Brand - Supplements UK,987654321,Vitalis UK,2024-12-19,14780,734,104300000,17.6,1092.23,DESKTOP,SEARCH,2024-12-20T00:00:00
GC004,Shopping - All Products,987654321,Vitalis UK,2024-12-19,10078,612,89720000,25.8,943.76,TABLET,SEARCH_PARTNERS,2024-12-20T00:00:00
GC005,PMax - Wellness,987654321,Vitalis UK,2024-12-19,11736,724,112200000,26.7,1204.26,DESKTOP,SEARCH,2024-12-20T00:00:00
GC001,Brand - Vitalis,987654321,Vitalis UK,2024-12-20,4770,184,47400000,17.5,874.86,DESKTOP,SEARCH,2024-12-21T00:00:00
GC002,Non-Brand - CBD Oil UK,987654321,Vitalis UK,2024-12-20,14232,800,113750000,17.2,1074.62,DESKTOP,SEARCH,2024-12-21T00:00:00
GC003,Non-Brand - Supplements UK,987654321,Vitalis UK,2024-12-20,8000,387,112410000,12.0,537.79,TABLET,SEARCH,2024-12-21T00:00:00
GC004,Shopping - All Products,987654321,Vitalis UK,2024-12-20,11397,587,77450000,20.9,1148.44,TABLET,SEARCH_PARTNERS,2024-12-21T00:00:00
GC005,PMax - Wellness,987654321,Vitalis UK,2024-12-20,15129,735,123480000,18.7,875.19,MOBILE,SEARCH,2024-12-21T00:00:00
GC001,Brand - Vitalis,987654321,Vitalis UK,2024-12-21,3055,104,30640000,8.7,554.32,TABLET,SEARCH,2024-12-22T00:00:00
GC002,Non-Brand - CBD Oil UK,987654321,Vitalis UK,2024-12-21,7276,409,53280000,12.5,631.19,TABLET,SEARCH,2024-12-22T00:00:00
GC003,Non-Brand - Supplements UK,987654321,Vitalis UK,2024-12-21,4711,235,52070000,6.8,404.74,TABLET,SEARCH,2024-12-22T00:00:00
GC004,Shopping - All Products,987654321,Vitalis UK,2024-12-21,6178,384,47920000,11.3,672.23,MOBILE,SEARCH_PARTNERS,2024-12-22T00:00:00
GC005,PMax - Wellness,987654321,Vitalis UK,2024-12-21,10388,356,73300000,13.3,663.52,TABLET,SEARCH,2024-12-22T00:00:00
GC001,Brand - Vitalis,987654321,Vitalis UK,2024-12-22,2674,94,20160000,8.6,515.78,MOBILE,SEARCH,2024-12-23T00:00:00
GC002,Non-Brand - CBD Oil UK,987654321,Vitalis UK,2024-12-22,5654,271,47430000,5.9,344.01,TABLET,SEARCH,2024-12-23T00:00:00
GC003,Non-Brand - Supplements UK,987654321,Vitalis UK,2024-12-22,3688,197,45220000,6.2,259.82,TABLET,SEARCH,2024-12-23T00:00:00
GC004,Shopping - All Products,987654321,Vitalis UK,2024-12-22,5027,158,34560000,4.3,157.13,DESKTOP,SEARCH_PARTNERS,2024-12-23T00:00:00
GC005,PMax - Wellness,987654321,Vitalis UK,2024-12-22,7667,370,61590000,12.1,439.23,TABLET,SEARCH,2024-12-23T00:00:00
GC001,Brand - Vitalis,987654321,Vitalis UK,2024-12-23,3393,222,28870000,14.1,837.2,TABLET,SEARCH,2024-12-24T00:00:00
GC002,Non-Brand - CBD Oil UK,987654321,Vitalis UK,2024-12-23,7431,412,61730000,12.4,761.69,MOBILE,SEARCH,2024-12-24T00:00:00
GC003,Non-Brand - Supplements UK,987654321,Vitalis UK,2024-12-23,3592,239,55920000,6.4,405.17,TABLET,SEARCH,2024-12-24T00:00:00
GC004,Shopping - All Products,987654321,Vitalis UK,2024-12-23,6679,431,54570000,13.8,832.87,MOBILE,SEARCH_PARTNERS,2024-12-24T00:00:00
GC005,PMax - Wellness,987654321,Vitalis UK,2024-12-23,4839,255,68040000,5.7,246.14,MOBILE,SEARCH,2024-12-24T00:00:00
GC001,Brand - Vitalis,987654321,Vitalis UK,2024-12-24,2755,129,22780000,12.0,441.03,DESKTOP,SEARCH,2024-12-25T00:00:00
GC002,Non-Brand - CBD Oil UK,987654321,Vitalis UK,2024-12-24,3538,127,40360000,2.6,134.79,TABLET,SEARCH,2024-12-25T00:00:00
GC003,Non-Brand - Supplements UK,987654321,Vitalis UK,2024-12-24,4730,234,41440000,6.8,298.66,DESKTOP,SEARCH,2024-12-25T00:00:00
GC004,Shopping - All Products,987654321,Vitalis UK,2024-12-24,4650,315,41080000,9.8,532.6,MOBILE,SEARCH_PARTNERS,2024-12-25T00:00:00
GC005,PMax - Wellness,987654321,Vitalis UK,2024-12-24,4218,209,53540000,7.9,363.07,MOBILE,SEARCH,2024-12-25T00:00:00
GC001,Brand - Vitalis,987654321,Vitalis UK,2024-12-25,2676,164,27020000,13.4,754.81,TABLET,SEARCH,2024-12-26T00:00:00
GC002,Non-Brand - CBD Oil UK,987654321,Vitalis UK,2024-12-25,5774,253,53660000,4.5,249.61,TABLET,SEARCH,2024-12-26T00:00:00
GC003,Non-Brand - Supplements UK,987654321,Vitalis UK,2024-12-25,8129,389,54290000,9.9,386.67,TABLET,SEARCH,2024-12-26T00:00:00
GC004,Shopping - All Products,987654321,Vitalis UK,2024-12-25,3398,157,45740000,6.0,251.71,MOBILE,SEARCH_PARTNERS,2024-12-26T00:00:00
GC005,PMax - Wellness,987654321,Vitalis UK,2024-12-25,4583,195,61850000,4.5,206.63,TABLET,SEARCH,2024-12-26T00:00:00
GC001,Brand - Vitalis,987654321,Vitalis UK,2024-12-26,3051,178,21040000,13.8,822.24,TABLET,SEARCH,2024-12-27T00:00:00
GC002,Non-Brand - CBD Oil UK,987654321,Vitalis UK,2024-12-26,3546,199,52620000,4.9,184.38,MOBILE,SEARCH,2024-12-27T00:00:00
GC003,Non-Brand - Supplements UK,987654321,Vitalis UK,2024-12-26,3740,220,46910000,5.4,190.3,TABLET,SEARCH,2024-12-27T00:00:00
GC004,Shopping - All Products,987654321,Vitalis UK,2024-12-26,3820,176,43480000,6.1,330.69,DESKTOP,SEARCH_PARTNERS,2024-12-27T00:00:00
GC005,PMax - Wellness,987654321,Vitalis UK,2024-12-26,6389,312,53820000,10.5,369.39,TABLET,SEARCH,2024-12-27T00:00:00
GC001,Brand - Vitalis,987654321,Vitalis UK,2024-12-27,3976,268,31920000,23.7,1422.26,DESKTOP,SEARCH,2024-12-28T00:00:00
GC002,Non-Brand - CBD Oil UK,987654321,Vitalis UK,2024-12-27,6722,218,50940000,5.4,330.61,DESKTOP,SEARCH,2024-12-28T00:00:00
GC003,Non-Brand - Supplements UK,987654321,Vitalis UK,2024-12-27,6521,336,52260000,8.5,449.87,TABLET,SEARCH,2024-12-28T00:00:00
GC004,Shopping - All Products,987654321,Vitalis UK,2024-12-27,5332,236,43360000,7.2,433.27,TABLET,SEARCH_PARTNERS,2024-12-28T00:00:00
GC005,PMax - Wellness,987654321,Vitalis UK,2024-12-27,10059,696,68020000,25.8,1370.01,DESKTOP,SEARCH,2024-12-28T00:00:00
GC001,Brand - Vitalis,987654321,Vitalis UK,2024-12-28,2905,97,30360000,7.2,446.97,DESKTOP,SEARCH,2024-12-29T00:00:00
GC002,Non-Brand - CBD Oil UK,987654321,Vitalis UK,2024-12-28,4099,276,53470000,4.9,304.82,MOBILE,SEARCH,2024-12-29T00:00:00
GC003,Non-Brand - Supplements UK,987654321,Vitalis UK,2024-12-28,5329,270,59110000,7.9,449.39,DESKTOP,SEARCH,2024-12-29T00:00:00
GC004,Shopping - All Products,987654321,Vitalis UK,2024-12-28,5986,199,41590000,8.6,501.47,MOBILE,SEARCH_PARTNERS,2024-12-29T00:00:00
GC005,PMax - Wellness,987654321,Vitalis UK,2024-12-28,4575,177,62650000,5.6,197.37,MOBILE,SEARCH,2024-12-29T00:00:00
GC001,Brand - Vitalis,987654321,Vitalis UK,2024-12-29,3453,123,24240000,12.4,694.35,DESKTOP,SEARCH,2024-12-30T00:00:00
GC002,Non-Brand - CBD Oil UK,987654321,Vitalis UK,2024-12-29,4151,222,50630000,4.5,285.18,TABLET,SEARCH,2024-12-30T00:00:00
GC003,Non-Brand - Supplements UK,987654321,Vitalis UK,2024-12-29,6446,424,54230000,7.8,440.61,DESKTOP,SEARCH,2024-12-30T00:00:00
GC004,Shopping - All Products,987654321,Vitalis UK,2024-12-29,5117,207,49130000,9.4,543.18,DESKTOP,SEARCH_PARTNERS,2024-12-30T00:00:00
GC005,PMax - Wellness,987654321,Vitalis UK,2024-12-29,6475,421,52750000,11.7,695.93,MOBILE,SEARCH,2024-12-30T00:00:00
GC001,Brand - Vitalis,987654321,Vitalis UK,2024-12-30,1411,59,21440000,4.5,221.68,TABLET,SEARCH,2024-12-31T00:00:00
GC002,Non-Brand - CBD Oil UK,987654321,Vitalis UK,2024-12-30,5592,364,41640000,9.7,370.17,DESKTOP,SEARCH,2024-12-31T00:00:00
GC003,Non-Brand - Supplements UK,987654321,Vitalis UK,2024-12-30,5274,237,50980000,7.4,398.52,TABLET,SEARCH,2024-12-31T00:00:00
GC004,Shopping - All Products,987654321,Vitalis UK,2024-12-30,3590,159,37570000,7.0,351.7,TABLET,SEARCH_PARTNERS,2024-12-31T00:00:00
GC005,PMax - Wellness,987654321,Vitalis UK,2024-12-30,5506,315,54230000,9.7,560.57,DESKTOP,SEARCH,2024-12-31T00:00:00
GC001,Brand - Vitalis,987654321,Vitalis UK,2024-12-31,1823,119,25420000,10.6,524.12,DESKTOP,SEARCH,2025-01-01T00:00:00
GC002,Non-Brand - CBD Oil UK,987654321,Vitalis UK,2024-12-31,4126,182,43300000,4.0,164.13,DESKTOP,SEARCH,2025-01-01T00:00:00
GC003,Non-Brand - Supplements UK,987654321,Vitalis UK,2024-12-31,4335,144,42270000,4.0,180.87,MOBILE,SEARCH,2025-01-01T00:00:00
GC004,Shopping - All Products,987654321,Vitalis UK,2024-12-31,5290,191,40660000,6.0,259.97,TABLET,SEARCH_PARTNERS,2025-01-01T00:00:00
GC005,PMax - Wellness,987654321,Vitalis UK,2024-12-31,7023,350,52350000,13.5,780.26,DESKTOP,SEARCH,2025-01-01T00:00:00
GC001,Brand - Vitalis,987654321,Vitalis UK,2025-01-01,1959,93,15740000,6.2,371.25,MOBILE,SEARCH,2025-01-02T00:00:00
GC002,Non-Brand - CBD Oil UK,987654321,Vitalis UK,2025-01-01,2109,75,30090000,1.6,76.94,TABLET,SEARCH,2025-01-02T00:00:00
GC003,Non-Brand - Supplements UK,987654321,Vitalis UK,2025-01-01,2282,140,34780000,4.4,224.1,MOBILE,SEARCH,2025-01-02T00:00:00
GC004,Shopping - All Products,987654321,Vitalis UK,2025-01-01,1931,86,28470000,3.4,168.0,MOBILE,SEARCH_PARTNERS,2025-01-02T00:00:00
GC005,PMax - Wellness,987654321,Vitalis UK,2025-01-01,5163,185,42370000,4.8,303.21,MOBILE,SEARCH,2025-01-02T00:00:00
GC001,Brand - Vitalis,987654321,Vitalis UK,2025-01-02,2733,104,18760000,6.7,416.26,DESKTOP,SEARCH,2025-01-03T00:00:00
GC002,Non-Brand - CBD Oil UK,987654321,Vitalis UK,2025-01-02,3584,109,35290000,2.5,107.13,MOBILE,SEARCH,2025-01-03T00:00:00
GC003,Non-Brand - Supplements UK,987654321,Vitalis UK,2025-01-02,2837,189,40140000,4.8,254.28,DESKTOP,SEARCH,2025-01-03T00:00:00
GC004,Shopping - All Products,987654321,Vitalis UK,2025-01-02,3280,196,25220000,6.7,303.55,TABLET,SEARCH_PARTNERS,2025-01-03T00:00:00
GC005,PMax - Wellness,987654321,Vitalis UK,2025-01-02,4417,227,43120000,5.6,307.87,MOBILE,SEARCH,2025-01-03T00:00:00
GC001,Brand - Vitalis,987654321,Vitalis UK,2025-01-03,2321,127,17140000,11.7,447.92,DESKTOP,SEARCH,2025-01-04T00:00:00
GC002,Non-Brand - CBD Oil UK,987654321,Vitalis UK,2025-01-03,3725,197,33780000,4.8,168.17,TABLET,SEARCH,2025-01-04T00:00:00
GC003,Non-Brand - Supplements UK,987654321,Vitalis UK,2025-01-03,3415,139,34260000,3.2,114.93,TABLET,SEARCH,2025-01-04T00:00:00
GC004,Shopping - All Products,987654321,Vitalis UK,2025-01-03,1922,106,31420000,4.0,226.41,DESKTOP,SEARCH_PARTNERS,2025-01-04T00:00:00
GC005,PMax - Wellness,987654321,Vitalis UK,2025-01-03,5028,323,35640000,8.0,348.86,DESKTOP,SEARCH,2025-01-04T00:00:00
GC001,Brand - Vitalis,987654321,Vitalis UK,2025-01-04,1217,63,15460000,5.9,362.4,MOBILE,SEARCH,2025-01-05T00:00:00
GC002,Non-Brand - CBD Oil UK,987654321,Vitalis UK,2025-01-04,2314,74,37330000,2.3,138.97,TABLET,SEARCH,2025-01-05T00:00:00
GC003,Non-Brand - Supplements UK,987654321,Vitalis UK,2025-01-04,3995,216,36660000,6.2,378.11,MOBILE,SEARCH,2025-01-05T00:00:00
GC004,Shopping - All Products,987654321,Vitalis UK,2025-01-04,3826,200,29030000,6.4,348.62,TABLET,SEARCH_PARTNERS,2025-01-05T00:00:00
GC005,PMax - Wellness,987654321,Vitalis UK,2025-01-04,5360,334,43680000,8.6,447.39,TABLET,SEARCH,2025-01-05T00:00:00
GC001,Brand - Vitalis,987654321,Vitalis UK,2025-01-05,1063,44,16379999,2.9,174.27,TABLET,SEARCH,2025-01-06T00:00:00
GC002,Non-Brand - CBD Oil UK,987654321,Vitalis UK,2025-01-05,3719,139,39440000,2.5,128.98,TABLET,SEARCH,2025-01-06T00:00:00
GC003,Non-Brand - Supplements UK,987654321,Vitalis UK,2025-01-05,3787,261,39550000,6.4,415.22,TABLET,SEARCH,2025-01-06T00:00:00
GC004,Shopping - All Products,987654321,Vitalis UK,2025-01-05,2557,107,25620000,2.7,170.56,TABLET,SEARCH_PARTNERS,2025-01-06T00:00:00
GC005,PMax - Wellness,987654321,Vitalis UK,2025-01-05,5063,209,47000000,4.9,191.99,MOBILE,SEARCH,2025-01-06T00:00:00
GC001,Brand - Vitalis,987654321,Vitalis UK,2025-01-06,2326,91,20010000,7.7,354.06,DESKTOP,SEARCH,2025-01-07T00:00:00
GC002,Non-Brand - CBD Oil UK,987654321,Vitalis UK,2025-01-06,3620,237,44030000,4.8,186.5,DESKTOP,SEARCH,2025-01-07T00:00:00
GC003,Non-Brand - Supplements UK,987654321,Vitalis UK,2025-01-06,3614,224,42600000,7.2,267.8,MOBILE,SEARCH,2025-01-07T00:00:00
GC004,Shopping - All Products,987654321,Vitalis UK,2025-01-06,4978,182,34010000,7.5,338.19,MOBILE,SEARCH_PARTNERS,2025-01-07T00:00:00
GC005,PMax - Wellness,987654321,Vitalis UK,2025-01-06,5026,163,40930000,4.5,272.07,DESKTOP,SEARCH,2025-01-07T00:00:00
GC001,Brand - Vitalis,987654321,Vitalis UK,2025-01-07,1993,108,20280000,7.0,427.11,MOBILE,SEARCH,2025-01-08T00:00:00
GC002,Non-Brand - CBD Oil UK,987654321,Vitalis UK,2025-01-07,4469,146,41340000,4.6,225.53,TABLET,SEARCH,2025-01-08T00:00:00
GC003,Non-Brand - Supplements UK,987654321,Vitalis UK,2025-01-07,4871,256,41260000,7.6,331.28,DESKTOP,SEARCH,2025-01-08T00:00:00
GC004,Shopping - All Products,987654321,Vitalis UK,2025-01-07,4438,146,35780000,5.7,354.41,TABLET,SEARCH_PARTNERS,2025-01-08T00:00:00
GC005,PMax - Wellness,987654321,Vitalis UK,2025-01-07,5402,327,45880000,8.7,368.27,DESKTOP,SEARCH,2025-01-08T00:00:00
GC001,Brand - Vitalis,987654321,Vitalis UK,2025-01-08,1435,98,22010000,6.1,370.04,TABLET,SEARCH,2025-01-09T00:00:00
GC002,Non-Brand - CBD Oil UK,987654321,Vitalis UK,2025-01-08,2562,111,42680000,3.5,207.08,TABLET,SEARCH,2025-01-09T00:00:00
GC003,Non-Brand - Supplements UK,987654321,Vitalis UK,2025-01-08,4653,229,39420000,5.1,211.09,MOBILE,SEARCH,2025-01-09T00:00:00
GC004,Shopping - All Products,987654321,Vitalis UK,2025-01-08,5346,201,40680000,6.0,248.19,MOBILE,SEARCH_PARTNERS,2025-01-09T00:00:00
GC005,PMax - Wellness,987654321,Vitalis UK,2025-01-08,7083,276,55570000,8.7,452.29,DESKTOP,SEARCH,2025-01-09T00:00:00
GC001,Brand - Vitalis,987654321,Vitalis UK,2025-01-09,3823,206,29200000,15.5,804.68,DESKTOP,SEARCH,2025-01-10T00:00:00
GC002,Non-Brand - CBD Oil UK,987654321,Vitalis UK,2025-01-09,3865,117,48420000,2.8,114.1,MOBILE,SEARCH,2025-01-10T00:00:00
GC003,Non-Brand - Supplements UK,987654321,Vitalis UK,2025-01-09,5597,284,53110000,9.0,366.35,MOBILE,SEARCH,2025-01-10T00:00:00
GC004,Shopping - All Products,987654321,Vitalis UK,2025-01-09,5429,260,45990000,6.7,262.18,DESKTOP,SEARCH_PARTNERS,2025-01-10T00:00:00
GC005,PMax - Wellness,987654321,Vitalis UK,2025-01-09,7379,479,61480000,13.1,540.29,TABLET,SEARCH,2025-01-10T00:00:00
GC001,Brand - Vitalis,987654321,Vitalis UK,2025-01-10,3297,171,24010000,17.3,748.29,DESKTOP,SEARCH,2025-01-11T00:00:00
GC002,Non-Brand - CBD Oil UK,987654321,Vitalis UK,2025-01-10,5598,346,50340000,9.7,373.18,TABLET,SEARCH,2025-01-11T00:00:00
GC003,Non-Brand - Supplements UK,987654321,Vitalis UK,2025-01-10,6573,245,49210000,6.2,224.99,MOBILE,SEARCH,2025-01-11T00:00:00
GC004,Shopping - All Products,987654321,Vitalis UK,2025-01-10,3963,267,47830000,8.9,438.56,TABLET,SEARCH_PARTNERS,2025-01-11T00:00:00
GC005,PMax - Wellness,987654321,Vitalis UK,2025-01-10,6877,438,59950000,16.6,797.42,TABLET,SEARCH,2025-01-11T00:00:00
GC001,Brand - Vitalis,987654321,Vitalis UK,2025-01-11,1955,130,25000000,12.9,688.81,DESKTOP,SEARCH,2025-01-12T00:00:00
GC002,Non-Brand - CBD Oil UK,987654321,Vitalis UK,2025-01-11,3637,249,56980000,5.6,309.42,TABLET,SEARCH,2025-01-12T00:00:00
GC003,Non-Brand - Supplements UK,987654321,Vitalis UK,2025-01-11,7187,281,53140000,7.1,286.59,MOBILE,SEARCH,2025-01-12T00:00:00
GC004,Shopping - All Products,987654321,Vitalis UK,2025-01-11,4459,276,48660000,6.8,309.07,MOBILE,SEARCH_PARTNERS,2025-01-12T00:00:00
GC005,PMax - Wellness,987654321,Vitalis UK,2025-01-11,8640,551,65200000,13.5,543.11,TABLET,SEARCH,2025-01-12T00:00:00
GC001,Brand - Vitalis,987654321,Vitalis UK,2025-01-12,1531,63,20030000,6.2,263.94,DESKTOP,SEARCH,2025-01-13T00:00:00
GC002,Non-Brand - CBD Oil UK,987654321,Vitalis UK,2025-01-12,3994,137,51320000,2.5,125.52,TABLET,SEARCH,2025-01-13T00:00:00
GC003,Non-Brand - Supplements UK,987654321,Vitalis UK,2025-01-12,3868,163,48440000,4.9,184.98,TABLET,SEARCH,2025-01-13T00:00:00
GC004,Shopping - All Products,987654321,Vitalis UK,2025-01-12,2392,109,35990000,4.1,207.64,TABLET,SEARCH_PARTNERS,2025-01-13T00:00:00
GC005,PMax - Wellness,987654321,Vitalis UK,2025-01-12,4700,153,56680000,4.9,233.62,DESKTOP,SEARCH,2025-01-13T00:00:00
GC001,Brand - Vitalis,987654321,Vitalis UK,2025-01-13,1992,116,25720000,11.2,468.23,DESKTOP,SEARCH,2025-01-14T00:00:00
GC002,Non-Brand - CBD Oil UK,987654321,Vitalis UK,2025-01-13,4088,198,46410000,4.7,260.21,MOBILE,SEARCH,2025-01-14T00:00:00
GC003,Non-Brand - Supplements UK,987654321,Vitalis UK,2025-01-13,3224,216,45370000,4.5,238.72,MOBILE,SEARCH,2025-01-14T00:00:00
GC004,Shopping - All Products,987654321,Vitalis UK,2025-01-13,2701,159,34890000,5.2,221.55,DESKTOP,SEARCH_PARTNERS,2025-01-14T00:00:00
GC005,PMax - Wellness,987654321,Vitalis UK,2025-01-13,4513,218,50780000,6.8,342.1,TABLET,SEARCH,2025-01-14T00:00:00
GC001,Brand - Vitalis,987654321,Vitalis UK,2025-01-14,2083,70,24090000,5.9,265.03,DESKTOP,SEARCH,2025-01-15T00:00:00
GC002,Non-Brand - CBD Oil UK,987654321,Vitalis UK,2025-01-14,3762,132,52220000,4.2,238.34,MOBILE,SEARCH,2025-01-15T00:00:00
GC003,Non-Brand - Supplements UK,987654321,Vitalis UK,2025-01-14,6825,258,48010000,7.3,472.96,DESKTOP,SEARCH,2025-01-15T00:00:00
GC004,Shopping - All Products,987654321,Vitalis UK,2025-01-14,3545,160,44200000,7.2,396.28,TABLET,SEARCH_PARTNERS,2025-01-15T00:00:00
GC005,PMax - Wellness,987654321,Vitalis UK,2025-01-14,5364,369,51740000,11.5,566.6,MOBILE,SEARCH,2025-01-15T00:00:00
GC001,Brand - Vitalis,987654321,Vitalis UK,2025-01-15,1654,99,23870000,7.3,291.63,TABLET,SEARCH,2025-01-16T00:00:00
GC002,Non-Brand - CBD Oil UK,987654321,Vitalis UK,2025-01-15,5175,283,42590000,5.8,231.1,DESKTOP,SEARCH,2025-01-16T00:00:00
GC003,Non-Brand - Supplements UK,987654321,Vitalis UK,2025-01-15,4086,125,49530000,2.8,152.28,DESKTOP,SEARCH,2025-01-16T00:00:00
GC004,Shopping - All Products,987654321,Vitalis UK,2025-01-15,3455,106,42090000,3.2,148.1,TABLET,SEARCH_PARTNERS,2025-01-16T00:00:00
GC005,PMax - Wellness,987654321,Vitalis UK,2025-01-15,6038,405,52550000,9.1,555.68,TABLET,SEARCH,2025-01-16T00:00:00
GC001,Brand - Vitalis,987654321,Vitalis UK,2025-01-16,2859,90,22070000,7.1,387.41,MOBILE,SEARCH,2025-01-17T00:00:00
GC002,Non-Brand - CBD Oil UK,987654321,Vitalis UK,2025-01-16,6564,354,52580000,8.7,539.56,DESKTOP,SEARCH,2025-01-17T00:00:00
GC003,Non-Brand - Supplements UK,987654321,Vitalis UK,2025-01-16,4490,229,47220000,5.7,359.43,DESKTOP,SEARCH,2025-01-17T00:00:00
GC004,Shopping - All Products,987654321,Vitalis UK,2025-01-16,6294,303,45580000,12.6,504.66,TABLET,SEARCH_PARTNERS,2025-01-17T00:00:00
GC005,PMax - Wellness,987654321,Vitalis UK,2025-01-16,7734,299,54500000,6.7,285.19,MOBILE,SEARCH,2025-01-17T00:00:00
GC001,Brand - Vitalis,987654321,Vitalis UK,2025-01-17,2716,142,24170000,11.1,706.98,TABLET,SEARCH,2025-01-18T00:00:00
GC002,Non-Brand - CBD Oil UK,987654321,Vitalis UK,2025-01-17,6563,308,46740000,8.1,508.63,TABLET,SEARCH,2025-01-18T00:00:00
GC003,Non-Brand - Supplements UK,987654321,Vitalis UK,2025-01-17,4609,275,53490000,8.3,380.42,TABLET,SEARCH,2025-01-18T00:00:00
GC004,Shopping - All Products,987654321,Vitalis UK,2025-01-17,4158,200,42470000,5.4,232.73,TABLET,SEARCH_PARTNERS,2025-01-18T00:00:00
GC005,PMax - Wellness,987654321,Vitalis UK,2025-01-17,6959,289,60290000,9.6,511.88,TABLET,SEARCH,2025-01-18T00:00:00
GC001,Brand - Vitalis,987654321,Vitalis UK,2025-01-18,3081,120,27060000,9.2,448.25,DESKTOP,SEARCH,2025-01-19T00:00:00
GC002,Non-Brand - CBD Oil UK,987654321,Vitalis UK,2025-01-18,4042,190,56680000,3.9,138.82,MOBILE,SEARCH,2025-01-19T00:00:00
GC003,Non-Brand - Supplements UK,987654321,Vitalis UK,2025-01-18,6315,285,54350000,8.8,561.6,TABLET,SEARCH,2025-01-19T00:00:00
GC004,Shopping - All Products,987654321,Vitalis UK,2025-01-18,3773,118,35670000,3.1,141.28,DESKTOP,SEARCH_PARTNERS,2025-01-19T00:00:00
GC005,PMax - Wellness,987654321,Vitalis UK,2025-01-18,8152,409,57390000,11.1,528.62,TABLET,SEARCH,2025-01-19T00:00:00
GC001,Brand - Vitalis,987654321,Vitalis UK,2025-01-19,3058,163,24500000,12.0,756.18,DESKTOP,SEARCH,2025-01-20T00:00:00
GC002,Non-Brand - CBD Oil UK,987654321,Vitalis UK,2025-01-19,7637,253,55920000,5.2,229.38,TABLET,SEARCH,2025-01-20T00:00:00
GC003,Non-Brand - Supplements UK,987654321,Vitalis UK,2025-01-19,4632,300,46750000,9.2,330.02,MOBILE,SEARCH,2025-01-20T00:00:00
GC004,Shopping - All Products,987654321,Vitalis UK,2025-01-19,3342,176,39500000,4.6,234.31,MOBILE,SEARCH_PARTNERS,2025-01-20T00:00:00
GC005,PMax - Wellness,987654321,Vitalis UK,2025-01-19,9171,511,63890000,12.3,710.59,TABLET,SEARCH,2025-01-20T00:00:00
GC001,Brand - Vitalis,987654321,Vitalis UK,2025-01-20,1934,81,25910000,6.9,425.75,DESKTOP,SEARCH,2025-01-21T00:00:00
GC002,Non-Brand - CBD Oil UK,987654321,Vitalis UK,2025-01-20,5961,278,47490000,6.7,249.89,DESKTOP,SEARCH,2025-01-21T00:00:00
GC003,Non-Brand - Supplements UK,987654321,Vitalis UK,2025-01-20,3552,170,53630000,5.2,247.61,TABLET,SEARCH,2025-01-21T00:00:00
GC004,Shopping - All Products,987654321,Vitalis UK,2025-01-20,5923,377,40530000,13.6,767.11,MOBILE,SEARCH_PARTNERS,2025-01-21T00:00:00
GC005,PMax - Wellness,987654321,Vitalis UK,2025-01-20,8342,332,57270000,11.3,444.69,DESKTOP,SEARCH,2025-01-21T00:00:00
GC001,Brand - Vitalis,987654321,Vitalis UK,2025-01-21,3315,206,24750000,11.8,651.96,MOBILE,SEARCH,2025-01-22T00:00:00
GC002,Non-Brand - CBD Oil UK,987654321,Vitalis UK,2025-01-21,5560,358,52160000,10.3,420.0,MOBILE,SEARCH,2025-01-22T00:00:00
GC003,Non-Brand - Supplements UK,987654321,Vitalis UK,2025-01-21,3134,144,49030000,3.3,127.31,MOBILE,SEARCH,2025-01-22T00:00:00
GC004,Shopping - All Products,987654321,Vitalis UK,2025-01-21,3013,185,33610000,6.7,379.71,MOBILE,SEARCH_PARTNERS,2025-01-22T00:00:00
GC005,PMax - Wellness,987654321,Vitalis UK,2025-01-21,7740,536,58450000,12.4,786.34,MOBILE,SEARCH,2025-01-22T00:00:00
GC001,Brand - Vitalis,987654321,Vitalis UK,2025-01-22,2593,81,20480000,6.3,390.13,TABLET,SEARCH,2025-01-23T00:00:00
GC002,Non-Brand - CBD Oil UK,987654321,Vitalis UK,2025-01-22,6120,311,53280000,6.9,307.02,TABLET,SEARCH,2025-01-23T00:00:00
GC003,Non-Brand - Supplements UK,987654321,Vitalis UK,2025-01-22,3484,196,43160000,3.7,214.98,MOBILE,SEARCH,2025-01-23T00:00:00
GC004,Shopping - All Products,987654321,Vitalis UK,2025-01-22,2627,128,35370000,3.7,238.14,MOBILE,SEARCH_PARTNERS,2025-01-23T00:00:00
GC005,PMax - Wellness,987654321,Vitalis UK,2025-01-22,5962,385,47770000,12.9,623.21,DESKTOP,SEARCH,2025-01-23T00:00:00
GC001,Brand - Vitalis,987654321,Vitalis UK,2025-01-23,1710,63,25110000,4.8,255.42,DESKTOP,SEARCH,2025-01-24T00:00:00
GC002,Non-Brand - CBD Oil UK,987654321,Vitalis UK,2025-01-23,6448,219,50140000,4.1,146.34,DESKTOP,SEARCH,2025-01-24T00:00:00
GC003,Non-Brand - Supplements UK,987654321,Vitalis UK,2025-01-23,3179,156,45510000,3.5,163.51,MOBILE,SEARCH,2025-01-24T00:00:00
GC004,Shopping - All Products,987654321,Vitalis UK,2025-01-23,4057,237,42020000,9.2,420.6,MOBILE,SEARCH_PARTNERS,2025-01-24T00:00:00
GC005,PMax - Wellness,987654321,Vitalis UK,2025-01-23,6452,356,54930000,12.1,591.75,MOBILE,SEARCH,2025-01-24T00:00:00
GC001,Brand - Vitalis,987654321,Vitalis UK,2025-01-24,2874,161,22020000,16.7,820.96,MOBILE,SEARCH,2025-01-25T00:00:00
GC002,Non-Brand - CBD Oil UK,987654321,Vitalis UK,2025-01-24,3645,248,39870000,6.7,351.9,DESKTOP,SEARCH,2025-01-25T00:00:00
GC003,Non-Brand - Supplements UK,987654321,Vitalis UK,2025-01-24,5932,263,49380000,7.2,348.19,MOBILE,SEARCH,2025-01-25T00:00:00
GC004,Shopping - All Products,987654321,Vitalis UK,2025-01-24,2728,104,33540000,4.5,191.42,MOBILE,SEARCH_PARTNERS,2025-01-25T00:00:00
GC005,PMax - Wellness,987654321,Vitalis UK,2025-01-24,6986,378,48570000,11.5,637.77,DESKTOP,SEARCH,2025-01-25T00:00:00
GC001,Brand - Vitalis,987654321,Vitalis UK,2025-01-25,3250,101,28350000,7.3,271.32,MOBILE,SEARCH,2025-01-26T00:00:00
GC002,Non-Brand - CBD Oil UK,987654321,Vitalis UK,2025-01-25,5707,321,50260000,8.7,535.59,MOBILE,SEARCH,2025-01-26T00:00:00
GC003,Non-Brand - Supplements UK,987654321,Vitalis UK,2025-01-25,5029,324,54420000,6.4,398.83,TABLET,SEARCH,2025-01-26T00:00:00
GC004,Shopping - All Products,987654321,Vitalis UK,2025-01-25,3603,178,36940000,4.7,211.45,TABLET,SEARCH_PARTNERS,2025-01-26T00:00:00
GC005,PMax - Wellness,987654321,Vitalis UK,2025-01-25,4087,277,58530000,6.3,317.55,MOBILE,SEARCH,2025-01-26T00:00:00
GC001,Brand - Vitalis,987654321,Vitalis UK,2025-01-26,2871,188,27970000,16.2,945.49,TABLET,SEARCH,2025-01-27T00:00:00
GC002,Non-Brand - CBD Oil UK,987654321,Vitalis UK,2025-01-26,3358,172,55860000,4.4,204.5,DESKTOP,SEARCH,2025-01-27T00:00:00
GC003,Non-Brand - Supplements UK,987654321,Vitalis UK,2025-01-26,4533,294,45870000,5.6,308.76,DESKTOP,SEARCH,2025-01-27T00:00:00
GC004,Shopping - All Products,987654321,Vitalis UK,2025-01-26,2559,128,41570000,3.3,141.91,TABLET,SEARCH_PARTNERS,2025-01-27T00:00:00
GC005,PMax - Wellness,987654321,Vitalis UK,2025-01-26,7734,431,67160000,16.4,632.58,DESKTOP,SEARCH,2025-01-27T00:00:00
GC001,Brand - Vitalis,987654321,Vitalis UK,2025-01-27,2602,173,21930000,13.0,711.25,DESKTOP,SEARCH,2025-01-28T00:00:00
GC002,Non-Brand - CBD Oil UK,987654321,Vitalis UK,2025-01-27,6756,260,56610000,7.8,446.05,MOBILE,SEARCH,2025-01-28T00:00:00
GC003,Non-Brand - Supplements UK,987654321,Vitalis UK,2025-01-27,8124,304,57440000,9.1,494.61,MOBILE,SEARCH,2025-01-28T00:00:00
GC004,Shopping - All Products,987654321,Vitalis UK,2025-01-27,4141,264,37300000,11.2,406.35,MOBILE,SEARCH_PARTNERS,2025-01-28T00:00:00
GC005,PMax - Wellness,987654321,Vitalis UK,2025-01-27,7184,292,62450000,8.6,401.93,MOBILE,SEARCH,2025-01-28T00:00:00
GC001,Brand - Vitalis,987654321,Vitalis UK,2025-01-28,1963,67,23610000,6.1,253.26,DESKTOP,SEARCH,2025-01-29T00:00:00
GC002,Non-Brand - CBD Oil UK,987654321,Vitalis UK,2025-01-28,6155,346,52710000,7.0,385.91,DESKTOP,SEARCH,2025-01-29T00:00:00
GC003,Non-Brand - Supplements UK,987654321,Vitalis UK,2025-01-28,6329,386,49400000,7.5,346.16,DESKTOP,SEARCH,2025-01-29T00:00:00
GC004,Shopping - All Products,987654321,Vitalis UK,2025-01-28,6044,334,43580000,13.8,761.86,DESKTOP,SEARCH_PARTNERS,2025-01-29T00:00:00
GC005,PMax - Wellness,987654321,Vitalis UK,2025-01-28,8085,360,58170000,7.9,283.81,DESKTOP,SEARCH,2025-01-29T00:00:00
GC001,Brand - Vitalis,987654321,Vitalis UK,2025-01-29,2733,106,20920000,8.1,348.05,DESKTOP,SEARCH,2025-01-30T00:00:00
GC002,Non-Brand - CBD Oil UK,987654321,Vitalis UK,2025-01-29,3144,126,41060000,3.3,139.77,DESKTOP,SEARCH,2025-01-30T00:00:00
GC003,Non-Brand - Supplements UK,987654321,Vitalis UK,2025-01-29,5813,237,45520000,7.0,329.54,MOBILE,SEARCH,2025-01-30T00:00:00
GC004,Shopping - All Products,987654321,Vitalis UK,2025-01-29,4577,214,35330000,8.4,419.75,DESKTOP,SEARCH_PARTNERS,2025-01-30T00:00:00
GC005,PMax - Wellness,987654321,Vitalis UK,2025-01-29,6588,355,58620000,12.5,592.34,DESKTOP,SEARCH,2025-01-30T00:00:00
GC001,Brand - Vitalis,987654321,Vitalis UK,2025-01-30,2182,101,26120000,10.3,609.73,DESKTOP,SEARCH,2025-01-31T00:00:00
GC002,Non-Brand - CBD Oil UK,987654321,Vitalis UK,2025-01-30,5278,231,53250000,6.0,224.58,MOBILE,SEARCH,2025-01-31T00:00:00
GC003,Non-Brand - Supplements UK,987654321,Vitalis UK,2025-01-30,5197,223,49970000,6.6,326.06,TABLET,SEARCH,2025-01-31T00:00:00
GC004,Shopping - All Products,987654321,Vitalis UK,2025-01-30,6603,316,46110000,14.0,641.83,DESKTOP,SEARCH_PARTNERS,2025-01-31T00:00:00
GC005,PMax - Wellness,987654321,Vitalis UK,2025-01-30,8985,427,66510000,12.1,610.19,DESKTOP,SEARCH,2025-01-31T00:00:00
GC001,Brand - Vitalis,987654321,Vitalis UK,2025-01-31,1851,64,20830000,5.1,264.93,MOBILE,SEARCH,2025-02-01T00:00:00
GC002,Non-Brand - CBD Oil UK,987654321,Vitalis UK,2025-01-31,4398,174,42420000,3.4,134.51,TABLET,SEARCH,2025-02-01T00:00:00
GC003,Non-Brand - Supplements UK,987654321,Vitalis UK,2025-01-31,4375,150,44330000,3.9,241.2,MOBILE,SEARCH,2025-02-01T00:00:00
GC004,Shopping - All Products,987654321,Vitalis UK,2025-01-31,4856,312,39180000,11.1,535.97,TABLET,SEARCH_PARTNERS,2025-02-01T00:00:00
GC005,PMax - Wellness,987654321,Vitalis UK,2025-01-31,7532,241,58200000,6.2,271.24,TABLET,SEARCH,2025-02-01T00:00:00
GC001,Brand - Vitalis,987654321,Vitalis UK,2025-02-01,1697,85,28080000,6.2,366.47,MOBILE,SEARCH,2025-02-02T00:00:00
GC002,Non-Brand - CBD Oil UK,987654321,Vitalis UK,2025-02-01,6326,234,55990000,4.8,187.98,MOBILE,SEARCH,2025-02-02T00:00:00
GC003,Non-Brand - Supplements UK,987654321,Vitalis UK,2025-02-01,5236,243,60870000,5.2,231.93,TABLET,SEARCH,2025-02-02T00:00:00
GC004,Shopping - All Products,987654321,Vitalis UK,2025-02-01,4094,229,46450000,9.4,589.35,DESKTOP,SEARCH_PARTNERS,2025-02-02T00:00:00
GC005,PMax - Wellness,987654321,Vitalis UK,2025-02-01,4884,202,59000000,6.0,284.39,MOBILE,SEARCH,2025-02-02T00:00:00
GC001,Brand - Vitalis,987654321,Vitalis UK,2025-02-02,2826,118,28740000,9.4,500.66,MOBILE,SEARCH,2025-02-03T00:00:00
GC002,Non-Brand - CBD Oil UK,987654321,Vitalis UK,2025-02-02,6506,221,54080000,4.1,160.35,MOBILE,SEARCH,2025-02-03T00:00:00
GC003,Non-Brand - Supplements UK,987654321,Vitalis UK,2025-02-02,7469,264,62240000,5.2,186.14,TABLET,SEARCH,2025-02-03T00:00:00
GC004,Shopping - All Products,987654321,Vitalis UK,2025-02-02,6989,419,48050000,13.8,640.73,DESKTOP,SEARCH_PARTNERS,2025-02-03T00:00:00
GC005,PMax - Wellness,987654321,Vitalis UK,2025-02-02,10144,502,74920000,18.0,966.83,TABLET,SEARCH,2025-02-03T00:00:00
GC001,Brand - Vitalis,987654321,Vitalis UK,2025-02-03,2473,166,26950000,12.3,439.31,DESKTOP,SEARCH,2025-02-04T00:00:00
GC002,Non-Brand - CBD Oil UK,987654321,Vitalis UK,2025-02-03,9168,452,66750000,9.3,512.55,TABLET,SEARCH,2025-02-04T00:00:00
GC003,Non-Brand - Supplements UK,987654321,Vitalis UK,2025-02-03,8284,473,66250000,15.1,913.12,TABLET,SEARCH,2025-02-04T00:00:00
GC004,Shopping - All Products,987654321,Vitalis UK,2025-02-03,7240,434,56690000,15.2,867.13,MOBILE,SEARCH_PARTNERS,2025-02-04T00:00:00
GC005,PMax - Wellness,987654321,Vitalis UK,2025-02-03,5706,260,70420000,8.2,440.8,DESKTOP,SEARCH,2025-02-04T00:00:00
GC001,Brand - Vitalis,987654321,Vitalis UK,2025-02-04,2285,138,25060000,13.1,848.73,MOBILE,SEARCH,2025-02-05T00:00:00
GC002,Non-Brand - CBD Oil UK,987654321,Vitalis UK,2025-02-04,5169,265,63050000,5.4,322.15,MOBILE,SEARCH,2025-02-05T00:00:00
GC003,Non-Brand - Supplements UK,987654321,Vitalis UK,2025-02-04,8895,315,63960000,8.3,405.56,DESKTOP,SEARCH,2025-02-05T00:00:00
GC004,Shopping - All Products,987654321,Vitalis UK,2025-02-04,5171,211,50750000,7.4,409.14,MOBILE,SEARCH_PARTNERS,2025-02-05T00:00:00
GC005,PMax - Wellness,987654321,Vitalis UK,2025-02-04,7756,295,72570000,9.7,605.78,MOBILE,SEARCH,2025-02-05T00:00:00
GC001,Brand - Vitalis,987654321,Vitalis UK,2025-02-05,2543,123,26240000,7.4,370.69,DESKTOP,SEARCH,2025-02-06T00:00:00
GC002,Non-Brand - CBD Oil UK,987654321,Vitalis UK,2025-02-05,4634,260,53970000,8.1,500.26,DESKTOP,SEARCH,2025-02-06T00:00:00
GC003,Non-Brand - Supplements UK,987654321,Vitalis UK,2025-02-05,3693,258,54310000,5.0,229.77,TABLET,SEARCH,2025-02-06T00:00:00
GC004,Shopping - All Products,987654321,Vitalis UK,2025-02-05,3170,97,42300000,2.9,172.43,TABLET,SEARCH_PARTNERS,2025-02-06T00:00:00
GC005,PMax - Wellness,987654321,Vitalis UK,2025-02-05,5494,378,62560000,9.9,452.82,TABLET,SEARCH,2025-02-06T00:00:00
GC001,Brand - Vitalis,987654321,Vitalis UK,2025-02-06,1877,105,30720000,6.9,355.23,TABLET,SEARCH,2025-02-07T00:00:00
GC002,Non-Brand - CBD Oil UK,987654321,Vitalis UK,2025-02-06,7266,282,59710000,6.0,256.21,TABLET,SEARCH,2025-02-07T00:00:00
GC003,Non-Brand - Supplements UK,987654321,Vitalis UK,2025-02-06,6241,360,56210000,9.1,397.5,MOBILE,SEARCH,2025-02-07T00:00:00
GC004,Shopping - All Products,987654321,Vitalis UK,2025-02-06,5755,240,43220000,10.6,376.3,DESKTOP,SEARCH_PARTNERS,2025-02-07T00:00:00
GC005,PMax - Wellness,987654321,Vitalis UK,2025-02-06,3917,251,59510000,8.8,313.42,TABLET,SEARCH,2025-02-07T00:00:00
GC001,Brand - Vitalis,987654321,Vitalis UK,2025-02-07,3914,147,28100000,9.6,351.63,TABLET,SEARCH,2025-02-08T00:00:00
GC002,Non-Brand - CBD Oil UK,987654321,Vitalis UK,2025-02-07,5209,237,47640000,5.9,255.18,TABLET,SEARCH,2025-02-08T00:00:00
GC003,Non-Brand - Supplements UK,987654321,Vitalis UK,2025-02-07,6234,312,59830000,7.6,430.1,MOBILE,SEARCH,2025-02-08T00:00:00
GC004,Shopping - All Products,987654321,Vitalis UK,2025-02-07,4619,241,46500000,7.7,407.71,TABLET,SEARCH_PARTNERS,2025-02-08T00:00:00
GC005,PMax - Wellness,987654321,Vitalis UK,2025-02-07,5522,233,55240000,8.4,442.22,TABLET,SEARCH,2025-02-08T00:00:00
GC001,Brand - Vitalis,987654321,Vitalis UK,2025-02-08,3289,145,25000000,13.2,701.76,TABLET,SEARCH,2025-02-09T00:00:00
GC002,Non-Brand - CBD Oil UK,987654321,Vitalis UK,2025-02-08,6319,215,48840000,5.7,262.72,TABLET,SEARCH,2025-02-09T00:00:00
GC003,Non-Brand - Supplements UK,987654321,Vitalis UK,2025-02-08,4408,223,50270000,4.5,274.27,MOBILE,SEARCH,2025-02-09T00:00:00
GC004,Shopping - All Products,987654321,Vitalis UK,2025-02-08,6592,408,46030000,16.7,946.36,DESKTOP,SEARCH_PARTNERS,2025-02-09T00:00:00
GC005,PMax - Wellness,987654321,Vitalis UK,2025-02-08,6935,249,58310000,9.1,556.88,TABLET,SEARCH,2025-02-09T00:00:00
GC001,Brand - Vitalis,987654321,Vitalis UK,2025-02-09,3682,122,24990000,11.5,553.06,MOBILE,SEARCH,2025-02-10T00:00:00
GC002,Non-Brand - CBD Oil UK,987654321,Vitalis UK,2025-02-09,3845,250,58710000,4.8,301.31,TABLET,SEARCH,2025-02-10T00:00:00
GC003,Non-Brand - Supplements UK,987654321,Vitalis UK,2025-02-09,6596,359,54880000,8.8,450.41,TABLET,SEARCH,2025-02-10T00:00:00
GC004,Shopping - All Products,987654321,Vitalis UK,2025-02-09,3764,181,39470000,7.0,416.04,MOBILE,SEARCH_PARTNERS,2025-02-10T00:00:00
GC005,PMax - Wellness,987654321,Vitalis UK,2025-02-09,3894,222,61060000,7.2,282.77,TABLET,SEARCH,2025-02-10T00:00:00
GC001,Brand - Vitalis,987654321,Vitalis UK,2025-02-10,3653,244,28830000,21.8,1111.53,MOBILE,SEARCH,2025-02-11T00:00:00
GC002,Non-Brand - CBD Oil UK,987654321,Vitalis UK,2025-02-10,4516,199,58460000,6.3,279.6,MOBILE,SEARCH,2025-02-11T00:00:00
GC003,Non-Brand - Supplements UK,987654321,Vitalis UK,2025-02-10,4437,234,54090000,7.0,257.18,TABLET,SEARCH,2025-02-11T00:00:00
GC004,Shopping - All Products,987654321,Vitalis UK,2025-02-10,6422,292,44320000,11.0,432.45,DESKTOP,SEARCH_PARTNERS,2025-02-11T00:00:00
GC005,PMax - Wellness,987654321,Vitalis UK,2025-02-10,8934,371,71140000,9.2,332.85,MOBILE,SEARCH,2025-02-11T00:00:00
GC001,Brand - Vitalis,987654321,Vitalis UK,2025-02-11,3344,225,29280000,16.4,738.5,TABLET,SEARCH,2025-02-12T00:00:00
GC002,Non-Brand - CBD Oil UK,987654321,Vitalis UK,2025-02-11,8536,452,61680000,10.4,424.12,DESKTOP,SEARCH,2025-02-12T00:00:00
GC003,Non-Brand - Supplements UK,987654321,Vitalis UK,2025-02-11,5083,164,49820000,4.3,275.54,DESKTOP,SEARCH,2025-02-12T00:00:00
GC004,Shopping - All Products,987654321,Vitalis UK,2025-02-11,3823,221,44720000,7.4,288.44,MOBILE,SEARCH_PARTNERS,2025-02-12T00:00:00
GC005,PMax - Wellness,987654321,Vitalis UK,2025-02-11,5877,236,59180000,9.0,507.14,TABLET,SEARCH,2025-02-12T00:00:00
GC001,Brand - Vitalis,987654321,Vitalis UK,2025-02-12,1834,101,27520000,7.0,261.8,TABLET,SEARCH,2025-02-13T00:00:00
GC002,Non-Brand - CBD Oil UK,987654321,Vitalis UK,2025-02-12,4131,226,52400000,6.3,269.67,MOBILE,SEARCH,2025-02-13T00:00:00
GC003,Non-Brand - Supplements UK,987654321,Vitalis UK,2025-02-12,5885,205,67920000,5.2,210.43,DESKTOP,SEARCH,2025-02-13T00:00:00
GC004,Shopping - All Products,987654321,Vitalis UK,2025-02-12,6345,275,43210000,7.2,362.64,DESKTOP,SEARCH_PARTNERS,2025-02-13T00:00:00
GC005,PMax - Wellness,987654321,Vitalis UK,2025-02-12,10282,554,77890000,14.9,789.16,MOBILE,SEARCH,2025-02-13T00:00:00
GC001,Brand - Vitalis,987654321,Vitalis UK,2025-02-13,1542,62,25120000,5.4,297.91,DESKTOP,SEARCH,2025-02-14T00:00:00
GC002,Non-Brand - CBD Oil UK,987654321,Vitalis UK,2025-02-13,8010,456,54930000,9.9,380.67,DESKTOP,SEARCH,2025-02-14T00:00:00
GC003,Non-Brand - Supplements UK,987654321,Vitalis UK,2025-02-13,5312,324,64970000,6.7,381.31,TABLET,SEARCH,2025-02-14T00:00:00
GC004,Shopping - All Products,987654321,Vitalis UK,2025-02-13,4195,166,48420000,6.9,430.45,MOBILE,SEARCH_PARTNERS,2025-02-14T00:00:00
GC005,PMax - Wellness,987654321,Vitalis UK,2025-02-13,10469,665,71610000,20.4,1136.57,TABLET,SEARCH,2025-02-14T00:00:00
GC001,Brand - Vitalis,987654321,Vitalis UK,2025-02-14,2488,110,24350000,7.1,389.99,DESKTOP,SEARCH,2025-02-15T00:00:00
GC002,Non-Brand - CBD Oil UK,987654321,Vitalis UK,2025-02-14,6610,442,52510000,8.8,478.46,MOBILE,SEARCH,2025-02-15T00:00:00
GC003,Non-Brand - Supplements UK,987654321,Vitalis UK,2025-02-14,3723,234,45810000,5.4,199.13,DESKTOP,SEARCH,2025-02-15T00:00:00
GC004,Shopping - All Products,987654321,Vitalis UK,2025-02-14,6318,370,46440000,9.8,501.71,DESKTOP,SEARCH_PARTNERS,2025-02-15T00:00:00
GC005,PMax - Wellness,987654321,Vitalis UK,2025-02-14,7403,503,55680000,11.3,429.84,TABLET,SEARCH,2025-02-15T00:00:00
GC001,Brand - Vitalis,987654321,Vitalis UK,2025-02-15,1450,48,23290000,4.1,260.14,DESKTOP,SEARCH,2025-02-16T00:00:00
GC002,Non-Brand - CBD Oil UK,987654321,Vitalis UK,2025-02-15,5864,241,55130000,6.5,372.13,DESKTOP,SEARCH,2025-02-16T00:00:00
GC003,Non-Brand - Supplements UK,987654321,Vitalis UK,2025-02-15,8261,334,58690000,6.9,373.11,MOBILE,SEARCH,2025-02-16T00:00:00
GC004,Shopping - All Products,987654321,Vitalis UK,2025-02-15,4210,212,44730000,7.1,280.21,TABLET,SEARCH_PARTNERS,2025-02-16T00:00:00
GC005,PMax - Wellness,987654321,Vitalis UK,2025-02-15,4265,263,61890000,10.0,484.44,TABLET,SEARCH,2025-02-16T00:00:00
GC001,Brand - Vitalis,987654321,Vitalis UK,2025-02-16,2637,84,27350000,6.9,346.55,TABLET,SEARCH,2025-02-17T00:00:00
GC002,Non-Brand - CBD Oil UK,987654321,Vitalis UK,2025-02-16,6376,430,56230000,10.9,505.1,DESKTOP,SEARCH,2025-02-17T00:00:00
GC003,Non-Brand - Supplements UK,987654321,Vitalis UK,2025-02-16,7219,452,50510000,10.8,666.48,DESKTOP,SEARCH,2025-02-17T00:00:00
GC004,Shopping - All Products,987654321,Vitalis UK,2025-02-16,5401,329,40320000,14.6,536.47,MOBILE,SEARCH_PARTNERS,2025-02-17T00:00:00
GC005,PMax - Wellness,987654321,Vitalis UK,2025-02-16,6894,276,57580000,9.0,455.03,DESKTOP,SEARCH,2025-02-17T00:00:00
GC001,Brand - Vitalis,987654321,Vitalis UK,2025-02-17,3415,144,26990000,11.9,692.64,DESKTOP,SEARCH,2025-02-18T00:00:00
GC002,Non-Brand - CBD Oil UK,987654321,Vitalis UK,2025-02-17,5468,336,51910000,8.0,453.79,TABLET,SEARCH,2025-02-18T00:00:00
GC003,Non-Brand - Supplements UK,987654321,Vitalis UK,2025-02-17,8168,343,65069999,8.6,353.44,TABLET,SEARCH,2025-02-18T00:00:00
GC004,Shopping - All Products,987654321,Vitalis UK,2025-02-17,6894,411,51950000,14.7,712.11,TABLET,SEARCH_PARTNERS,2025-02-18T00:00:00
GC005,PMax - Wellness,987654321,Vitalis UK,2025-02-17,6438,386,66230000,12.3,798.76,DESKTOP,SEARCH,2025-02-18T00:00:00
GC001,Brand - Vitalis,987654321,Vitalis UK,2025-02-18,3243,185,29520000,17.9,1088.86,MOBILE,SEARCH,2025-02-19T00:00:00
GC002,Non-Brand - CBD Oil UK,987654321,Vitalis UK,2025-02-18,7467,275,62980000,5.8,261.63,TABLET,SEARCH,2025-02-19T00:00:00
GC003,Non-Brand - Supplements UK,987654321,Vitalis UK,2025-02-18,3429,179,54810000,3.2,128.39,TABLET,SEARCH,2025-02-19T00:00:00
GC004,Shopping - All Products,987654321,Vitalis UK,2025-02-18,3525,140,40460000,4.2,172.02,TABLET,SEARCH_PARTNERS,2025-02-19T00:00:00
GC005,PMax - Wellness,987654321,Vitalis UK,2025-02-18,5208,360,66319999,9.4,346.8,DESKTOP,SEARCH,2025-02-19T00:00:00
GC001,Brand - Vitalis,987654321,Vitalis UK,2025-02-19,3608,171,26530000,11.5,464.84,MOBILE,SEARCH,2025-02-20T00:00:00
GC002,Non-Brand - CBD Oil UK,987654321,Vitalis UK,2025-02-19,8250,485,61070000,11.8,766.47,MOBILE,SEARCH,2025-02-20T00:00:00
GC003,Non-Brand - Supplements UK,987654321,Vitalis UK,2025-02-19,6294,416,50060000,7.5,449.78,MOBILE,SEARCH,2025-02-20T00:00:00
GC004,Shopping - All Products,987654321,Vitalis UK,2025-02-19,2387,95,39320000,4.1,206.99,DESKTOP,SEARCH_PARTNERS,2025-02-20T00:00:00
GC005,PMax - Wellness,987654321,Vitalis UK,2025-02-19,4421,244,66420000,5.6,359.35,MOBILE,SEARCH,2025-02-20T00:00:00
GC001,Brand - Vitalis,987654321,Vitalis UK,2025-02-20,2228,133,25890000,11.5,640.11,DESKTOP,SEARCH,2025-02-21T00:00:00
GC002,Non-Brand - CBD Oil UK,987654321,Vitalis UK,2025-02-20,3872,159,46200000,4.7,256.71,TABLET,SEARCH,2025-02-21T00:00:00
GC003,Non-Brand - Supplements UK,987654321,Vitalis UK,2025-02-20,6673,232,45290000,6.0,357.82,MOBILE,SEARCH,2025-02-21T00:00:00
GC004,Shopping - All Products,987654321,Vitalis UK,2025-02-20,4726,152,50070000,4.1,162.37,DESKTOP,SEARCH_PARTNERS,2025-02-21T00:00:00
GC005,PMax - Wellness,987654321,Vitalis UK,2025-02-20,9932,450,69840000,17.2,735.65,DESKTOP,SEARCH,2025-02-21T00:00:00
GC001,Brand - Vitalis,987654321,Vitalis UK,2025-02-21,3425,140,26300000,10.5,495.94,DESKTOP,SEARCH,2025-02-22T00:00:00
GC002,Non-Brand - CBD Oil UK,987654321,Vitalis UK,2025-02-21,5294,273,60850000,8.3,442.25,DESKTOP,SEARCH,2025-02-22T00:00:00
GC003,Non-Brand - Supplements UK,987654321,Vitalis UK,2025-02-21,9012,576,62260000,11.7,735.07,TABLET,SEARCH,2025-02-22T00:00:00
GC004,Shopping - All Products,987654321,Vitalis UK,2025-02-21,4666,314,46890000,13.2,590.98,DESKTOP,SEARCH_PARTNERS,2025-02-22T00:00:00
GC005,PMax - Wellness,987654321,Vitalis UK,2025-02-21,7637,292,67820000,9.4,524.1,MOBILE,SEARCH,2025-02-22T00:00:00
GC001,Brand - Vitalis,987654321,Vitalis UK,2025-02-22,2692,108,26540000,10.8,608.97,MOBILE,SEARCH,2025-02-23T00:00:00
GC002,Non-Brand - CBD Oil UK,987654321,Vitalis UK,2025-02-22,5523,326,60090000,6.5,276.92,DESKTOP,SEARCH,2025-02-23T00:00:00
GC003,Non-Brand - Supplements UK,987654321,Vitalis UK,2025-02-22,6048,386,52730000,8.9,551.66,DESKTOP,SEARCH,2025-02-23T00:00:00
GC004,Shopping - All Products,987654321,Vitalis UK,2025-02-22,7633,400,51800000,12.8,560.82,DESKTOP,SEARCH_PARTNERS,2025-02-23T00:00:00
GC005,PMax - Wellness,987654321,Vitalis UK,2025-02-22,4539,152,59770000,4.4,241.48,MOBILE,SEARCH,2025-02-23T00:00:00
GC001,Brand - Vitalis,987654321,Vitalis UK,2025-02-23,1834,118,27280000,9.1,435.06,DESKTOP,SEARCH,2025-02-24T00:00:00
GC002,Non-Brand - CBD Oil UK,987654321,Vitalis UK,2025-02-23,4696,207,52060000,5.3,236.25,DESKTOP,SEARCH,2025-02-24T00:00:00
GC003,Non-Brand - Supplements UK,987654321,Vitalis UK,2025-02-23,4562,186,47420000,6.0,318.48,TABLET,SEARCH,2025-02-24T00:00:00
GC004,Shopping - All Products,987654321,Vitalis UK,2025-02-23,5419,223,39000000,6.1,290.09,MOBILE,SEARCH_PARTNERS,2025-02-24T00:00:00
GC005,PMax - Wellness,987654321,Vitalis UK,2025-02-23,9929,579,69600000,12.2,689.08,DESKTOP,SEARCH,2025-02-24T00:00:00
GC001,Brand - Vitalis,987654321,Vitalis UK,2025-02-24,2686,169,26090000,12.2,670.6,TABLET,SEARCH,2025-02-25T00:00:00
GC002,Non-Brand - CBD Oil UK,987654321,Vitalis UK,2025-02-24,9762,665,65830000,13.6,733.01,DESKTOP,SEARCH,2025-02-25T00:00:00
GC003,Non-Brand - Supplements UK,987654321,Vitalis UK,2025-02-24,9408,302,63320000,9.5,513.63,TABLET,SEARCH,2025-02-25T00:00:00
GC004,Shopping - All Products,987654321,Vitalis UK,2025-02-24,5877,189,49870000,6.5,317.3,TABLET,SEARCH_PARTNERS,2025-02-25T00:00:00
GC005,PMax - Wellness,987654321,Vitalis UK,2025-02-24,5231,296,74720000,10.2,639.28,MOBILE,SEARCH,2025-02-25T00:00:00
GC001,Brand - Vitalis,987654321,Vitalis UK,2025-02-25,2388,107,24570000,7.6,384.52,MOBILE,SEARCH,2025-02-26T00:00:00
GC002,Non-Brand - CBD Oil UK,987654321,Vitalis UK,2025-02-25,7131,387,55870000,10.0,548.14,MOBILE,SEARCH,2025-02-26T00:00:00
GC003,Non-Brand - Supplements UK,987654321,Vitalis UK,2025-02-25,4039,214,43760000,4.3,253.14,TABLET,SEARCH,2025-02-26T00:00:00
GC004,Shopping - All Products,987654321,Vitalis UK,2025-02-25,3773,167,42870000,7.6,431.51,MOBILE,SEARCH_PARTNERS,2025-02-26T00:00:00
GC005,PMax - Wellness,987654321,Vitalis UK,2025-02-25,8481,586,67650000,12.7,579.8,MOBILE,SEARCH,2025-02-26T00:00:00
GC001,Brand - Vitalis,987654321,Vitalis UK,2025-02-26,2360,141,22220000,14.6,913.39,TABLET,SEARCH,2025-02-27T00:00:00
GC002,Non-Brand - CBD Oil UK,987654321,Vitalis UK,2025-02-26,3767,132,44270000,4.3,206.88,MOBILE,SEARCH,2025-02-27T00:00:00
GC003,Non-Brand - Supplements UK,987654321,Vitalis UK,2025-02-26,5425,312,59460000,8.0,375.7,DESKTOP,SEARCH,2025-02-27T00:00:00
GC004,Shopping - All Products,987654321,Vitalis UK,2025-02-26,6531,363,46560000,16.1,994.22,TABLET,SEARCH_PARTNERS,2025-02-27T00:00:00
GC005,PMax - Wellness,987654321,Vitalis UK,2025-02-26,8414,407,67000000,12.5,590.44,TABLET,SEARCH,2025-02-27T00:00:00
GC001,Brand - Vitalis,987654321,Vitalis UK,2025-02-27,2338,157,29420000,10.4,589.02,DESKTOP,SEARCH,2025-02-28T00:00:00
GC002,Non-Brand - CBD Oil UK,987654321,Vitalis UK,2025-02-27,6749,219,59180000,4.7,250.99,TABLET,SEARCH,2025-02-28T00:00:00
GC003,Non-Brand - Supplements UK,987654321,Vitalis UK,2025-02-27,7894,411,59820000,9.8,577.61,MOBILE,SEARCH,2025-02-28T00:00:00
GC004,Shopping - All Products,987654321,Vitalis UK,2025-02-27,4053,216,52070000,6.7,405.83,TABLET,SEARCH_PARTNERS,2025-02-28T00:00:00
GC005,PMax - Wellness,987654321,Vitalis UK,2025-02-27,7407,445,56850000,12.3,778.86,MOBILE,SEARCH,2025-02-28T00:00:00
GC001,Brand - Vitalis,987654321,Vitalis UK,2025-02-28,2165,132,26690000,12.6,614.5,TABLET,SEARCH,2025-03-01T00:00:00
GC002,Non-Brand - CBD Oil UK,987654321,Vitalis UK,2025-02-28,4613,172,51360000,4.5,218.57,DESKTOP,SEARCH,2025-03-01T00:00:00
GC003,Non-Brand - Supplements UK,987654321,Vitalis UK,2025-02-28,7087,463,55860000,14.9,667.32,MOBILE,SEARCH,2025-03-01T00:00:00
GC004,Shopping - All Products,987654321,Vitalis UK,2025-02-28,6417,320,45780000,9.6,343.81,TABLET,SEARCH_PARTNERS,2025-03-01T00:00:00
GC005,PMax - Wellness,987654321,Vitalis UK,2025-02-28,7255,375,68920000,9.5,601.59,TABLET,SEARCH,2025-03-01T00:00:00
GC001,Brand - Vitalis,987654321,Vitalis UK,2025-03-01,5193,242,34800000,22.7,1206.8,TABLET,SEARCH,2025-03-02T00:00:00
GC002,Non-Brand - CBD Oil UK,987654321,Vitalis UK,2025-03-01,4952,303,63940000,7.6,445.49,MOBILE,SEARCH,2025-03-02T00:00:00
GC003,Non-Brand - Supplements UK,987654321,Vitalis UK,2025-03-01,4855,337,65200000,6.6,276.81,MOBILE,SEARCH,2025-03-02T00:00:00
GC004,Shopping - All Products,987654321,Vitalis UK,2025-03-01,5794,356,55250000,10.6,471.61,MOBILE,SEARCH_PARTNERS,2025-03-02T00:00:00
GC005,PMax - Wellness,987654321,Vitalis UK,2025-03-01,8984,482,84360000,15.4,699.24,TABLET,SEARCH,2025-03-02T00:00:00
GC001,Brand - Vitalis,987654321,Vitalis UK,2025-03-02,3962,140,36020000,11.6,621.8,MOBILE,SEARCH,2025-03-03T00:00:00
GC002,Non-Brand - CBD Oil UK,987654321,Vitalis UK,2025-03-02,6931,450,74040000,9.9,568.55,MOBILE,SEARCH,2025-03-03T00:00:00
GC003,Non-Brand - Supplements UK,987654321,Vitalis UK,2025-03-02,5811,391,70110000,10.7,464.55,TABLET,SEARCH,2025-03-03T00:00:00
GC004,Shopping - All Products,987654321,Vitalis UK,2025-03-02,6090,226,60340000,5.7,211.98,TABLET,SEARCH_PARTNERS,2025-03-03T00:00:00
GC005,PMax - Wellness,987654321,Vitalis UK,2025-03-02,8481,579,77150000,21.9,822.16,TABLET,SEARCH,2025-03-03T00:00:00
GC001,Brand - Vitalis,987654321,Vitalis UK,2025-03-03,3684,201,30240000,19.4,829.26,MOBILE,SEARCH,2025-03-04T00:00:00
GC002,Non-Brand - CBD Oil UK,987654321,Vitalis UK,2025-03-03,5447,238,65670000,4.7,189.47,MOBILE,SEARCH,2025-03-04T00:00:00
GC003,Non-Brand - Supplements UK,987654321,Vitalis UK,2025-03-03,7420,473,59990000,13.6,683.66,DESKTOP,SEARCH,2025-03-04T00:00:00
GC004,Shopping - All Products,987654321,Vitalis UK,2025-03-03,7065,388,53350000,14.7,669.5,DESKTOP,SEARCH_PARTNERS,2025-03-04T00:00:00
GC005,PMax - Wellness,987654321,Vitalis UK,2025-03-03,8139,459,67120000,14.7,520.03,MOBILE,SEARCH,2025-03-04T00:00:00
GC001,Brand - Vitalis,987654321,Vitalis UK,2025-03-04,2984,99,28550000,9.9,616.47,MOBILE,SEARCH,2025-03-05T00:00:00
GC002,Non-Brand - CBD Oil UK,987654321,Vitalis UK,2025-03-04,6601,432,64269999,11.6,589.9,TABLET,SEARCH,2025-03-05T00:00:00
GC003,Non-Brand - Supplements UK,987654321,Vitalis UK,2025-03-04,6858,223,67520000,6.2,380.86,DESKTOP,SEARCH,2025-03-05T00:00:00
GC004,Shopping - All Products,987654321,Vitalis UK,2025-03-04,4374,146,56380000,6.1,338.34,DESKTOP,SEARCH_PARTNERS,2025-03-05T00:00:00
GC005,PMax - Wellness,987654321,Vitalis UK,2025-03-04,4307,131,61790000,3.5,227.07,TABLET,SEARCH,2025-03-05T00:00:00
GC001,Brand - Vitalis,987654321,Vitalis UK,2025-03-05,2030,110,26900000,6.3,340.73,MOBILE,SEARCH,2025-03-06T00:00:00
GC002,Non-Brand - CBD Oil UK,987654321,Vitalis UK,2025-03-05,8879,467,60130000,10.1,548.88,MOBILE,SEARCH,2025-03-06T00:00:00
GC003,Non-Brand - Supplements UK,987654321,Vitalis UK,2025-03-05,4648,317,51650000,10.2,389.69,DESKTOP,SEARCH,2025-03-06T00:00:00
GC004,Shopping - All Products,987654321,Vitalis UK,2025-03-05,5660,287,46480000,9.2,407.29,DESKTOP,SEARCH_PARTNERS,2025-03-06T00:00:00
GC005,PMax - Wellness,987654321,Vitalis UK,2025-03-05,5965,258,72000000,7.8,360.79,DESKTOP,SEARCH,2025-03-06T00:00:00
GC001,Brand - Vitalis,987654321,Vitalis UK,2025-03-06,2612,119,30260000,11.3,713.06,TABLET,SEARCH,2025-03-07T00:00:00
GC002,Non-Brand - CBD Oil UK,987654321,Vitalis UK,2025-03-06,7203,469,68400000,13.6,830.67,DESKTOP,SEARCH,2025-03-07T00:00:00
GC003,Non-Brand - Supplements UK,987654321,Vitalis UK,2025-03-06,6980,460,61130000,13.6,544.74,TABLET,SEARCH,2025-03-07T00:00:00
GC004,Shopping - All Products,987654321,Vitalis UK,2025-03-06,6879,414,55550000,11.3,512.36,DESKTOP,SEARCH_PARTNERS,2025-03-07T00:00:00
GC005,PMax - Wellness,987654321,Vitalis UK,2025-03-06,9762,348,76070000,9.6,384.59,DESKTOP,SEARCH,2025-03-07T00:00:00
GC001,Brand - Vitalis,987654321,Vitalis UK,2025-03-07,3923,259,33390000,19.5,1210.84,MOBILE,SEARCH,2025-03-08T00:00:00
GC002,Non-Brand - CBD Oil UK,987654321,Vitalis UK,2025-03-07,6795,448,58150000,14.3,576.49,TABLET,SEARCH,2025-03-08T00:00:00
GC003,Non-Brand - Supplements UK,987654321,Vitalis UK,2025-03-07,7123,251,72340000,7.6,479.16,TABLET,SEARCH,2025-03-08T00:00:00
GC004,Shopping - All Products,987654321,Vitalis UK,2025-03-07,6834,313,50230000,7.8,454.36,MOBILE,SEARCH_PARTNERS,2025-03-08T00:00:00
GC005,PMax - Wellness,987654321,Vitalis UK,2025-03-07,9336,339,85420000,9.7,574.99,DESKTOP,SEARCH,2025-03-08T00:00:00
GC001,Brand - Vitalis,987654321,Vitalis UK,2025-03-08,4126,165,32570000,14.6,946.09,MOBILE,SEARCH,2025-03-09T00:00:00
GC002,Non-Brand - CBD Oil UK,987654321,Vitalis UK,2025-03-08,7239,333,55550000,10.0,487.92,DESKTOP,SEARCH,2025-03-09T00:00:00
GC003,Non-Brand - Supplements UK,987654321,Vitalis UK,2025-03-08,4391,256,66129999,8.0,425.5,DESKTOP,SEARCH,2025-03-09T00:00:00
GC004,Shopping - All Products,987654321,Vitalis UK,2025-03-08,7768,306,58090000,12.3,436.66,DESKTOP,SEARCH_PARTNERS,2025-03-09T00:00:00
GC005,PMax - Wellness,987654321,Vitalis UK,2025-03-08,6359,371,65879999,11.5,434.71,TABLET,SEARCH,2025-03-09T00:00:00
GC001,Brand - Vitalis,987654321,Vitalis UK,2025-03-09,3998,192,27610000,11.4,697.09,DESKTOP,SEARCH,2025-03-10T00:00:00
GC002,Non-Brand - CBD Oil UK,987654321,Vitalis UK,2025-03-09,7430,416,59550000,11.0,556.24,MOBILE,SEARCH,2025-03-10T00:00:00
GC003,Non-Brand - Supplements UK,987654321,Vitalis UK,2025-03-09,5897,364,56720000,8.5,389.4,DESKTOP,SEARCH,2025-03-10T00:00:00
GC004,Shopping - All Products,987654321,Vitalis UK,2025-03-09,6521,198,45270000,5.5,277.1,MOBILE,SEARCH_PARTNERS,2025-03-10T00:00:00
GC005,PMax - Wellness,987654321,Vitalis UK,2025-03-09,11164,729,75450000,24.6,1428.38,MOBILE,SEARCH,2025-03-10T00:00:00
GC001,Brand - Vitalis,987654321,Vitalis UK,2025-03-10,3827,189,32630000,13.7,760.85,MOBILE,SEARCH,2025-03-11T00:00:00
GC002,Non-Brand - CBD Oil UK,987654321,Vitalis UK,2025-03-10,6244,305,66140000,6.7,253.92,DESKTOP,SEARCH,2025-03-11T00:00:00
GC003,Non-Brand - Supplements UK,987654321,Vitalis UK,2025-03-10,8512,433,67230000,10.4,666.95,TABLET,SEARCH,2025-03-11T00:00:00
GC004,Shopping - All Products,987654321,Vitalis UK,2025-03-10,6478,421,44300000,19.1,683.47,TABLET,SEARCH_PARTNERS,2025-03-11T00:00:00
GC005,PMax - Wellness,987654321,Vitalis UK,2025-03-10,10181,363,71640000,8.7,529.09,MOBILE,SEARCH,2025-03-11T00:00:00
GC001,Brand - Vitalis,987654321,Vitalis UK,2025-03-11,2079,95,30410000,9.3,338.35,MOBILE,SEARCH,2025-03-12T00:00:00
GC002,Non-Brand - CBD Oil UK,987654321,Vitalis UK,2025-03-11,4062,174,54120000,5.3,304.12,MOBILE,SEARCH,2025-03-12T00:00:00
GC003,Non-Brand - Supplements UK,987654321,Vitalis UK,2025-03-11,7199,371,59710000,9.8,453.1,MOBILE,SEARCH,2025-03-12T00:00:00
GC004,Shopping - All Products,987654321,Vitalis UK,2025-03-11,6279,340,51480000,12.4,729.09,TABLET,SEARCH_PARTNERS,2025-03-12T00:00:00
GC005,PMax - Wellness,987654321,Vitalis UK,2025-03-11,8451,298,73090000,10.2,388.18,MOBILE,SEARCH,2025-03-12T00:00:00
GC001,Brand - Vitalis,987654321,Vitalis UK,2025-03-12,3961,207,30960000,16.2,907.66,DESKTOP,SEARCH,2025-03-13T00:00:00
GC002,Non-Brand - CBD Oil UK,987654321,Vitalis UK,2025-03-12,5921,400,56340000,12.1,731.13,DESKTOP,SEARCH,2025-03-13T00:00:00
GC003,Non-Brand - Supplements UK,987654321,Vitalis UK,2025-03-12,7951,248,65360000,6.0,288.02,TABLET,SEARCH,2025-03-13T00:00:00
GC004,Shopping - All Products,987654321,Vitalis UK,2025-03-12,4399,193,60450000,6.6,337.13,MOBILE,SEARCH_PARTNERS,2025-03-13T00:00:00
GC005,PMax - Wellness,987654321,Vitalis UK,2025-03-12,7187,418,72980000,12.8,471.18,MOBILE,SEARCH,2025-03-13T00:00:00
GC001,Brand - Vitalis,987654321,Vitalis UK,2025-03-13,4006,273,34760000,15.6,566.36,TABLET,SEARCH,2025-03-14T00:00:00
GC002,Non-Brand - CBD Oil UK,987654321,Vitalis UK,2025-03-13,6959,472,64550000,12.5,536.84,DESKTOP,SEARCH,2025-03-14T00:00:00
GC003,Non-Brand - Supplements UK,987654321,Vitalis UK,2025-03-13,9107,429,66810000,13.8,739.57,TABLET,SEARCH,2025-03-14T00:00:00
GC004,Shopping - All Products,987654321,Vitalis UK,2025-03-13,8322,310,57530000,9.1,333.28,DESKTOP,SEARCH_PARTNERS,2025-03-14T00:00:00
GC005,PMax - Wellness,987654321,Vitalis UK,2025-03-13,9889,408,73360000,9.0,526.96,DESKTOP,SEARCH,2025-03-14T00:00:00
GC001,Brand - Vitalis,987654321,Vitalis UK,2025-03-14,1911,125,31020000,7.9,293.52,MOBILE,SEARCH,2025-03-15T00:00:00
GC002,Non-Brand - CBD Oil UK,987654321,Vitalis UK,2025-03-14,6974,368,53670000,11.1,614.55,TABLET,SEARCH,2025-03-15T00:00:00
GC003,Non-Brand - Supplements UK,987654321,Vitalis UK,2025-03-14,5958,317,53300000,8.0,398.27,TABLET,SEARCH,2025-03-15T00:00:00
GC004,Shopping - All Products,987654321,Vitalis UK,2025-03-14,5962,198,54910000,6.7,242.46,DESKTOP,SEARCH_PARTNERS,2025-03-15T00:00:00
GC005,PMax - Wellness,987654321,Vitalis UK,2025-03-14,4504,165,71720000,6.3,257.47,MOBILE,SEARCH,2025-03-15T00:00:00
GC001,Brand - Vitalis,987654321,Vitalis UK,2025-03-15,3490,155,36120000,9.3,393.75,DESKTOP,SEARCH,2025-03-16T00:00:00
GC002,Non-Brand - CBD Oil UK,987654321,Vitalis UK,2025-03-15,4313,244,71080000,4.8,223.62,DESKTOP,SEARCH,2025-03-16T00:00:00
GC003,Non-Brand - Supplements UK,987654321,Vitalis UK,2025-03-15,9411,407,63360000,8.2,341.45,TABLET,SEARCH,2025-03-16T00:00:00
GC004,Shopping - All Products,987654321,Vitalis UK,2025-03-15,4487,292,48010000,12.9,503.95,DESKTOP,SEARCH_PARTNERS,2025-03-16T00:00:00
GC005,PMax - Wellness,987654321,Vitalis UK,2025-03-15,6039,211,71880000,6.9,352.08,TABLET,SEARCH,2025-03-16T00:00:00
GC001,Brand - Vitalis,987654321,Vitalis UK,2025-03-16,3239,211,32210000,17.8,990.48,TABLET,SEARCH,2025-03-17T00:00:00
GC002,Non-Brand - CBD Oil UK,987654321,Vitalis UK,2025-03-16,7705,461,61940000,10.0,592.83,MOBILE,SEARCH,2025-03-17T00:00:00
GC003,Non-Brand - Supplements UK,987654321,Vitalis UK,2025-03-16,3862,118,58200000,2.3,138.16,TABLET,SEARCH,2025-03-17T00:00:00
GC004,Shopping - All Products,987654321,Vitalis UK,2025-03-16,4051,237,51710000,7.0,309.16,TABLET,SEARCH_PARTNERS,2025-03-17T00:00:00
GC005,PMax - Wellness,987654321,Vitalis UK,2025-03-16,4891,184,74370000,4.2,152.73,MOBILE,SEARCH,2025-03-17T00:00:00
GC001,Brand - Vitalis,987654321,Vitalis UK,2025-03-17,2938,187,32939999,13.4,736.58,TABLET,SEARCH,2025-03-18T00:00:00
GC002,Non-Brand - CBD Oil UK,987654321,Vitalis UK,2025-03-17,6150,374,63000000,7.6,362.04,TABLET,SEARCH,2025-03-18T00:00:00
GC003,Non-Brand - Supplements UK,987654321,Vitalis UK,2025-03-17,6600,406,73210000,7.6,288.43,DESKTOP,SEARCH,2025-03-18T00:00:00
GC004,Shopping - All Products,987654321,Vitalis UK,2025-03-17,3287,145,53320000,6.6,290.69,TABLET,SEARCH_PARTNERS,2025-03-18T00:00:00
GC005,PMax - Wellness,987654321,Vitalis UK,2025-03-17,7824,273,68170000,6.5,264.25,TABLET,SEARCH,2025-03-18T00:00:00
GC001,Brand - Vitalis,987654321,Vitalis UK,2025-03-18,2187,115,29120000,8.8,352.0,MOBILE,SEARCH,2025-03-19T00:00:00
GC002,Non-Brand - CBD Oil UK,987654321,Vitalis UK,2025-03-18,6400,304,62240000,7.0,399.84,TABLET,SEARCH,2025-03-19T00:00:00
GC003,Non-Brand - Supplements UK,987654321,Vitalis UK,2025-03-18,7639,353,56520000,7.9,411.41,TABLET,SEARCH,2025-03-19T00:00:00
GC004,Shopping - All Products,987654321,Vitalis UK,2025-03-18,6226,192,52810000,8.5,440.51,TABLET,SEARCH_PARTNERS,2025-03-19T00:00:00
GC005,PMax - Wellness,987654321,Vitalis UK,2025-03-18,9326,302,74140000,11.3,657.17,DESKTOP,SEARCH,2025-03-19T00:00:00
GC001,Brand - Vitalis,987654321,Vitalis UK,2025-03-19,3883,120,29700000,12.1,439.78,MOBILE,SEARCH,2025-03-20T00:00:00
GC002,Non-Brand - CBD Oil UK,987654321,Vitalis UK,2025-03-19,8206,259,59130000,8.4,297.89,DESKTOP,SEARCH,2025-03-20T00:00:00
GC003,Non-Brand - Supplements UK,987654321,Vitalis UK,2025-03-19,9534,653,64599999,11.7,583.29,DESKTOP,SEARCH,2025-03-20T00:00:00
GC004,Shopping - All Products,987654321,Vitalis UK,2025-03-19,2530,129,41900000,3.5,193.49,DESKTOP,SEARCH_PARTNERS,2025-03-20T00:00:00
GC005,PMax - Wellness,987654321,Vitalis UK,2025-03-19,5926,229,60660000,6.5,420.47,MOBILE,SEARCH,2025-03-20T00:00:00
GC001,Brand - Vitalis,987654321,Vitalis UK,2025-03-20,3867,254,27090000,22.6,1358.96,DESKTOP,SEARCH,2025-03-21T00:00:00
GC002,Non-Brand - CBD Oil UK,987654321,Vitalis UK,2025-03-20,4226,282,59950000,8.7,373.28,TABLET,SEARCH,2025-03-21T00:00:00
GC003,Non-Brand - Supplements UK,987654321,Vitalis UK,2025-03-20,7831,423,55930000,9.9,509.68,TABLET,SEARCH,2025-03-21T00:00:00
GC004,Shopping - All Products,987654321,Vitalis UK,2025-03-20,5214,221,56130000,6.0,368.25,MOBILE,SEARCH_PARTNERS,2025-03-21T00:00:00
GC005,PMax - Wellness,987654321,Vitalis UK,2025-03-20,10658,681,83630000,24.0,937.03,TABLET,SEARCH,2025-03-21T00:00:00
GC001,Brand - Vitalis,987654321,Vitalis UK,2025-03-21,2070,127,31920000,7.5,467.97,TABLET,SEARCH,2025-03-22T00:00:00
GC002,Non-Brand - CBD Oil UK,987654321,Vitalis UK,2025-03-21,6581,339,56510000,8.9,314.95,MOBILE,SEARCH,2025-03-22T00:00:00
GC003,Non-Brand - Supplements UK,987654321,Vitalis UK,2025-03-21,9014,306,61270000,9.5,590.04,MOBILE,SEARCH,2025-03-22T00:00:00
GC004,Shopping - All Products,987654321,Vitalis UK,2025-03-21,6022,337,50330000,8.9,321.36,MOBILE,SEARCH_PARTNERS,2025-03-22T00:00:00
GC005,PMax - Wellness,987654321,Vitalis UK,2025-03-21,9374,379,75120000,8.4,334.14,TABLET,SEARCH,2025-03-22T00:00:00
GC001,Brand - Vitalis,987654321,Vitalis UK,2025-03-22,1884,123,30490000,11.7,514.38,MOBILE,SEARCH,2025-03-23T00:00:00
GC002,Non-Brand - CBD Oil UK,987654321,Vitalis UK,2025-03-22,4882,326,67690000,8.9,549.51,MOBILE,SEARCH,2025-03-23T00:00:00
GC003,Non-Brand - Supplements UK,987654321,Vitalis UK,2025-03-22,7245,320,69080000,6.1,296.27,MOBILE,SEARCH,2025-03-23T00:00:00
GC004,Shopping - All Products,987654321,Vitalis UK,2025-03-22,3556,178,54970000,6.4,306.64,TABLET,SEARCH_PARTNERS,2025-03-23T00:00:00
GC005,PMax - Wellness,987654321,Vitalis UK,2025-03-22,7218,290,69700000,8.9,548.13,DESKTOP,SEARCH,2025-03-23T00:00:00
GC001,Brand - Vitalis,987654321,Vitalis UK,2025-03-23,3550,121,31680000,8.4,418.36,MOBILE,SEARCH,2025-03-24T00:00:00
GC002,Non-Brand - CBD Oil UK,987654321,Vitalis UK,2025-03-23,4647,312,56380000,5.9,313.52,DESKTOP,SEARCH,2025-03-24T00:00:00
GC003,Non-Brand - Supplements UK,987654321,Vitalis UK,2025-03-23,7847,427,65599999,9.8,350.55,MOBILE,SEARCH,2025-03-24T00:00:00
GC004,Shopping - All Products,987654321,Vitalis UK,2025-03-23,6161,193,43990000,6.6,325.25,TABLET,SEARCH_PARTNERS,2025-03-24T00:00:00
GC005,PMax - Wellness,987654321,Vitalis UK,2025-03-23,5362,208,58690000,5.3,185.81,TABLET,SEARCH,2025-03-24T00:00:00
GC001,Brand - Vitalis,987654321,Vitalis UK,2025-03-24,2472,143,29810000,13.4,504.63,DESKTOP,SEARCH,2025-03-25T00:00:00
GC002,Non-Brand - CBD Oil UK,987654321,Vitalis UK,2025-03-24,8446,310,60370000,7.6,415.34,DESKTOP,SEARCH,2025-03-25T00:00:00
GC003,Non-Brand - Supplements UK,987654321,Vitalis UK,2025-03-24,6625,221,61770000,4.8,193.72,MOBILE,SEARCH,2025-03-25T00:00:00
GC004,Shopping - All Products,987654321,Vitalis UK,2025-03-24,5357,335,49940000,9.4,495.55,TABLET,SEARCH_PARTNERS,2025-03-25T00:00:00
GC005,PMax - Wellness,987654321,Vitalis UK,2025-03-24,5928,334,60830000,8.0,355.88,TABLET,SEARCH,2025-03-25T00:00:00
GC001,Brand - Vitalis,987654321,Vitalis UK,2025-03-25,2956,150,27050000,11.5,580.11,MOBILE,SEARCH,2025-03-26T00:00:00
GC002,Non-Brand - CBD Oil UK,987654321,Vitalis UK,2025-03-25,6147,426,54100000,12.3,723.87,MOBILE,SEARCH,2025-03-26T00:00:00
GC003,Non-Brand - Supplements UK,987654321,Vitalis UK,2025-03-25,8446,480,59630000,11.1,613.48,MOBILE,SEARCH,2025-03-26T00:00:00
GC004,Shopping - All Products,987654321,Vitalis UK,2025-03-25,5169,291,55900000,10.9,623.15,MOBILE,SEARCH_PARTNERS,2025-03-26T00:00:00
GC005,PMax - Wellness,987654321,Vitalis UK,2025-03-25,10883,712,82900000,24.8,1489.3,DESKTOP,SEARCH,2025-03-26T00:00:00
GC001,Brand - Vitalis,987654321,Vitalis UK,2025-03-26,3161,196,25890000,16.7,756.3,DESKTOP,SEARCH,2025-03-27T00:00:00
GC002,Non-Brand - CBD Oil UK,987654321,Vitalis UK,2025-03-26,3951,257,56200000,6.1,374.66,DESKTOP,SEARCH,2025-03-27T00:00:00
GC003,Non-Brand - Supplements UK,987654321,Vitalis UK,2025-03-26,6789,434,56790000,9.0,419.54,DESKTOP,SEARCH,2025-03-27T00:00:00
GC004,Shopping - All Products,987654321,Vitalis UK,2025-03-26,5498,280,47870000,8.3,383.37,DESKTOP,SEARCH_PARTNERS,2025-03-27T00:00:00
GC005,PMax - Wellness,987654321,Vitalis UK,2025-03-26,8624,283,70250000,7.5,297.41,MOBILE,SEARCH,2025-03-27T00:00:00
GC001,Brand - Vitalis,987654321,Vitalis UK,2025-03-27,4440,297,32210000,21.6,1331.68,DESKTOP,SEARCH,2025-03-28T00:00:00
GC002,Non-Brand - CBD Oil UK,987654321,Vitalis UK,2025-03-27,4242,284,55460000,6.5,356.08,MOBILE,SEARCH,2025-03-28T00:00:00
GC003,Non-Brand - Supplements UK,987654321,Vitalis UK,2025-03-27,5587,227,66269999,4.7,214.97,TABLET,SEARCH,2025-03-28T00:00:00
GC004,Shopping - All Products,987654321,Vitalis UK,2025-03-27,5918,388,59650000,9.9,522.06,MOBILE,SEARCH_PARTNERS,2025-03-28T00:00:00
GC005,PMax - Wellness,987654321,Vitalis UK,2025-03-27,5737,306,66530000,8.2,328.45,MOBILE,SEARCH,2025-03-28T00:00:00
GC001,Brand - Vitalis,987654321,Vitalis UK,2025-03-28,1901,109,29480000,9.6,532.31,MOBILE,SEARCH,2025-03-29T00:00:00
GC002,Non-Brand - CBD Oil UK,987654321,Vitalis UK,2025-03-28,8088,438,67430000,8.1,452.43,MOBILE,SEARCH,2025-03-29T00:00:00
GC003,Non-Brand - Supplements UK,987654321,Vitalis UK,2025-03-28,4313,257,52590000,6.2,253.04,MOBILE,SEARCH,2025-03-29T00:00:00
GC004,Shopping - All Products,987654321,Vitalis UK,2025-03-28,4676,143,45600000,5.1,279.86,DESKTOP,SEARCH_PARTNERS,2025-03-29T00:00:00
GC005,PMax - Wellness,987654321,Vitalis UK,2025-03-28,7504,260,64700000,8.6,346.0,MOBILE,SEARCH,2025-03-29T00:00:00
GC001,Brand - Vitalis,987654321,Vitalis UK,2025-03-29,4999,227,34220000,21.4,1285.4,TABLET,SEARCH,2025-03-30T00:00:00
GC002,Non-Brand - CBD Oil UK,987654321,Vitalis UK,2025-03-29,9302,528,66040000,12.6,463.95,TABLET,SEARCH,2025-03-30T00:00:00
GC003,Non-Brand - Supplements UK,987654321,Vitalis UK,2025-03-29,8350,407,60210000,12.4,601.74,MOBILE,SEARCH,2025-03-30T00:00:00
GC004,Shopping - All Products,987654321,Vitalis UK,2025-03-29,4927,248,52770000,10.2,638.29,DESKTOP,SEARCH_PARTNERS,2025-03-30T00:00:00
GC005,PMax - Wellness,987654321,Vitalis UK,2025-03-29,9494,376,79830000,13.9,818.98,TABLET,SEARCH,2025-03-30T00:00:00
GC001,Brand - Vitalis,987654321,Vitalis UK,2025-03-30,4082,167,31790000,14.2,604.04,MOBILE,SEARCH,2025-03-31T00:00:00
GC002,Non-Brand - CBD Oil UK,987654321,Vitalis UK,2025-03-30,9290,583,66989999,14.4,576.13,MOBILE,SEARCH,2025-03-31T00:00:00
GC003,Non-Brand - Supplements UK,987654321,Vitalis UK,2025-03-30,8522,327,65150000,7.9,404.18,MOBILE,SEARCH,2025-03-31T00:00:00
GC004,Shopping - All Products,987654321,Vitalis UK,2025-03-30,6544,446,45920000,13.3,691.13,MOBILE,SEARCH_PARTNERS,2025-03-31T00:00:00
GC005,PMax - Wellness,987654321,Vitalis UK,2025-03-30,5167,325,65310000,11.0,396.12,MOBILE,SEARCH,2025-03-31T00:00:00
GC001,Brand - Vitalis,987654321,Vitalis UK,2025-03-31,2854,106,25230000,7.5,430.35,MOBILE,SEARCH,2025-04-01T00:00:00
GC002,Non-Brand - CBD Oil UK,987654321,Vitalis UK,2025-03-31,5797,197,49910000,4.4,192.08,MOBILE,SEARCH,2025-04-01T00:00:00
GC003,Non-Brand - Supplements UK,987654321,Vitalis UK,2025-03-31,3643,121,50880000,2.8,127.31,TABLET,SEARCH,2025-04-01T00:00:00
GC004,Shopping - All Products,987654321,Vitalis UK,2025-03-31,5496,189,48950000,8.2,436.07,MOBILE,SEARCH_PARTNERS,2025-04-01T00:00:00
GC005,PMax - Wellness,987654321,Vitalis UK,2025-03-31,6410,419,64400000,11.4,621.5,TABLET,SEARCH,2025-04-01T00:00:00
GC001,Brand - Vitalis,987654321,Vitalis UK,2025-04-01,3778,125,25290000,10.0,558.04,MOBILE,SEARCH,2025-04-02T00:00:00
GC002,Non-Brand - CBD Oil UK,987654321,Vitalis UK,2025-04-01,5380,299,63690000,5.9,360.36,DESKTOP,SEARCH,2025-04-02T00:00:00
GC003,Non-Brand - Supplements UK,987654321,Vitalis UK,2025-04-01,6540,241,53950000,4.8,169.22,DESKTOP,SEARCH,2025-04-02T00:00:00
GC004,Shopping - All Products,987654321,Vitalis UK,2025-04-01,3888,187,51150000,6.7,349.76,TABLET,SEARCH_PARTNERS,2025-04-02T00:00:00
GC005,PMax - Wellness,987654321,Vitalis UK,2025-04-01,7863,518,57130000,17.0,717.04,TABLET,SEARCH,2025-04-02T00:00:00
GC001,Brand - Vitalis,987654321,Vitalis UK,2025-04-02,3403,169,24660000,11.0,691.43,MOBILE,SEARCH,2025-04-03T00:00:00
GC002,Non-Brand - CBD Oil UK,987654321,Vitalis UK,2025-04-02,7266,456,50730000,10.0,518.28,TABLET,SEARCH,2025-04-03T00:00:00
GC003,Non-Brand - Supplements UK,987654321,Vitalis UK,2025-04-02,6293,345,52280000,9.4,350.91,MOBILE,SEARCH,2025-04-03T00:00:00
GC004,Shopping - All Products,987654321,Vitalis UK,2025-04-02,3279,203,45810000,8.9,380.5,TABLET,SEARCH_PARTNERS,2025-04-03T00:00:00
GC005,PMax - Wellness,987654321,Vitalis UK,2025-04-02,3988,178,64830000,6.5,332.25,TABLET,SEARCH,2025-04-03T00:00:00
GC001,Brand - Vitalis,987654321,Vitalis UK,2025-04-03,2264,68,26350000,4.7,218.53,MOBILE,SEARCH,2025-04-04T00:00:00
GC002,Non-Brand - CBD Oil UK,987654321,Vitalis UK,2025-04-03,6106,389,65640000,9.1,444.63,MOBILE,SEARCH,2025-04-04T00:00:00
GC003,Non-Brand - Supplements UK,987654321,Vitalis UK,2025-04-03,6197,403,56060000,9.4,352.2,DESKTOP,SEARCH,2025-04-04T00:00:00
GC004,Shopping - All Products,987654321,Vitalis UK,2025-04-03,6192,307,55060000,13.8,509.87,MOBILE,SEARCH_PARTNERS,2025-04-04T00:00:00
GC005,PMax - Wellness,987654321,Vitalis UK,2025-04-03,9259,625,67370000,23.6,1240.43,DESKTOP,SEARCH,2025-04-04T00:00:00
GC001,Brand - Vitalis,987654321,Vitalis UK,2025-04-04,1890,85,28990000,5.7,247.44,DESKTOP,SEARCH,2025-04-05T00:00:00
GC002,Non-Brand - CBD Oil UK,987654321,Vitalis UK,2025-04-04,5987,214,54820000,6.4,358.76,TABLET,SEARCH,2025-04-05T00:00:00
GC003,Non-Brand - Supplements UK,987654321,Vitalis UK,2025-04-04,3856,263,55020000,6.9,366.0,DESKTOP,SEARCH,2025-04-05T00:00:00
GC004,Shopping - All Products,987654321,Vitalis UK,2025-04-04,6144,229,55370000,6.8,434.55,DESKTOP,SEARCH_PARTNERS,2025-04-05T00:00:00
GC005,PMax - Wellness,987654321,Vitalis UK,2025-04-04,4964,153,72950000,3.8,149.53,DESKTOP,SEARCH,2025-04-05T00:00:00
GC001,Brand - Vitalis,987654321,Vitalis UK,2025-04-05,2689,104,33080000,7.8,324.12,TABLET,SEARCH,2025-04-06T00:00:00
GC002,Non-Brand - CBD Oil UK,987654321,Vitalis UK,2025-04-05,6219,405,56120000,7.7,355.98,TABLET,SEARCH,2025-04-06T00:00:00
GC003,Non-Brand - Supplements UK,987654321,Vitalis UK,2025-04-05,4452,273,61130000,6.3,242.12,DESKTOP,SEARCH,2025-04-06T00:00:00
GC004,Shopping - All Products,987654321,Vitalis UK,2025-04-05,6689,266,48710000,6.9,329.68,MOBILE,SEARCH_PARTNERS,2025-04-06T00:00:00
GC005,PMax - Wellness,987654321,Vitalis UK,2025-04-05,6251,417,60250000,11.4,510.25,MOBILE,SEARCH,2025-04-06T00:00:00
GC001,Brand - Vitalis,987654321,Vitalis UK,2025-04-06,3241,198,29720000,19.7,694.24,DESKTOP,SEARCH,2025-04-07T00:00:00
GC002,Non-Brand - CBD Oil UK,987654321,Vitalis UK,2025-04-06,7136,356,62350000,6.6,303.29,DESKTOP,SEARCH,2025-04-07T00:00:00
GC003,Non-Brand - Supplements UK,987654321,Vitalis UK,2025-04-06,5859,201,54030000,6.1,226.77,TABLET,SEARCH,2025-04-07T00:00:00
GC004,Shopping - All Products,987654321,Vitalis UK,2025-04-06,5279,244,41790000,7.7,282.58,TABLET,SEARCH_PARTNERS,2025-04-07T00:00:00
GC005,PMax - Wellness,987654321,Vitalis UK,2025-04-06,3935,137,63090000,4.3,272.67,TABLET,SEARCH,2025-04-07T00:00:00
GC001,Brand - Vitalis,987654321,Vitalis UK,2025-04-07,3477,168,34280000,14.9,812.26,DESKTOP,SEARCH,2025-04-08T00:00:00
GC002,Non-Brand - CBD Oil UK,987654321,Vitalis UK,2025-04-07,7541,470,51150000,8.5,439.66,DESKTOP,SEARCH,2025-04-08T00:00:00
GC003,Non-Brand - Supplements UK,987654321,Vitalis UK,2025-04-07,6449,335,53750000,5.9,277.19,MOBILE,SEARCH,2025-04-08T00:00:00
GC004,Shopping - All Products,987654321,Vitalis UK,2025-04-07,6016,364,56420000,15.4,881.41,TABLET,SEARCH_PARTNERS,2025-04-08T00:00:00
GC005,PMax - Wellness,987654321,Vitalis UK,2025-04-07,8545,349,59580000,12.3,479.83,MOBILE,SEARCH,2025-04-08T00:00:00
GC001,Brand - Vitalis,987654321,Vitalis UK,2025-04-08,1926,100,27890000,9.2,412.49,DESKTOP,SEARCH,2025-04-09T00:00:00
GC002,Non-Brand - CBD Oil UK,987654321,Vitalis UK,2025-04-08,4912,214,58350000,6.9,424.91,MOBILE,SEARCH,2025-04-09T00:00:00
GC003,Non-Brand - Supplements UK,987654321,Vitalis UK,2025-04-08,3931,168,53430000,4.0,234.34,MOBILE,SEARCH,2025-04-09T00:00:00
GC004,Shopping - All Products,987654321,Vitalis UK,2025-04-08,7104,281,47950000,9.5,474.52,TABLET,SEARCH_PARTNERS,2025-04-09T00:00:00
GC005,PMax - Wellness,987654321,Vitalis UK,2025-04-08,11206,723,81070000,18.3,786.62,TABLET,SEARCH,2025-04-09T00:00:00
GC001,Brand - Vitalis,987654321,Vitalis UK,2025-04-09,1979,82,26910000,6.2,308.33,MOBILE,SEARCH,2025-04-10T00:00:00
GC002,Non-Brand - CBD Oil UK,987654321,Vitalis UK,2025-04-09,3961,149,54150000,3.5,155.71,DESKTOP,SEARCH,2025-04-10T00:00:00
GC003,Non-Brand - Supplements UK,987654321,Vitalis UK,2025-04-09,6981,475,57340000,9.9,374.79,TABLET,SEARCH,2025-04-10T00:00:00
GC004,Shopping - All Products,987654321,Vitalis UK,2025-04-09,4188,260,45360000,10.7,688.17,MOBILE,SEARCH_PARTNERS,2025-04-10T00:00:00
GC005,PMax - Wellness,987654321,Vitalis UK,2025-04-09,6578,369,66870000,12.7,630.77,TABLET,SEARCH,2025-04-10T00:00:00
GC001,Brand - Vitalis,987654321,Vitalis UK,2025-04-10,1891,100,29390000,6.4,262.83,DESKTOP,SEARCH,2025-04-11T00:00:00
GC002,Non-Brand - CBD Oil UK,987654321,Vitalis UK,2025-04-10,3896,160,54020000,4.3,202.58,TABLET,SEARCH,2025-04-11T00:00:00
GC003,Non-Brand - Supplements UK,987654321,Vitalis UK,2025-04-10,4197,291,51420000,6.2,363.88,DESKTOP,SEARCH,2025-04-11T00:00:00
GC004,Shopping - All Products,987654321,Vitalis UK,2025-04-10,4796,155,45990000,6.4,265.57,DESKTOP,SEARCH_PARTNERS,2025-04-11T00:00:00
GC005,PMax - Wellness,987654321,Vitalis UK,2025-04-10,4270,287,69450000,10.9,487.79,MOBILE,SEARCH,2025-04-11T00:00:00
GC001,Brand - Vitalis,987654321,Vitalis UK,2025-04-11,2648,114,29020000,8.9,578.0,DESKTOP,SEARCH,2025-04-12T00:00:00
GC002,Non-Brand - CBD Oil UK,987654321,Vitalis UK,2025-04-11,5428,353,62810000,7.3,463.3,TABLET,SEARCH,2025-04-12T00:00:00
GC003,Non-Brand - Supplements UK,987654321,Vitalis UK,2025-04-11,4741,229,51240000,6.5,282.34,MOBILE,SEARCH,2025-04-12T00:00:00
GC004,Shopping - All Products,987654321,Vitalis UK,2025-04-11,5679,279,52640000,11.6,458.19,TABLET,SEARCH_PARTNERS,2025-04-12T00:00:00
GC005,PMax - Wellness,987654321,Vitalis UK,2025-04-11,10044,469,74650000,15.8,1021.82,TABLET,SEARCH,2025-04-12T00:00:00
GC001,Brand - Vitalis,987654321,Vitalis UK,2025-04-12,3099,94,33780000,6.5,339.35,MOBILE,SEARCH,2025-04-13T00:00:00
GC002,Non-Brand - CBD Oil UK,987654321,Vitalis UK,2025-04-12,8814,615,64610000,20.0,825.35,MOBILE,SEARCH,2025-04-13T00:00:00
GC003,Non-Brand - Supplements UK,987654321,Vitalis UK,2025-04-12,4340,286,67190000,9.2,435.28,TABLET,SEARCH,2025-04-13T00:00:00
GC004,Shopping - All Products,987654321,Vitalis UK,2025-04-12,3502,149,55410000,4.0,156.01,MOBILE,SEARCH_PARTNERS,2025-04-13T00:00:00
GC005,PMax - Wellness,987654321,Vitalis UK,2025-04-12,7828,377,79840000,11.5,409.42,DESKTOP,SEARCH,2025-04-13T00:00:00
GC001,Brand - Vitalis,987654321,Vitalis UK,2025-04-13,4362,202,29450000,12.6,470.86,TABLET,SEARCH,2025-04-14T00:00:00
GC002,Non-Brand - CBD Oil UK,987654321,Vitalis UK,2025-04-13,7250,420,54710000,12.8,508.09,MOBILE,SEARCH,2025-04-14T00:00:00
GC003,Non-Brand - Supplements UK,987654321,Vitalis UK,2025-04-13,4146,126,51490000,3.9,196.15,MOBILE,SEARCH,2025-04-14T00:00:00
GC004,Shopping - All Products,987654321,Vitalis UK,2025-04-13,4259,131,50780000,4.6,240.24,MOBILE,SEARCH_PARTNERS,2025-04-14T00:00:00
GC005,PMax - Wellness,987654321,Vitalis UK,2025-04-13,8999,507,65209999,17.1,1094.04,TABLET,SEARCH,2025-04-14T00:00:00
GC001,Brand - Vitalis,987654321,Vitalis UK,2025-04-14,3046,201,33259999,14.8,822.26,MOBILE,SEARCH,2025-04-15T00:00:00
GC002,Non-Brand - CBD Oil UK,987654321,Vitalis UK,2025-04-14,3749,209,60680000,5.7,334.03,DESKTOP,SEARCH,2025-04-15T00:00:00
GC003,Non-Brand - Supplements UK,987654321,Vitalis UK,2025-04-14,8190,550,58800000,10.4,605.66,TABLET,SEARCH,2025-04-15T00:00:00
GC004,Shopping - All Products,987654321,Vitalis UK,2025-04-14,7708,413,54200000,11.0,676.55,MOBILE,SEARCH_PARTNERS,2025-04-15T00:00:00
GC005,PMax - Wellness,987654321,Vitalis UK,2025-04-14,5949,228,66450000,8.0,438.11,MOBILE,SEARCH,2025-04-15T00:00:00
GC001,Brand - Vitalis,987654321,Vitalis UK,2025-04-15,3330,226,28600000,17.8,808.24,DESKTOP,SEARCH,2025-04-16T00:00:00
GC002,Non-Brand - CBD Oil UK,987654321,Vitalis UK,2025-04-15,5187,293,61940000,6.9,268.68,MOBILE,SEARCH,2025-04-16T00:00:00
GC003,Non-Brand - Supplements UK,987654321,Vitalis UK,2025-04-15,7152,324,68740000,9.8,520.44,MOBILE,SEARCH,2025-04-16T00:00:00
GC004,Shopping - All Products,987654321,Vitalis UK,2025-04-15,4842,286,43150000,8.0,363.68,DESKTOP,SEARCH_PARTNERS,2025-04-16T00:00:00
GC005,PMax - Wellness,987654321,Vitalis UK,2025-04-15,6929,401,61930000,12.9,799.62,DESKTOP,SEARCH,2025-04-16T00:00:00
GC001,Brand - Vitalis,987654321,Vitalis UK,2025-04-16,2971,102,26560000,8.7,347.1,DESKTOP,SEARCH,2025-04-17T00:00:00
GC002,Non-Brand - CBD Oil UK,987654321,Vitalis UK,2025-04-16,5144,165,48670000,4.1,250.59,TABLET,SEARCH,2025-04-17T00:00:00
GC003,Non-Brand - Supplements UK,987654321,Vitalis UK,2025-04-16,8777,320,64319999,8.5,358.63,MOBILE,SEARCH,2025-04-17T00:00:00
GC004,Shopping - All Products,987654321,Vitalis UK,2025-04-16,4685,276,42480000,11.2,630.99,DESKTOP,SEARCH_PARTNERS,2025-04-17T00:00:00
GC005,PMax - Wellness,987654321,Vitalis UK,2025-04-16,6971,236,75500000,5.2,288.49,MOBILE,SEARCH,2025-04-17T00:00:00
GC001,Brand - Vitalis,987654321,Vitalis UK,2025-04-17,3267,127,26460000,12.2,711.29,DESKTOP,SEARCH,2025-04-18T00:00:00
GC002,Non-Brand - CBD Oil UK,987654321,Vitalis UK,2025-04-17,5194,282,54870000,5.5,296.61,DESKTOP,SEARCH,2025-04-18T00:00:00
GC003,Non-Brand - Supplements UK,987654321,Vitalis UK,2025-04-17,4426,162,57830000,3.2,144.25,DESKTOP,SEARCH,2025-04-18T00:00:00
GC004,Shopping - All Products,987654321,Vitalis UK,2025-04-17,4788,153,50150000,6.5,372.1,TABLET,SEARCH_PARTNERS,2025-04-18T00:00:00
GC005,PMax - Wellness,987654321,Vitalis UK,2025-04-17,6343,418,76900000,8.8,478.96,TABLET,SEARCH,2025-04-18T00:00:00
GC001,Brand - Vitalis,987654321,Vitalis UK,2025-04-18,2113,100,31700000,7.5,317.95,DESKTOP,SEARCH,2025-04-19T00:00:00
GC002,Non-Brand - CBD Oil UK,987654321,Vitalis UK,2025-04-18,9268,646,64730000,17.3,630.38,DESKTOP,SEARCH,2025-04-19T00:00:00
GC003,Non-Brand - Supplements UK,987654321,Vitalis UK,2025-04-18,9860,433,66599999,7.9,365.4,MOBILE,SEARCH,2025-04-19T00:00:00
GC004,Shopping - All Products,987654321,Vitalis UK,2025-04-18,3194,221,50610000,5.7,370.38,DESKTOP,SEARCH_PARTNERS,2025-04-19T00:00:00
GC005,PMax - Wellness,987654321,Vitalis UK,2025-04-18,5412,271,61160000,8.7,394.21,TABLET,SEARCH,2025-04-19T00:00:00
GC001,Brand - Vitalis,987654321,Vitalis UK,2025-04-19,1605,102,25810000,7.5,263.77,DESKTOP,SEARCH,2025-04-20T00:00:00
GC002,Non-Brand - CBD Oil UK,987654321,Vitalis UK,2025-04-19,7329,358,51850000,6.7,387.53,TABLET,SEARCH,2025-04-20T00:00:00
GC003,Non-Brand - Supplements UK,987654321,Vitalis UK,2025-04-19,9648,372,67140000,9.5,544.95,MOBILE,SEARCH,2025-04-20T00:00:00
GC004,Shopping - All Products,987654321,Vitalis UK,2025-04-19,6770,425,49690000,16.5,1013.01,MOBILE,SEARCH_PARTNERS,2025-04-20T00:00:00
GC005,PMax - Wellness,987654321,Vitalis UK,2025-04-19,10032,399,69260000,10.8,626.2,TABLET,SEARCH,2025-04-20T00:00:00
GC001,Brand - Vitalis,987654321,Vitalis UK,2025-04-20,2940,195,24620000,13.7,601.99,MOBILE,SEARCH,2025-04-21T00:00:00
GC002,Non-Brand - CBD Oil UK,987654321,Vitalis UK,2025-04-20,3808,206,52810000,4.0,155.54,TABLET,SEARCH,2025-04-21T00:00:00
GC003,Non-Brand - Supplements UK,987654321,Vitalis UK,2025-04-20,5923,202,55020000,5.5,324.54,TABLET,SEARCH,2025-04-21T00:00:00
GC004,Shopping - All Products,987654321,Vitalis UK,2025-04-20,5400,271,48500000,8.7,470.01,MOBILE,SEARCH_PARTNERS,2025-04-21T00:00:00
GC005,PMax - Wellness,987654321,Vitalis UK,2025-04-20,7305,368,70020000,12.1,550.37,MOBILE,SEARCH,2025-04-21T00:00:00
GC001,Brand - Vitalis,987654321,Vitalis UK,2025-04-21,2439,169,29440000,17.5,813.41,TABLET,SEARCH,2025-04-22T00:00:00
GC002,Non-Brand - CBD Oil UK,987654321,Vitalis UK,2025-04-21,6405,374,66730000,10.5,551.46,TABLET,SEARCH,2025-04-22T00:00:00
GC003,Non-Brand - Supplements UK,987654321,Vitalis UK,2025-04-21,8945,532,67490000,12.8,713.95,MOBILE,SEARCH,2025-04-22T00:00:00
GC004,Shopping - All Products,987654321,Vitalis UK,2025-04-21,7562,324,58730000,12.0,630.39,MOBILE,SEARCH_PARTNERS,2025-04-22T00:00:00
GC005,PMax - Wellness,987654321,Vitalis UK,2025-04-21,4308,272,66540000,6.3,244.25,MOBILE,SEARCH,2025-04-22T00:00:00
GC001,Brand - Vitalis,987654321,Vitalis UK,2025-04-22,2989,195,33690000,17.8,913.1,DESKTOP,SEARCH,2025-04-23T00:00:00
GC002,Non-Brand - CBD Oil UK,987654321,Vitalis UK,2025-04-22,8873,334,61830000,8.8,356.79,DESKTOP,SEARCH,2025-04-23T00:00:00
GC003,Non-Brand - Supplements UK,987654321,Vitalis UK,2025-04-22,8435,540,61370000,12.5,490.9,DESKTOP,SEARCH,2025-04-23T00:00:00
GC004,Shopping - All Products,987654321,Vitalis UK,2025-04-22,4765,284,48470000,10.5,671.16,TABLET,SEARCH_PARTNERS,2025-04-23T00:00:00
GC005,PMax - Wellness,987654321,Vitalis UK,2025-04-22,10057,518,76060000,17.6,627.91,MOBILE,SEARCH,2025-04-23T00:00:00
GC001,Brand - Vitalis,987654321,Vitalis UK,2025-04-23,3205,212,28130000,19.2,1030.54,TABLET,SEARCH,2025-04-24T00:00:00
GC002,Non-Brand - CBD Oil UK,987654321,Vitalis UK,2025-04-23,5141,159,56350000,3.0,156.33,TABLET,SEARCH,2025-04-24T00:00:00
GC003,Non-Brand - Supplements UK,987654321,Vitalis UK,2025-04-23,6764,278,69910000,5.2,285.15,MOBILE,SEARCH,2025-04-24T00:00:00
GC004,Shopping - All Products,987654321,Vitalis UK,2025-04-23,6549,385,54660000,9.5,580.34,TABLET,SEARCH_PARTNERS,2025-04-24T00:00:00
GC005,PMax - Wellness,987654321,Vitalis UK,2025-04-23,8496,499,75220000,18.3,931.29,MOBILE,SEARCH,2025-04-24T00:00:00
GC001,Brand - Vitalis,987654321,Vitalis UK,2025-04-24,4661,257,31340000,23.5,920.14,MOBILE,SEARCH,2025-04-25T00:00:00
GC002,Non-Brand - CBD Oil UK,987654321,Vitalis UK,2025-04-24,8404,528,58500000,9.3,356.77,TABLET,SEARCH,2025-04-25T00:00:00
GC003,Non-Brand - Supplements UK,987654321,Vitalis UK,2025-04-24,6800,466,71210000,11.8,491.11,TABLET,SEARCH,2025-04-25T00:00:00
GC004,Shopping - All Products,987654321,Vitalis UK,2025-04-24,5988,353,51450000,13.3,766.28,TABLET,SEARCH_PARTNERS,2025-04-25T00:00:00
GC005,PMax - Wellness,987654321,Vitalis UK,2025-04-24,8058,289,63580000,6.8,417.11,DESKTOP,SEARCH,2025-04-25T00:00:00
GC001,Brand - Vitalis,987654321,Vitalis UK,2025-04-25,3979,243,31780000,15.9,673.06,DESKTOP,SEARCH,2025-04-26T00:00:00
GC002,Non-Brand - CBD Oil UK,987654321,Vitalis UK,2025-04-25,4039,186,55620000,5.3,313.84,MOBILE,SEARCH,2025-04-26T00:00:00
GC003,Non-Brand - Supplements UK,987654321,Vitalis UK,2025-04-25,6035,380,64099999,7.3,290.87,DESKTOP,SEARCH,2025-04-26T00:00:00
GC004,Shopping - All Products,987654321,Vitalis UK,2025-04-25,6487,198,45170000,5.8,294.24,DESKTOP,SEARCH_PARTNERS,2025-04-26T00:00:00
GC005,PMax - Wellness,987654321,Vitalis UK,2025-04-25,7923,509,65480000,15.0,893.93,TABLET,SEARCH,2025-04-26T00:00:00
GC001,Brand - Vitalis,987654321,Vitalis UK,2025-04-26,2163,151,32229999,12.9,654.52,TABLET,SEARCH,2025-04-27T00:00:00
GC002,Non-Brand - CBD Oil UK,987654321,Vitalis UK,2025-04-26,8931,477,59930000,10.0,590.91,TABLET,SEARCH,2025-04-27T00:00:00
GC003,Non-Brand - Supplements UK,987654321,Vitalis UK,2025-04-26,9029,323,64599999,8.5,495.15,MOBILE,SEARCH,2025-04-27T00:00:00
GC004,Shopping - All Products,987654321,Vitalis UK,2025-04-26,4838,150,42760000,4.7,240.64,DESKTOP,SEARCH_PARTNERS,2025-04-27T00:00:00
GC005,PMax - Wellness,987654321,Vitalis UK,2025-04-26,5657,345,64640000,8.2,321.36,TABLET,SEARCH,2025-04-27T00:00:00
GC001,Brand - Vitalis,987654321,Vitalis UK,2025-04-27,2014,125,31210000,8.9,533.07,DESKTOP,SEARCH,2025-04-28T00:00:00
GC002,Non-Brand - CBD Oil UK,987654321,Vitalis UK,2025-04-27,5818,397,53230000,7.3,458.01,MOBILE,SEARCH,2025-04-28T00:00:00
GC003,Non-Brand - Supplements UK,987654321,Vitalis UK,2025-04-27,6641,349,71490000,6.2,400.83,MOBILE,SEARCH,2025-04-28T00:00:00
GC004,Shopping - All Products,987654321,Vitalis UK,2025-04-27,5456,251,49810000,8.6,444.08,MOBILE,SEARCH_PARTNERS,2025-04-28T00:00:00
GC005,PMax - Wellness,987654321,Vitalis UK,2025-04-27,6980,387,76340000,8.6,377.04,MOBILE,SEARCH,2025-04-28T00:00:00
GC001,Brand - Vitalis,987654321,Vitalis UK,2025-04-28,5274,309,35870000,17.7,1051.67,TABLET,SEARCH,2025-04-29T00:00:00
GC002,Non-Brand - CBD Oil UK,987654321,Vitalis UK,2025-04-28,4886,267,55080000,6.9,399.55,TABLET,SEARCH,2025-04-29T00:00:00
GC003,Non-Brand - Supplements UK,987654321,Vitalis UK,2025-04-28,6361,209,56540000,4.7,236.99,TABLET,SEARCH,2025-04-29T00:00:00
GC004,Shopping - All Products,987654321,Vitalis UK,2025-04-28,3446,164,45900000,5.6,247.23,DESKTOP,SEARCH_PARTNERS,2025-04-29T00:00:00
GC005,PMax - Wellness,987654321,Vitalis UK,2025-04-28,8720,357,78390000,9.2,582.23,TABLET,SEARCH,2025-04-29T00:00:00
GC001,Brand - Vitalis,987654321,Vitalis UK,2025-04-29,5239,209,35180000,13.9,700.23,MOBILE,SEARCH,2025-04-30T00:00:00
GC002,Non-Brand - CBD Oil UK,987654321,Vitalis UK,2025-04-29,5814,288,60710000,6.5,259.02,DESKTOP,SEARCH,2025-04-30T00:00:00
GC003,Non-Brand - Supplements UK,987654321,Vitalis UK,2025-04-29,5275,333,67010000,6.5,362.01,TABLET,SEARCH,2025-04-30T00:00:00
GC004,Shopping - All Products,987654321,Vitalis UK,2025-04-29,3808,163,48130000,5.8,342.93,DESKTOP,SEARCH_PARTNERS,2025-04-30T00:00:00
GC005,PMax - Wellness,987654321,Vitalis UK,2025-04-29,4846,285,79070000,11.0,397.62,MOBILE,SEARCH,2025-04-30T00:00:00
GC001,Brand - Vitalis,987654321,Vitalis UK,2025-04-30,2495,146,27970000,10.9,528.24,MOBILE,SEARCH,2025-05-01T00:00:00
GC002,Non-Brand - CBD Oil UK,987654321,Vitalis UK,2025-04-30,8742,472,65300000,10.2,476.79,TABLET,SEARCH,2025-05-01T00:00:00
GC003,Non-Brand - Supplements UK,987654321,Vitalis UK,2025-04-30,6503,417,49910000,11.0,695.31,TABLET,SEARCH,2025-05-01T00:00:00
GC004,Shopping - All Products,987654321,Vitalis UK,2025-04-30,3420,119,47680000,2.9,161.89,MOBILE,SEARCH_PARTNERS,2025-05-01T00:00:00
GC005,PMax - Wellness,987654321,Vitalis UK,2025-04-30,5296,323,71930000,9.7,526.7,TABLET,SEARCH,2025-05-01T00:00:00
GC001,Brand - Vitalis,987654321,Vitalis UK,2025-05-01,2159,104,30450000,6.9,377.29,DESKTOP,SEARCH,2025-05-02T00:00:00
GC002,Non-Brand - CBD Oil UK,987654321,Vitalis UK,2025-05-01,4222,281,65550000,5.9,372.38,TABLET,SEARCH,2025-05-02T00:00:00
GC003,Non-Brand - Supplements UK,987654321,Vitalis UK,2025-05-01,8153,250,64739999,7.4,321.62,MOBILE,SEARCH,2025-05-02T00:00:00
GC004,Shopping - All Products,987654321,Vitalis UK,2025-05-01,6550,413,47070000,10.6,497.54,DESKTOP,SEARCH_PARTNERS,2025-05-02T00:00:00
GC005,PMax - Wellness,987654321,Vitalis UK,2025-05-01,6937,230,71130000,8.6,308.34,TABLET,SEARCH,2025-05-02T00:00:00
GC001,Brand - Vitalis,987654321,Vitalis UK,2025-05-02,2140,108,30460000,7.2,410.19,DESKTOP,SEARCH,2025-05-03T00:00:00
GC002,Non-Brand - CBD Oil UK,987654321,Vitalis UK,2025-05-02,7156,333,58330000,8.5,407.07,TABLET,SEARCH,2025-05-03T00:00:00
GC003,Non-Brand - Supplements UK,987654321,Vitalis UK,2025-05-02,6218,247,51110000,6.4,299.57,DESKTOP,SEARCH,2025-05-03T00:00:00
GC004,Shopping - All Products,987654321,Vitalis UK,2025-05-02,4853,281,55040000,10.7,496.61,MOBILE,SEARCH_PARTNERS,2025-05-03T00:00:00
GC005,PMax - Wellness,987654321,Vitalis UK,2025-05-02,9987,482,78750000,11.7,433.14,DESKTOP,SEARCH,2025-05-03T00:00:00
GC001,Brand - Vitalis,987654321,Vitalis UK,2025-05-03,2053,136,27790000,12.0,697.03,TABLET,SEARCH,2025-05-04T00:00:00
GC002,Non-Brand - CBD Oil UK,987654321,Vitalis UK,2025-05-03,5753,365,55360000,7.9,310.72,MOBILE,SEARCH,2025-05-04T00:00:00
GC003,Non-Brand - Supplements UK,987654321,Vitalis UK,2025-05-03,9321,518,64030000,14.1,495.0,TABLET,SEARCH,2025-05-04T00:00:00
GC004,Shopping - All Products,987654321,Vitalis UK,2025-05-03,4391,276,44550000,8.0,476.16,TABLET,SEARCH_PARTNERS,2025-05-04T00:00:00
GC005,PMax - Wellness,987654321,Vitalis UK,2025-05-03,9628,365,65610000,13.7,628.39,TABLET,SEARCH,2025-05-04T00:00:00
GC001,Brand - Vitalis,987654321,Vitalis UK,2025-05-04,5362,238,36300000,23.6,1044.62,DESKTOP,SEARCH,2025-05-05T00:00:00
GC002,Non-Brand - CBD Oil UK,987654321,Vitalis UK,2025-05-04,4155,136,61460000,2.6,163.4,TABLET,SEARCH,2025-05-05T00:00:00
GC003,Non-Brand - Supplements UK,987654321,Vitalis UK,2025-05-04,7097,294,58690000,6.9,365.25,TABLET,SEARCH,2025-05-05T00:00:00
GC004,Shopping - All Products,987654321,Vitalis UK,2025-05-04,4129,197,55970000,8.2,524.26,TABLET,SEARCH_PARTNERS,2025-05-05T00:00:00
GC005,PMax - Wellness,987654321,Vitalis UK,2025-05-04,10853,629,73030000,15.1,746.8,MOBILE,SEARCH,2025-05-05T00:00:00
GC001,Brand - Vitalis,987654321,Vitalis UK,2025-05-05,3859,241,32360000,22.1,1082.87,TABLET,SEARCH,2025-05-06T00:00:00
GC002,Non-Brand - CBD Oil UK,987654321,Vitalis UK,2025-05-05,7755,447,68510000,13.4,642.33,TABLET,SEARCH,2025-05-06T00:00:00
GC003,Non-Brand - Supplements UK,987654321,Vitalis UK,2025-05-05,4059,185,60400000,4.1,261.58,MOBILE,SEARCH,2025-05-06T00:00:00
GC004,Shopping - All Products,987654321,Vitalis UK,2025-05-05,5806,297,44670000,7.8,323.09,DESKTOP,SEARCH_PARTNERS,2025-05-06T00:00:00
GC005,PMax - Wellness,987654321,Vitalis UK,2025-05-05,9159,439,79780000,11.2,677.51,MOBILE,SEARCH,2025-05-06T00:00:00
GC001,Brand - Vitalis,987654321,Vitalis UK,2025-05-06,3263,176,29440000,12.1,565.04,MOBILE,SEARCH,2025-05-07T00:00:00
GC002,Non-Brand - CBD Oil UK,987654321,Vitalis UK,2025-05-06,4835,174,65849999,3.4,150.52,TABLET,SEARCH,2025-05-07T00:00:00
GC003,Non-Brand - Supplements UK,987654321,Vitalis UK,2025-05-06,6917,313,58450000,6.3,292.34,DESKTOP,SEARCH,2025-05-07T00:00:00
GC004,Shopping - All Products,987654321,Vitalis UK,2025-05-06,6924,380,56840000,10.0,450.03,MOBILE,SEARCH_PARTNERS,2025-05-07T00:00:00
GC005,PMax - Wellness,987654321,Vitalis UK,2025-05-06,4898,291,75870000,10.5,454.94,TABLET,SEARCH,2025-05-07T00:00:00
GC001,Brand - Vitalis,987654321,Vitalis UK,2025-05-07,4128,217,27590000,19.0,681.45,TABLET,SEARCH,2025-05-08T00:00:00
GC002,Non-Brand - CBD Oil UK,987654321,Vitalis UK,2025-05-07,5081,333,56320000,10.3,526.25,TABLET,SEARCH,2025-05-08T00:00:00
GC003,Non-Brand - Supplements UK,987654321,Vitalis UK,2025-05-07,6366,409,65709999,8.1,484.44,MOBILE,SEARCH,2025-05-08T00:00:00
GC004,Shopping - All Products,987654321,Vitalis UK,2025-05-07,5041,200,59260000,8.2,500.64,DESKTOP,SEARCH_PARTNERS,2025-05-08T00:00:00
GC005,PMax - Wellness,987654321,Vitalis UK,2025-05-07,11142,371,75920000,10.5,588.51,MOBILE,SEARCH,2025-05-08T00:00:00
GC001,Brand - Vitalis,987654321,Vitalis UK,2025-05-08,2810,103,30480000,8.5,433.93,DESKTOP,SEARCH,2025-05-09T00:00:00
GC002,Non-Brand - CBD Oil UK,987654321,Vitalis UK,2025-05-08,7933,420,60010000,12.6,724.15,TABLET,SEARCH,2025-05-09T00:00:00
GC003,Non-Brand - Supplements UK,987654321,Vitalis UK,2025-05-08,8275,457,60460000,13.9,771.46,MOBILE,SEARCH,2025-05-09T00:00:00
GC004,Shopping - All Products,987654321,Vitalis UK,2025-05-08,5370,263,54610000,7.0,267.3,TABLET,SEARCH_PARTNERS,2025-05-09T00:00:00
GC005,PMax - Wellness,987654321,Vitalis UK,2025-05-08,3717,165,58330000,4.8,247.59,TABLET,SEARCH,2025-05-09T00:00:00
GC001,Brand - Vitalis,987654321,Vitalis UK,2025-05-09,4135,222,32680000,12.8,687.64,DESKTOP,SEARCH,2025-05-10T00:00:00
GC002,Non-Brand - CBD Oil UK,987654321,Vitalis UK,2025-05-09,7154,319,51040000,7.5,269.34,MOBILE,SEARCH,2025-05-10T00:00:00
GC003,Non-Brand - Supplements UK,987654321,Vitalis UK,2025-05-09,4032,220,52420000,4.7,288.44,MOBILE,SEARCH,2025-05-10T00:00:00
GC004,Shopping - All Products,987654321,Vitalis UK,2025-05-09,3444,108,43080000,2.8,137.32,MOBILE,SEARCH_PARTNERS,2025-05-10T00:00:00
GC005,PMax - Wellness,987654321,Vitalis UK,2025-05-09,4762,223,59950000,6.6,292.42,MOBILE,SEARCH,2025-05-10T00:00:00
GC001,Brand - Vitalis,987654321,Vitalis UK,2025-05-10,2913,199,30670000,14.8,908.27,TABLET,SEARCH,2025-05-11T00:00:00
GC002,Non-Brand - CBD Oil UK,987654321,Vitalis UK,2025-05-10,8748,408,67590000,7.4,313.98,DESKTOP,SEARCH,2025-05-11T00:00:00
GC003,Non-Brand - Supplements UK,987654321,Vitalis UK,2025-05-10,7637,330,65400000,9.6,450.65,DESKTOP,SEARCH,2025-05-11T00:00:00
GC004,Shopping - All Products,987654321,Vitalis UK,2025-05-10,6829,336,56130000,14.6,737.85,DESKTOP,SEARCH_PARTNERS,2025-05-11T00:00:00
GC005,PMax - Wellness,987654321,Vitalis UK,2025-05-10,7094,283,66069999,6.1,329.3,MOBILE,SEARCH,2025-05-11T00:00:00
GC001,Brand - Vitalis,987654321,Vitalis UK,2025-05-11,3091,132,25870000,11.1,482.15,MOBILE,SEARCH,2025-05-12T00:00:00
GC002,Non-Brand - CBD Oil UK,987654321,Vitalis UK,2025-05-11,4918,272,61150000,8.4,525.47,DESKTOP,SEARCH,2025-05-12T00:00:00
GC003,Non-Brand - Supplements UK,987654321,Vitalis UK,2025-05-11,6022,251,52510000,6.3,391.12,DESKTOP,SEARCH,2025-05-12T00:00:00
GC004,Shopping - All Products,987654321,Vitalis UK,2025-05-11,3571,240,54410000,10.4,627.21,DESKTOP,SEARCH_PARTNERS,2025-05-12T00:00:00
GC005,PMax - Wellness,987654321,Vitalis UK,2025-05-11,4263,294,65810000,7.6,313.33,MOBILE,SEARCH,2025-05-12T00:00:00
GC001,Brand - Vitalis,987654321,Vitalis UK,2025-05-12,2277,121,28960000,12.0,612.06,TABLET,SEARCH,2025-05-13T00:00:00
GC002,Non-Brand - CBD Oil UK,987654321,Vitalis UK,2025-05-12,9629,411,68990000,7.6,272.66,TABLET,SEARCH,2025-05-13T00:00:00
GC003,Non-Brand - Supplements UK,987654321,Vitalis UK,2025-05-12,4746,309,71160000,9.4,513.1,DESKTOP,SEARCH,2025-05-13T00:00:00
GC004,Shopping - All Products,987654321,Vitalis UK,2025-05-12,5447,381,47750000,16.6,792.49,DESKTOP,SEARCH_PARTNERS,2025-05-13T00:00:00
GC005,PMax - Wellness,987654321,Vitalis UK,2025-05-12,7158,379,83550000,10.7,670.55,DESKTOP,SEARCH,2025-05-13T00:00:00
GC001,Brand - Vitalis,987654321,Vitalis UK,2025-05-13,4224,222,30450000,21.1,1190.21,DESKTOP,SEARCH,2025-05-14T00:00:00
GC002,Non-Brand - CBD Oil UK,987654321,Vitalis UK,2025-05-13,6239,393,73840000,12.6,666.44,TABLET,SEARCH,2025-05-14T00:00:00
GC003,Non-Brand - Supplements UK,987654321,Vitalis UK,2025-05-13,8860,499,74240000,13.0,572.35,TABLET,SEARCH,2025-05-14T00:00:00
GC004,Shopping - All Products,987654321,Vitalis UK,2025-05-13,5016,257,53180000,8.2,500.16,MOBILE,SEARCH_PARTNERS,2025-05-14T00:00:00
GC005,PMax - Wellness,987654321,Vitalis UK,2025-05-13,5749,185,67390000,5.2,209.27,DESKTOP,SEARCH,2025-05-14T00:00:00
GC001,Brand - Vitalis,987654321,Vitalis UK,2025-05-14,3159,141,33119999,13.3,691.17,DESKTOP,SEARCH,2025-05-15T00:00:00
GC002,Non-Brand - CBD Oil UK,987654321,Vitalis UK,2025-05-14,5477,290,54600000,9.1,357.26,DESKTOP,SEARCH,2025-05-15T00:00:00
GC003,Non-Brand - Supplements UK,987654321,Vitalis UK,2025-05-14,7177,240,60750000,6.2,231.29,DESKTOP,SEARCH,2025-05-15T00:00:00
GC004,Shopping - All Products,987654321,Vitalis UK,2025-05-14,3439,124,55110000,5.4,264.45,TABLET,SEARCH_PARTNERS,2025-05-15T00:00:00
GC005,PMax - Wellness,987654321,Vitalis UK,2025-05-14,7328,456,78020000,9.9,441.26,MOBILE,SEARCH,2025-05-15T00:00:00
GC001,Brand - Vitalis,987654321,Vitalis UK,2025-05-15,3589,199,30290000,17.6,986.84,DESKTOP,SEARCH,2025-05-16T00:00:00
GC002,Non-Brand - CBD Oil UK,987654321,Vitalis UK,2025-05-15,7232,424,57720000,10.1,358.85,DESKTOP,SEARCH,2025-05-16T00:00:00
GC003,Non-Brand - Supplements UK,987654321,Vitalis UK,2025-05-15,5458,253,73610000,6.6,328.17,DESKTOP,SEARCH,2025-05-16T00:00:00
GC004,Shopping - All Products,987654321,Vitalis UK,2025-05-15,5219,359,61630000,9.1,377.51,TABLET,SEARCH_PARTNERS,2025-05-16T00:00:00
GC005,PMax - Wellness,987654321,Vitalis UK,2025-05-15,8177,347,77400000,10.5,528.29,MOBILE,SEARCH,2025-05-16T00:00:00
GC001,Brand - Vitalis,987654321,Vitalis UK,2025-05-16,4372,155,29500000,10.2,567.1,TABLET,SEARCH,2025-05-17T00:00:00
GC002,Non-Brand - CBD Oil UK,987654321,Vitalis UK,2025-05-16,9298,297,65500000,7.6,266.71,DESKTOP,SEARCH,2025-05-17T00:00:00
GC003,Non-Brand - Supplements UK,987654321,Vitalis UK,2025-05-16,6111,228,62000000,5.2,324.73,TABLET,SEARCH,2025-05-17T00:00:00
GC004,Shopping - All Products,987654321,Vitalis UK,2025-05-16,4732,274,48010000,11.1,672.55,TABLET,SEARCH_PARTNERS,2025-05-17T00:00:00
GC005,PMax - Wellness,987654321,Vitalis UK,2025-05-16,8004,272,71550000,7.8,504.52,TABLET,SEARCH,2025-05-17T00:00:00
GC001,Brand - Vitalis,987654321,Vitalis UK,2025-05-17,3323,227,29500000,13.9,808.3,MOBILE,SEARCH,2025-05-18T00:00:00
GC002,Non-Brand - CBD Oil UK,987654321,Vitalis UK,2025-05-17,7968,270,58890000,7.0,411.99,TABLET,SEARCH,2025-05-18T00:00:00
GC003,Non-Brand - Supplements UK,987654321,Vitalis UK,2025-05-17,4275,148,65120000,3.1,176.56,DESKTOP,SEARCH,2025-05-18T00:00:00
GC004,Shopping - All Products,987654321,Vitalis UK,2025-05-17,5652,291,51660000,9.0,573.04,DESKTOP,SEARCH_PARTNERS,2025-05-18T00:00:00
GC005,PMax - Wellness,987654321,Vitalis UK,2025-05-17,5820,388,58710000,10.3,500.52,TABLET,SEARCH,2025-05-18T00:00:00
GC001,Brand - Vitalis,987654321,Vitalis UK,2025-05-18,2905,146,30640000,8.5,548.12,TABLET,SEARCH,2025-05-19T00:00:00
GC002,Non-Brand - CBD Oil UK,987654321,Vitalis UK,2025-05-18,8139,516,67670000,11.9,438.68,TABLET,SEARCH,2025-05-19T00:00:00
GC003,Non-Brand - Supplements UK,987654321,Vitalis UK,2025-05-18,8366,412,65599999,11.0,454.75,DESKTOP,SEARCH,2025-05-19T00:00:00
GC004,Shopping - All Products,987654321,Vitalis UK,2025-05-18,6057,205,54500000,6.1,387.36,TABLET,SEARCH_PARTNERS,2025-05-19T00:00:00
GC005,PMax - Wellness,987654321,Vitalis UK,2025-05-18,5314,315,71100000,7.9,470.55,TABLET,SEARCH,2025-05-19T00:00:00
GC001,Brand - Vitalis,987654321,Vitalis UK,2025-05-19,3423,225,27070000,17.2,635.85,TABLET,SEARCH,2025-05-20T00:00:00
GC002,Non-Brand - CBD Oil UK,987654321,Vitalis UK,2025-05-19,7392,510,63790000,14.2,730.31,MOBILE,SEARCH,2025-05-20T00:00:00
GC003,Non-Brand - Supplements UK,987654321,Vitalis UK,2025-05-19,6277,363,58030000,10.9,630.52,MOBILE,SEARCH,2025-05-20T00:00:00
GC004,Shopping - All Products,987654321,Vitalis UK,2025-05-19,7105,329,55330000,10.7,516.47,TABLET,SEARCH_PARTNERS,2025-05-20T00:00:00
GC005,PMax - Wellness,987654321,Vitalis UK,2025-05-19,9488,324,69030000,9.8,584.03,MOBILE,SEARCH,2025-05-20T00:00:00
GC001,Brand - Vitalis,987654321,Vitalis UK,2025-05-20,4175,277,32299999,16.5,963.38,TABLET,SEARCH,2025-05-21T00:00:00
GC002,Non-Brand - CBD Oil UK,987654321,Vitalis UK,2025-05-20,6129,401,50650000,10.5,491.83,MOBILE,SEARCH,2025-05-21T00:00:00
GC003,Non-Brand - Supplements UK,987654321,Vitalis UK,2025-05-20,7439,443,50280000,8.1,411.99,DESKTOP,SEARCH,2025-05-21T00:00:00
GC004,Shopping - All Products,987654321,Vitalis UK,2025-05-20,5198,277,54630000,8.0,516.1,DESKTOP,SEARCH_PARTNERS,2025-05-21T00:00:00
GC005,PMax - Wellness,987654321,Vitalis UK,2025-05-20,6743,367,57250000,12.1,571.25,MOBILE,SEARCH,2025-05-21T00:00:00
GC001,Brand - Vitalis,987654321,Vitalis UK,2025-05-21,2759,149,29590000,12.5,641.19,TABLET,SEARCH,2025-05-22T00:00:00
GC002,Non-Brand - CBD Oil UK,987654321,Vitalis UK,2025-05-21,3904,156,52240000,3.2,188.22,TABLET,SEARCH,2025-05-22T00:00:00
GC003,Non-Brand - Supplements UK,987654321,Vitalis UK,2025-05-21,6472,227,62970000,6.9,360.8,DESKTOP,SEARCH,2025-05-22T00:00:00
GC004,Shopping - All Products,987654321,Vitalis UK,2025-05-21,3208,161,50090000,5.4,249.61,MOBILE,SEARCH_PARTNERS,2025-05-22T00:00:00
GC005,PMax - Wellness,987654321,Vitalis UK,2025-05-21,4877,214,64129999,7.5,422.03,TABLET,SEARCH,2025-05-22T00:00:00
GC001,Brand - Vitalis,987654321,Vitalis UK,2025-05-22,5086,205,34700000,16.2,751.61,DESKTOP,SEARCH,2025-05-23T00:00:00
GC002,Non-Brand - CBD Oil UK,987654321,Vitalis UK,2025-05-22,8525,427,67170000,11.7,413.81,MOBILE,SEARCH,2025-05-23T00:00:00
GC003,Non-Brand - Supplements UK,987654321,Vitalis UK,2025-05-22,5417,266,52920000,6.8,263.8,DESKTOP,SEARCH,2025-05-23T00:00:00
GC004,Shopping - All Products,987654321,Vitalis UK,2025-05-22,5768,312,47630000,12.6,814.32,TABLET,SEARCH_PARTNERS,2025-05-23T00:00:00
GC005,PMax - Wellness,987654321,Vitalis UK,2025-05-22,9052,494,73580000,12.3,780.73,MOBILE,SEARCH,2025-05-23T00:00:00
GC001,Brand - Vitalis,987654321,Vitalis UK,2025-05-23,2872,164,31720000,12.3,607.74,TABLET,SEARCH,2025-05-24T00:00:00
GC002,Non-Brand - CBD Oil UK,987654321,Vitalis UK,2025-05-23,5014,275,54430000,5.0,280.93,MOBILE,SEARCH,2025-05-24T00:00:00
GC003,Non-Brand - Supplements UK,987654321,Vitalis UK,2025-05-23,7795,408,54400000,10.5,662.79,MOBILE,SEARCH,2025-05-24T00:00:00
GC004,Shopping - All Products,987654321,Vitalis UK,2025-05-23,7815,460,54160000,12.0,438.58,DESKTOP,SEARCH_PARTNERS,2025-05-24T00:00:00
GC005,PMax - Wellness,987654321,Vitalis UK,2025-05-23,9075,597,81640000,12.7,492.88,DESKTOP,SEARCH,2025-05-24T00:00:00
GC001,Brand - Vitalis,987654321,Vitalis UK,2025-05-24,4208,129,33000000,10.6,645.63,DESKTOP,SEARCH,2025-05-25T00:00:00
GC002,Non-Brand - CBD Oil UK,987654321,Vitalis UK,2025-05-24,8362,390,62450000,10.1,397.39,DESKTOP,SEARCH,2025-05-25T00:00:00
GC003,Non-Brand - Supplements UK,987654321,Vitalis UK,2025-05-24,6489,443,66410000,8.9,397.98,DESKTOP,SEARCH,2025-05-25T00:00:00
GC004,Shopping - All Products,987654321,Vitalis UK,2025-05-24,7317,488,57820000,15.3,600.53,DESKTOP,SEARCH_PARTNERS,2025-05-25T00:00:00
GC005,PMax - Wellness,987654321,Vitalis UK,2025-05-24,7893,463,66819999,13.0,550.05,MOBILE,SEARCH,2025-05-25T00:00:00
GC001,Brand - Vitalis,987654321,Vitalis UK,2025-05-25,3539,135,32900000,8.3,428.87,TABLET,SEARCH,2025-05-26T00:00:00
GC002,Non-Brand - CBD Oil UK,987654321,Vitalis UK,2025-05-25,7384,442,66950000,11.4,596.6,TABLET,SEARCH,2025-05-26T00:00:00
GC003,Non-Brand - Supplements UK,987654321,Vitalis UK,2025-05-25,8827,360,70740000,6.5,352.58,MOBILE,SEARCH,2025-05-26T00:00:00
GC004,Shopping - All Products,987654321,Vitalis UK,2025-05-25,6485,342,58570000,13.5,592.22,MOBILE,SEARCH_PARTNERS,2025-05-26T00:00:00
GC005,PMax - Wellness,987654321,Vitalis UK,2025-05-25,6598,303,64599999,10.5,499.44,DESKTOP,SEARCH,2025-05-26T00:00:00
GC001,Brand - Vitalis,987654321,Vitalis UK,2025-05-26,3505,203,35360000,15.5,721.72,MOBILE,SEARCH,2025-05-27T00:00:00
GC002,Non-Brand - CBD Oil UK,987654321,Vitalis UK,2025-05-26,5689,339,56430000,10.4,540.52,TABLET,SEARCH,2025-05-27T00:00:00
GC003,Non-Brand - Supplements UK,987654321,Vitalis UK,2025-05-26,8978,343,63240000,10.9,519.67,TABLET,SEARCH,2025-05-27T00:00:00
GC004,Shopping - All Products,987654321,Vitalis UK,2025-05-26,6654,413,48730000,10.7,423.5,MOBILE,SEARCH_PARTNERS,2025-05-27T00:00:00
GC005,PMax - Wellness,987654321,Vitalis UK,2025-05-26,8926,371,76970000,12.8,767.66,MOBILE,SEARCH,2025-05-27T00:00:00
GC001,Brand - Vitalis,987654321,Vitalis UK,2025-05-27,3579,161,36930000,15.9,835.68,TABLET,SEARCH,2025-05-28T00:00:00
GC002,Non-Brand - CBD Oil UK,987654321,Vitalis UK,2025-05-27,7637,479,68610000,13.6,585.75,DESKTOP,SEARCH,2025-05-28T00:00:00
GC003,Non-Brand - Supplements UK,987654321,Vitalis UK,2025-05-27,7298,367,73300000,9.4,586.19,TABLET,SEARCH,2025-05-28T00:00:00
GC004,Shopping - All Products,987654321,Vitalis UK,2025-05-27,3816,149,49590000,5.1,217.96,MOBILE,SEARCH_PARTNERS,2025-05-28T00:00:00
GC005,PMax - Wellness,987654321,Vitalis UK,2025-05-27,8934,425,75350000,12.5,479.58,DESKTOP,SEARCH,2025-05-28T00:00:00
GC001,Brand - Vitalis,987654321,Vitalis UK,2025-05-28,2693,103,29600000,7.1,293.94,TABLET,SEARCH,2025-05-29T00:00:00
GC002,Non-Brand - CBD Oil UK,987654321,Vitalis UK,2025-05-28,7740,253,63760000,5.8,315.24,DESKTOP,SEARCH,2025-05-29T00:00:00
GC003,Non-Brand - Supplements UK,987654321,Vitalis UK,2025-05-28,10207,607,68130000,14.1,901.21,MOBILE,SEARCH,2025-05-29T00:00:00
GC004,Shopping - All Products,987654321,Vitalis UK,2025-05-28,5777,281,49810000,9.7,526.46,DESKTOP,SEARCH_PARTNERS,2025-05-29T00:00:00
GC005,PMax - Wellness,987654321,Vitalis UK,2025-05-28,5787,276,72250000,9.0,379.1,MOBILE,SEARCH,2025-05-29T00:00:00
GC001,Brand - Vitalis,987654321,Vitalis UK,2025-05-29,1943,64,27600000,5.0,177.52,TABLET,SEARCH,2025-05-30T00:00:00
GC002,Non-Brand - CBD Oil UK,987654321,Vitalis UK,2025-05-29,4328,168,68340000,3.4,123.14,TABLET,SEARCH,2025-05-30T00:00:00
GC003,Non-Brand - Supplements UK,987654321,Vitalis UK,2025-05-29,7357,335,60490000,6.4,315.24,DESKTOP,SEARCH,2025-05-30T00:00:00
GC004,Shopping - All Products,987654321,Vitalis UK,2025-05-29,3958,168,50370000,6.6,284.85,MOBILE,SEARCH_PARTNERS,2025-05-30T00:00:00
GC005,PMax - Wellness,987654321,Vitalis UK,2025-05-29,4262,213,66860000,6.3,308.92,TABLET,SEARCH,2025-05-30T00:00:00
GC001,Brand - Vitalis,987654321,Vitalis UK,2025-05-30,2376,150,29640000,12.5,486.73,DESKTOP,SEARCH,2025-05-31T00:00:00
GC002,Non-Brand - CBD Oil UK,987654321,Vitalis UK,2025-05-30,9939,476,66959999,12.7,568.18,DESKTOP,SEARCH,2025-05-31T00:00:00
GC003,Non-Brand - Supplements UK,987654321,Vitalis UK,2025-05-30,3292,173,50870000,4.1,205.29,DESKTOP,SEARCH,2025-05-31T00:00:00
GC004,Shopping - All Products,987654321,Vitalis UK,2025-05-30,7286,352,49860000,15.1,849.51,DESKTOP,SEARCH_PARTNERS,2025-05-31T00:00:00
GC005,PMax - Wellness,987654321,Vitalis UK,2025-05-30,10602,548,70740000,17.7,917.55,DESKTOP,SEARCH,2025-05-31T00:00:00
GC001,Brand - Vitalis,987654321,Vitalis UK,2025-05-31,2405,107,34870000,6.4,297.14,MOBILE,SEARCH,2025-06-01T00:00:00
GC002,Non-Brand - CBD Oil UK,987654321,Vitalis UK,2025-05-31,6186,405,70360000,9.8,602.03,MOBILE,SEARCH,2025-06-01T00:00:00
GC003,Non-Brand - Supplements UK,987654321,Vitalis UK,2025-05-31,8603,533,63210000,15.3,664.42,MOBILE,SEARCH,2025-06-01T00:00:00
GC004,Shopping - All Products,987654321,Vitalis UK,2025-05-31,4294,267,48710000,9.2,541.43,MOBILE,SEARCH_PARTNERS,2025-06-01T00:00:00
GC005,PMax - Wellness,987654321,Vitalis UK,2025-05-31,10977,651,83860000,15.1,832.17,DESKTOP,SEARCH,2025-06-01T00:00:00
GC001,Brand - Vitalis,987654321,Vitalis UK,2025-06-01,3371,225,27520000,14.4,664.56,MOBILE,SEARCH,2025-06-02T00:00:00
GC002,Non-Brand - CBD Oil UK,987654321,Vitalis UK,2025-06-01,5026,177,54710000,3.9,185.04,DESKTOP,SEARCH,2025-06-02T00:00:00
GC003,Non-Brand - Supplements UK,987654321,Vitalis UK,2025-06-01,7767,503,61450000,15.2,657.7,MOBILE,SEARCH,2025-06-02T00:00:00
GC004,Shopping - All Products,987654321,Vitalis UK,2025-06-01,5066,292,46130000,9.6,583.42,MOBILE,SEARCH_PARTNERS,2025-06-02T00:00:00
GC005,PMax - Wellness,987654321,Vitalis UK,2025-06-01,7515,518,58680000,18.2,695.7,MOBILE,SEARCH,2025-06-02T00:00:00
GC001,Brand - Vitalis,987654321,Vitalis UK,2025-06-02,2030,126,27440000,11.6,571.12,TABLET,SEARCH,2025-06-03T00:00:00
GC002,Non-Brand - CBD Oil UK,987654321,Vitalis UK,2025-06-02,3969,140,51830000,3.2,129.18,TABLET,SEARCH,2025-06-03T00:00:00
GC003,Non-Brand - Supplements UK,987654321,Vitalis UK,2025-06-02,3282,176,44140000,3.3,163.38,DESKTOP,SEARCH,2025-06-03T00:00:00
GC004,Shopping - All Products,987654321,Vitalis UK,2025-06-02,5078,277,38530000,9.9,483.4,MOBILE,SEARCH_PARTNERS,2025-06-03T00:00:00
GC005,PMax - Wellness,987654321,Vitalis UK,2025-06-02,8468,323,58180000,12.4,702.35,DESKTOP,SEARCH,2025-06-03T00:00:00
GC001,Brand - Vitalis,987654321,Vitalis UK,2025-06-03,2141,119,29030000,10.0,584.28,MOBILE,SEARCH,2025-06-04T00:00:00
GC002,Non-Brand - CBD Oil UK,987654321,Vitalis UK,2025-06-03,8289,443,56290000,10.1,546.42,TABLET,SEARCH,2025-06-04T00:00:00
GC003,Non-Brand - Supplements UK,987654321,Vitalis UK,2025-06-03,3280,147,48670000,3.0,142.99,DESKTOP,SEARCH,2025-06-04T00:00:00
GC004,Shopping - All Products,987654321,Vitalis UK,2025-06-03,3498,140,39640000,4.4,204.24,TABLET,SEARCH_PARTNERS,2025-06-04T00:00:00
GC005,PMax - Wellness,987654321,Vitalis UK,2025-06-03,4851,152,65170000,3.6,194.76,MOBILE,SEARCH,2025-06-04T00:00:00
GC001,Brand - Vitalis,987654321,Vitalis UK,2025-06-04,2662,135,27480000,9.7,509.14,DESKTOP,SEARCH,2025-06-05T00:00:00
GC002,Non-Brand - CBD Oil UK,987654321,Vitalis UK,2025-06-04,7864,448,59450000,9.1,516.21,DESKTOP,SEARCH,2025-06-05T00:00:00
GC003,Non-Brand - Supplements UK,987654321,Vitalis UK,2025-06-04,5722,374,67170000,8.9,468.62,TABLET,SEARCH,2025-06-05T00:00:00
GC004,Shopping - All Products,987654321,Vitalis UK,2025-06-04,3993,222,44160000,9.6,530.58,MOBILE,SEARCH_PARTNERS,2025-06-05T00:00:00
GC005,PMax - Wellness,987654321,Vitalis UK,2025-06-04,9588,660,68270000,16.3,597.12,MOBILE,SEARCH,2025-06-05T00:00:00
GC001,Brand - Vitalis,987654321,Vitalis UK,2025-06-05,2132,64,25450000,5.3,335.61,TABLET,SEARCH,2025-06-06T00:00:00
GC002,Non-Brand - CBD Oil UK,987654321,Vitalis UK,2025-06-05,5824,331,52460000,7.2,403.47,DESKTOP,SEARCH,2025-06-06T00:00:00
GC003,Non-Brand - Supplements UK,987654321,Vitalis UK,2025-06-05,5572,331,46170000,10.3,393.91,MOBILE,SEARCH,2025-06-06T00:00:00
GC004,Shopping - All Products,987654321,Vitalis UK,2025-06-05,3376,208,43720000,5.2,197.54,TABLET,SEARCH_PARTNERS,2025-06-06T00:00:00
GC005,PMax - Wellness,987654321,Vitalis UK,2025-06-05,3846,119,54740000,4.1,202.98,MOBILE,SEARCH,2025-06-06T00:00:00
GC001,Brand - Vitalis,987654321,Vitalis UK,2025-06-06,3301,185,29660000,14.0,556.58,TABLET,SEARCH,2025-06-07T00:00:00
GC002,Non-Brand - CBD Oil UK,987654321,Vitalis UK,2025-06-06,6316,427,51400000,9.3,537.69,DESKTOP,SEARCH,2025-06-07T00:00:00
GC003,Non-Brand - Supplements UK,987654321,Vitalis UK,2025-06-06,4810,302,55950000,8.8,365.07,DESKTOP,SEARCH,2025-06-07T00:00:00
GC004,Shopping - All Products,987654321,Vitalis UK,2025-06-06,6837,293,51040000,13.3,561.29,DESKTOP,SEARCH_PARTNERS,2025-06-07T00:00:00
GC005,PMax - Wellness,987654321,Vitalis UK,2025-06-06,10948,630,75080000,13.6,730.82,DESKTOP,SEARCH,2025-06-07T00:00:00
GC001,Brand - Vitalis,987654321,Vitalis UK,2025-06-07,3579,129,25350000,9.5,585.03,DESKTOP,SEARCH,2025-06-08T00:00:00
GC002,Non-Brand - CBD Oil UK,987654321,Vitalis UK,2025-06-07,5128,203,56060000,6.3,225.22,MOBILE,SEARCH,2025-06-08T00:00:00
GC003,Non-Brand - Supplements UK,987654321,Vitalis UK,2025-06-07,4701,292,64879999,7.0,319.17,TABLET,SEARCH,2025-06-08T00:00:00
GC004,Shopping - All Products,987654321,Vitalis UK,2025-06-07,6771,265,53790000,6.8,267.06,TABLET,SEARCH_PARTNERS,2025-06-08T00:00:00
GC005,PMax - Wellness,987654321,Vitalis UK,2025-06-07,5669,343,71290000,10.6,461.18,TABLET,SEARCH,2025-06-08T00:00:00
GC001,Brand - Vitalis,987654321,Vitalis UK,2025-06-08,3431,105,28700000,9.8,478.8,DESKTOP,SEARCH,2025-06-09T00:00:00
GC002,Non-Brand - CBD Oil UK,987654321,Vitalis UK,2025-06-08,6778,440,66730000,10.6,648.2,TABLET,SEARCH,2025-06-09T00:00:00
GC003,Non-Brand - Supplements UK,987654321,Vitalis UK,2025-06-08,8844,529,65650000,17.1,684.58,TABLET,SEARCH,2025-06-09T00:00:00
GC004,Shopping - All Products,987654321,Vitalis UK,2025-06-08,5865,328,51010000,14.4,520.03,MOBILE,SEARCH_PARTNERS,2025-06-09T00:00:00
GC005,PMax - Wellness,987654321,Vitalis UK,2025-06-08,6812,226,65890000,5.7,320.44,TABLET,SEARCH,2025-06-09T00:00:00
GC001,Brand - Vitalis,987654321,Vitalis UK,2025-06-09,2063,109,25100000,6.4,400.32,TABLET,SEARCH,2025-06-10T00:00:00
GC002,Non-Brand - CBD Oil UK,987654321,Vitalis UK,2025-06-09,5801,309,50050000,8.7,477.21,DESKTOP,SEARCH,2025-06-10T00:00:00
GC003,Non-Brand - Supplements UK,987654321,Vitalis UK,2025-06-09,7612,341,51020000,7.3,432.07,DESKTOP,SEARCH,2025-06-10T00:00:00
GC004,Shopping - All Products,987654321,Vitalis UK,2025-06-09,3366,217,46040000,8.5,502.66,MOBILE,SEARCH_PARTNERS,2025-06-10T00:00:00
GC005,PMax - Wellness,987654321,Vitalis UK,2025-06-09,4047,204,56970000,6.4,234.15,MOBILE,SEARCH,2025-06-10T00:00:00
GC001,Brand - Vitalis,987654321,Vitalis UK,2025-06-10,2437,136,27670000,10.6,479.9,TABLET,SEARCH,2025-06-11T00:00:00
GC002,Non-Brand - CBD Oil UK,987654321,Vitalis UK,2025-06-10,4482,198,63810000,6.0,283.66,TABLET,SEARCH,2025-06-11T00:00:00
GC003,Non-Brand - Supplements UK,987654321,Vitalis UK,2025-06-10,5610,176,52880000,3.8,222.09,MOBILE,SEARCH,2025-06-11T00:00:00
GC004,Shopping - All Products,987654321,Vitalis UK,2025-06-10,4019,232,49560000,9.1,488.91,MOBILE,SEARCH_PARTNERS,2025-06-11T00:00:00
GC005,PMax - Wellness,987654321,Vitalis UK,2025-06-10,4513,281,63720000,8.0,369.22,DESKTOP,SEARCH,2025-06-11T00:00:00
GC001,Brand - Vitalis,987654321,Vitalis UK,2025-06-11,2848,177,22970000,15.9,573.77,MOBILE,SEARCH,2025-06-12T00:00:00
GC002,Non-Brand - CBD Oil UK,987654321,Vitalis UK,2025-06-11,3993,151,46260000,4.6,244.27,DESKTOP,SEARCH,2025-06-12T00:00:00
GC003,Non-Brand - Supplements UK,987654321,Vitalis UK,2025-06-11,8023,550,57470000,12.6,528.13,TABLET,SEARCH,2025-06-12T00:00:00
GC004,Shopping - All Products,987654321,Vitalis UK,2025-06-11,3964,274,38870000,6.9,297.43,TABLET,SEARCH_PARTNERS,2025-06-12T00:00:00
GC005,PMax - Wellness,987654321,Vitalis UK,2025-06-11,4986,255,68060000,7.8,349.52,DESKTOP,SEARCH,2025-06-12T00:00:00
GC001,Brand - Vitalis,987654321,Vitalis UK,2025-06-12,2626,130,25250000,13.2,759.86,TABLET,SEARCH,2025-06-13T00:00:00
GC002,Non-Brand - CBD Oil UK,987654321,Vitalis UK,2025-06-12,6600,251,52730000,7.6,356.29,MOBILE,SEARCH,2025-06-13T00:00:00
GC003,Non-Brand - Supplements UK,987654321,Vitalis UK,2025-06-12,5746,331,51760000,10.3,417.64,DESKTOP,SEARCH,2025-06-13T00:00:00
GC004,Shopping - All Products,987654321,Vitalis UK,2025-06-12,3636,215,53830000,9.6,514.66,MOBILE,SEARCH_PARTNERS,2025-06-13T00:00:00
GC005,PMax - Wellness,987654321,Vitalis UK,2025-06-12,3870,122,63900000,3.1,147.6,MOBILE,SEARCH,2025-06-13T00:00:00
GC001,Brand - Vitalis,987654321,Vitalis UK,2025-06-13,3995,124,28250000,7.6,412.02,MOBILE,SEARCH,2025-06-14T00:00:00
GC002,Non-Brand - CBD Oil UK,987654321,Vitalis UK,2025-06-13,6176,286,48060000,9.1,588.85,TABLET,SEARCH,2025-06-14T00:00:00
GC003,Non-Brand - Supplements UK,987654321,Vitalis UK,2025-06-13,3776,156,59180000,3.7,219.29,DESKTOP,SEARCH,2025-06-14T00:00:00
GC004,Shopping - All Products,987654321,Vitalis UK,2025-06-13,7261,370,51590000,14.6,634.96,DESKTOP,SEARCH_PARTNERS,2025-06-14T00:00:00
GC005,PMax - Wellness,987654321,Vitalis UK,2025-06-13,5712,339,69250000,9.9,504.29,DESKTOP,SEARCH,2025-06-14T00:00:00
GC001,Brand - Vitalis,987654321,Vitalis UK,2025-06-14,2606,78,25710000,4.5,209.86,TABLET,SEARCH,2025-06-15T00:00:00
GC002,Non-Brand - CBD Oil UK,987654321,Vitalis UK,2025-06-14,6811,455,48290000,8.4,370.92,TABLET,SEARCH,2025-06-15T00:00:00
GC003,Non-Brand - Supplements UK,987654321,Vitalis UK,2025-06-14,6228,273,48160000,5.9,347.02,DESKTOP,SEARCH,2025-06-15T00:00:00
GC004,Shopping - All Products,987654321,Vitalis UK,2025-06-14,5073,297,42780000,11.9,612.04,DESKTOP,SEARCH_PARTNERS,2025-06-15T00:00:00
GC005,PMax - Wellness,987654321,Vitalis UK,2025-06-14,8229,378,56980000,12.4,797.52,TABLET,SEARCH,2025-06-15T00:00:00
GC001,Brand - Vitalis,987654321,Vitalis UK,2025-06-15,2129,134,25500000,11.2,466.81,MOBILE,SEARCH,2025-06-16T00:00:00
GC002,Non-Brand - CBD Oil UK,987654321,Vitalis UK,2025-06-15,4548,183,59930000,5.8,319.42,DESKTOP,SEARCH,2025-06-16T00:00:00
GC003,Non-Brand - Supplements UK,987654321,Vitalis UK,2025-06-15,7791,247,56620000,4.9,173.74,MOBILE,SEARCH,2025-06-16T00:00:00
GC004,Shopping - All Products,987654321,Vitalis UK,2025-06-15,4444,265,45010000,8.7,470.73,MOBILE,SEARCH_PARTNERS,2025-06-16T00:00:00
GC005,PMax - Wellness,987654321,Vitalis UK,2025-06-15,8274,527,69050000,15.2,907.49,MOBILE,SEARCH,2025-06-16T00:00:00
GC001,Brand - Vitalis,987654321,Vitalis UK,2025-06-16,3153,197,29360000,20.1,989.66,DESKTOP,SEARCH,2025-06-17T00:00:00
GC002,Non-Brand - CBD Oil UK,987654321,Vitalis UK,2025-06-16,6256,267,56960000,8.4,365.32,DESKTOP,SEARCH,2025-06-17T00:00:00
GC003,Non-Brand - Supplements UK,987654321,Vitalis UK,2025-06-16,5770,309,58190000,9.7,399.15,DESKTOP,SEARCH,2025-06-17T00:00:00
GC004,Shopping - All Products,987654321,Vitalis UK,2025-06-16,2757,127,41650000,5.7,327.74,TABLET,SEARCH_PARTNERS,2025-06-17T00:00:00
GC005,PMax - Wellness,987654321,Vitalis UK,2025-06-16,9313,411,62480000,10.5,604.76,TABLET,SEARCH,2025-06-17T00:00:00
GC001,Brand - Vitalis,987654321,Vitalis UK,2025-06-17,2102,104,25190000,8.1,335.16,TABLET,SEARCH,2025-06-18T00:00:00
GC002,Non-Brand - CBD Oil UK,987654321,Vitalis UK,2025-06-17,6200,227,61820000,6.2,400.37,MOBILE,SEARCH,2025-06-18T00:00:00
GC003,Non-Brand - Supplements UK,987654321,Vitalis UK,2025-06-17,3383,196,48320000,4.9,241.5,MOBILE,SEARCH,2025-06-18T00:00:00
GC004,Shopping - All Products,987654321,Vitalis UK,2025-06-17,3447,195,44500000,8.5,416.84,TABLET,SEARCH_PARTNERS,2025-06-18T00:00:00
GC005,PMax - Wellness,987654321,Vitalis UK,2025-06-17,6954,306,70650000,6.8,282.78,MOBILE,SEARCH,2025-06-18T00:00:00
GC001,Brand - Vitalis,987654321,Vitalis UK,2025-06-18,3187,122,26680000,8.9,376.68,TABLET,SEARCH,2025-06-19T00:00:00
GC002,Non-Brand - CBD Oil UK,987654321,Vitalis UK,2025-06-18,5859,394,47530000,8.1,473.31,MOBILE,SEARCH,2025-06-19T00:00:00
GC003,Non-Brand - Supplements UK,987654321,Vitalis UK,2025-06-18,3937,250,54830000,6.2,225.4,MOBILE,SEARCH,2025-06-19T00:00:00
GC004,Shopping - All Products,987654321,Vitalis UK,2025-06-18,2566,106,40730000,4.5,207.38,TABLET,SEARCH_PARTNERS,2025-06-19T00:00:00
GC005,PMax - Wellness,987654321,Vitalis UK,2025-06-18,5027,251,60620000,5.9,334.55,DESKTOP,SEARCH,2025-06-19T00:00:00
GC001,Brand - Vitalis,987654321,Vitalis UK,2025-06-19,3948,192,32560000,15.7,689.81,TABLET,SEARCH,2025-06-20T00:00:00
GC002,Non-Brand - CBD Oil UK,987654321,Vitalis UK,2025-06-19,7725,341,51620000,9.0,468.32,MOBILE,SEARCH,2025-06-20T00:00:00
GC003,Non-Brand - Supplements UK,987654321,Vitalis UK,2025-06-19,3763,114,49220000,3.3,159.32,MOBILE,SEARCH,2025-06-20T00:00:00
GC004,Shopping - All Products,987654321,Vitalis UK,2025-06-19,4792,307,45390000,9.8,445.7,TABLET,SEARCH_PARTNERS,2025-06-20T00:00:00
GC005,PMax - Wellness,987654321,Vitalis UK,2025-06-19,9157,532,65290000,12.1,507.17,MOBILE,SEARCH,2025-06-20T00:00:00
GC001,Brand - Vitalis,987654321,Vitalis UK,2025-06-20,1786,84,29630000,8.3,447.98,MOBILE,SEARCH,2025-06-21T00:00:00
GC002,Non-Brand - CBD Oil UK,987654321,Vitalis UK,2025-06-20,5897,321,62820000,5.7,302.9,DESKTOP,SEARCH,2025-06-21T00:00:00
GC003,Non-Brand - Supplements UK,987654321,Vitalis UK,2025-06-20,7121,346,47730000,8.6,342.79,MOBILE,SEARCH,2025-06-21T00:00:00
GC004,Shopping - All Products,987654321,Vitalis UK,2025-06-20,3163,202,41920000,5.0,293.52,DESKTOP,SEARCH_PARTNERS,2025-06-21T00:00:00
GC005,PMax - Wellness,987654321,Vitalis UK,2025-06-20,5569,371,60150000,9.2,542.34,MOBILE,SEARCH,2025-06-21T00:00:00
GC001,Brand - Vitalis,987654321,Vitalis UK,2025-06-21,3192,114,23040000,6.9,265.61,DESKTOP,SEARCH,2025-06-22T00:00:00
GC002,Non-Brand - CBD Oil UK,987654321,Vitalis UK,2025-06-21,4138,173,49340000,4.1,250.33,TABLET,SEARCH,2025-06-22T00:00:00
GC003,Non-Brand - Supplements UK,987654321,Vitalis UK,2025-06-21,5226,263,57410000,4.7,251.32,DESKTOP,SEARCH,2025-06-22T00:00:00
GC004,Shopping - All Products,987654321,Vitalis UK,2025-06-21,5849,373,39190000,14.3,924.82,MOBILE,SEARCH_PARTNERS,2025-06-22T00:00:00
GC005,PMax - Wellness,987654321,Vitalis UK,2025-06-21,5767,338,66040000,9.3,344.74,TABLET,SEARCH,2025-06-22T00:00:00
GC001,Brand - Vitalis,987654321,Vitalis UK,2025-06-22,4185,162,28800000,9.3,591.3,TABLET,SEARCH,2025-06-23T00:00:00
GC002,Non-Brand - CBD Oil UK,987654321,Vitalis UK,2025-06-22,8101,388,54770000,7.1,412.84,DESKTOP,SEARCH,2025-06-23T00:00:00
GC003,Non-Brand - Supplements UK,987654321,Vitalis UK,2025-06-22,5795,242,63740000,7.1,377.73,TABLET,SEARCH,2025-06-23T00:00:00
GC004,Shopping - All Products,987654321,Vitalis UK,2025-06-22,6836,347,47030000,13.7,633.55,TABLET,SEARCH_PARTNERS,2025-06-23T00:00:00
GC005,PMax - Wellness,987654321,Vitalis UK,2025-06-22,9090,636,77740000,14.6,838.43,MOBILE,SEARCH,2025-06-23T00:00:00
GC001,Brand - Vitalis,987654321,Vitalis UK,2025-06-23,2868,98,29990000,8.0,474.72,MOBILE,SEARCH,2025-06-24T00:00:00
GC002,Non-Brand - CBD Oil UK,987654321,Vitalis UK,2025-06-23,3321,163,46110000,4.8,216.69,TABLET,SEARCH,2025-06-24T00:00:00
GC003,Non-Brand - Supplements UK,987654321,Vitalis UK,2025-06-23,4389,264,46480000,7.7,371.37,TABLET,SEARCH,2025-06-24T00:00:00
GC004,Shopping - All Products,987654321,Vitalis UK,2025-06-23,3144,175,44810000,5.7,356.64,DESKTOP,SEARCH_PARTNERS,2025-06-24T00:00:00
GC005,PMax - Wellness,987654321,Vitalis UK,2025-06-23,8384,476,68080000,17.5,943.11,MOBILE,SEARCH,2025-06-24T00:00:00
GC001,Brand - Vitalis,987654321,Vitalis UK,2025-06-24,3881,260,26830000,21.3,867.83,MOBILE,SEARCH,2025-06-25T00:00:00
GC002,Non-Brand - CBD Oil UK,987654321,Vitalis UK,2025-06-24,4924,341,62670000,9.2,454.16,TABLET,SEARCH,2025-06-25T00:00:00
GC003,Non-Brand - Supplements UK,987654321,Vitalis UK,2025-06-24,4344,213,58530000,5.8,249.0,DESKTOP,SEARCH,2025-06-25T00:00:00
GC004,Shopping - All Products,987654321,Vitalis UK,2025-06-24,4533,311,48940000,13.3,755.89,MOBILE,SEARCH_PARTNERS,2025-06-25T00:00:00
GC005,PMax - Wellness,987654321,Vitalis UK,2025-06-24,9182,435,68430000,11.6,409.99,DESKTOP,SEARCH,2025-06-25T00:00:00
GC001,Brand - Vitalis,987654321,Vitalis UK,2025-06-25,1561,48,25450000,4.6,220.22,TABLET,SEARCH,2025-06-26T00:00:00
GC002,Non-Brand - CBD Oil UK,987654321,Vitalis UK,2025-06-25,4917,324,57480000,7.9,456.53,DESKTOP,SEARCH,2025-06-26T00:00:00
GC003,Non-Brand - Supplements UK,987654321,Vitalis UK,2025-06-25,4797,213,47320000,5.4,266.19,MOBILE,SEARCH,2025-06-26T00:00:00
GC004,Shopping - All Products,987654321,Vitalis UK,2025-06-25,5288,294,40520000,7.7,435.24,TABLET,SEARCH_PARTNERS,2025-06-26T00:00:00
GC005,PMax - Wellness,987654321,Vitalis UK,2025-06-25,7881,469,63850000,12.5,476.99,DESKTOP,SEARCH,2025-06-26T00:00:00
GC001,Brand - Vitalis,987654321,Vitalis UK,2025-06-26,4894,162,32890000,16.7,847.09,MOBILE,SEARCH,2025-06-27T00:00:00
GC002,Non-Brand - CBD Oil UK,987654321,Vitalis UK,2025-06-26,5695,343,65580000,10.3,595.26,DESKTOP,SEARCH,2025-06-27T00:00:00
GC003,Non-Brand - Supplements UK,987654321,Vitalis UK,2025-06-26,4107,287,52860000,6.2,375.71,DESKTOP,SEARCH,2025-06-27T00:00:00
GC004,Shopping - All Products,987654321,Vitalis UK,2025-06-26,7218,241,48820000,6.7,293.13,TABLET,SEARCH_PARTNERS,2025-06-27T00:00:00
GC005,PMax - Wellness,987654321,Vitalis UK,2025-06-26,9009,326,61420000,9.6,388.37,MOBILE,SEARCH,2025-06-27T00:00:00
GC001,Brand - Vitalis,987654321,Vitalis UK,2025-06-27,3820,140,27480000,13.2,825.5,DESKTOP,SEARCH,2025-06-28T00:00:00
GC002,Non-Brand - CBD Oil UK,987654321,Vitalis UK,2025-06-27,4927,310,53770000,6.8,353.78,TABLET,SEARCH,2025-06-28T00:00:00
GC003,Non-Brand - Supplements UK,987654321,Vitalis UK,2025-06-27,6676,242,62510000,5.2,278.23,TABLET,SEARCH,2025-06-28T00:00:00
GC004,Shopping - All Products,987654321,Vitalis UK,2025-06-27,5106,319,48550000,13.3,545.77,MOBILE,SEARCH_PARTNERS,2025-06-28T00:00:00
GC005,PMax - Wellness,987654321,Vitalis UK,2025-06-27,8562,461,68330000,14.1,791.25,TABLET,SEARCH,2025-06-28T00:00:00
GC001,Brand - Vitalis,987654321,Vitalis UK,2025-06-28,3878,172,30020000,11.9,498.04,TABLET,SEARCH,2025-06-29T00:00:00
GC002,Non-Brand - CBD Oil UK,987654321,Vitalis UK,2025-06-28,3849,169,50800000,5.1,307.55,DESKTOP,SEARCH,2025-06-29T00:00:00
GC003,Non-Brand - Supplements UK,987654321,Vitalis UK,2025-06-28,8102,458,57210000,12.4,759.71,MOBILE,SEARCH,2025-06-29T00:00:00
GC004,Shopping - All Products,987654321,Vitalis UK,2025-06-28,5932,340,51280000,11.8,487.29,TABLET,SEARCH_PARTNERS,2025-06-29T00:00:00
GC005,PMax - Wellness,987654321,Vitalis UK,2025-06-28,6619,354,69820000,12.6,580.76,MOBILE,SEARCH,2025-06-29T00:00:00
GC001,Brand - Vitalis,987654321,Vitalis UK,2025-06-29,2110,138,26280000,10.3,633.4,TABLET,SEARCH,2025-06-30T00:00:00
GC002,Non-Brand - CBD Oil UK,987654321,Vitalis UK,2025-06-29,4702,290,57190000,7.6,330.05,DESKTOP,SEARCH,2025-06-30T00:00:00
GC003,Non-Brand - Supplements UK,987654321,Vitalis UK,2025-06-29,7180,251,64040000,8.0,390.72,MOBILE,SEARCH,2025-06-30T00:00:00
GC004,Shopping - All Products,987654321,Vitalis UK,2025-06-29,4820,250,51770000,6.5,272.81,MOBILE,SEARCH_PARTNERS,2025-06-30T00:00:00
GC005,PMax - Wellness,987654321,Vitalis UK,2025-06-29,4741,168,65750000,3.9,139.03,DESKTOP,SEARCH,2025-06-30T00:00:00
GC001,Brand - Vitalis,987654321,Vitalis UK,2025-06-30,2884,172,25890000,13.8,591.41,MOBILE,SEARCH,2025-07-01T00:00:00
GC002,Non-Brand - CBD Oil UK,987654321,Vitalis UK,2025-06-30,6583,207,61620000,3.7,156.91,DESKTOP,SEARCH,2025-07-01T00:00:00
GC003,Non-Brand - Supplements UK,987654321,Vitalis UK,2025-06-30,4816,217,51380000,5.9,323.38,TABLET,SEARCH,2025-07-01T00:00:00
GC004,Shopping - All Products,987654321,Vitalis UK,2025-06-30,2552,80,40120000,2.2,105.8,DESKTOP,SEARCH_PARTNERS,2025-07-01T00:00:00
GC005,PMax - Wellness,987654321,Vitalis UK,2025-06-30,9964,496,67270000,16.5,851.22,MOBILE,SEARCH,2025-07-01T00:00:00
