campaign_id,campaign_name,account_id,account_name,account_currency,date,impressions,clicks,spend,cpc,cpm,ctr,reach,frequency,_weld_synced
MC001,Prospecting - Broad - CBD Oils,act_123456789,Vitalis UK,GBP,2024-07-01,9095,180,78.04,0.43,8.58,1.9872,6734,1.35,2024-07-02T00:00:00
MC002,Prospecting - Lookalike - Purchasers,act_123456789,Vitalis UK,GBP,2024-07-01,7946,151,68.91,0.46,8.67,1.9046,7398,1.07,2024-07-02T00:00:00
MC003,Retargeting - Website Visitors 30d,act_123456789,Vitalis UK,GBP,2024-07-01,3735,141,35.88,0.25,9.61,3.7902,2677,1.4,2024-07-02T00:00:00
MC004,Retargeting - Add to Cart 7d,act_123456789,Vitalis UK,GBP,2024-07-01,4435,171,44.39,0.26,10.01,3.8605,3390,1.31,2024-07-02T00:00:00
MC005,Prospecting - Interest - Wellness,act_123456789,Vitalis UK,GBP,2024-07-01,6797,107,71.12,0.66,10.46,1.5835,5196,1.31,2024-07-02T00:00:00
MC006,DPA - Catalogue Sales,act_123456789,Vitalis UK,GBP,2024-07-01,3135,119,35.02,0.29,11.17,3.8197,2282,1.37,2024-07-02T00:00:00
MC001,Prospecting - Broad - CBD Oils,act_123456789,Vitalis UK,GBP,2024-07-02,9841,168,82.96,0.49,8.43,1.7135,7145,1.38,2024-07-03T00:00:00
MC002,Prospecting - Lookalike - Purchasers,act_123456789,Vitalis UK,GBP,2024-07-02,7567,122,77.9,0.64,10.29,1.6176,6424,1.18,2024-07-03T00:00:00
MC003,Retargeting - Website Visitors 30d,act_123456789,Vitalis UK,GBP,2024-07-02,4798,175,40.56,0.23,8.45,3.6615,4422,1.09,2024-07-03T00:00:00
MC004,Retargeting - Add to Cart 7d,act_123456789,Vitalis UK,GBP,2024-07-02,3801,132,43.09,0.33,11.34,3.4926,3155,1.2,2024-07-03T00:00:00
MC005,Prospecting - Interest - Wellness,act_123456789,Vitalis UK,GBP,2024-07-02,8691,179,84.81,0.47,9.76,2.0677,7904,1.1,2024-07-03T00:00:00
MC006,DPA - Catalogue Sales,act_123456789,Vitalis UK,GBP,2024-07-02,3948,138,36.61,0.27,9.27,3.504,3429,1.15,2024-07-03T00:00:00
MC001,Prospecting - Broad - CBD Oils,act_123456789,Vitalis UK,GBP,2024-07-03,6632,114,70.55,0.62,10.64,1.7278,5661,1.17,2024-07-04T00:00:00
MC002,Prospecting - Lookalike - Purchasers,act_123456789,Vitalis UK,GBP,2024-07-03,6404,127,65.95,0.52,10.3,1.9899,5302,1.21,2024-07-04T00:00:00
MC003,Retargeting - Website Visitors 30d,act_123456789,Vitalis UK,GBP,2024-07-03,3970,124,34.16,0.28,8.6,3.1393,2894,1.37,2024-07-04T00:00:00
MC004,Retargeting - Add to Cart 7d,act_123456789,Vitalis UK,GBP,2024-07-03,3729,120,40.61,0.34,10.89,3.2267,3035,1.23,2024-07-04T00:00:00
MC005,Prospecting - Interest - Wellness,act_123456789,Vitalis UK,GBP,2024-07-03,7481,138,71.46,0.52,9.55,1.8484,5872,1.27,2024-07-04T00:00:00
MC006,DPA - Catalogue Sales,act_123456789,Vitalis UK,GBP,2024-07-03,3070,96,32.72,0.34,10.66,3.1374,2466,1.24,2024-07-04T00:00:00
MC001,Prospecting - Broad - CBD Oils,act_123456789,Vitalis UK,GBP,2024-07-04,8286,143,72.95,0.51,8.8,1.7369,7480,1.11,2024-07-05T00:00:00
MC002,Prospecting - Lookalike - Purchasers,act_123456789,Vitalis UK,GBP,2024-07-04,9563,150,82.74,0.55,8.65,1.5712,8583,1.11,2024-07-05T00:00:00
MC003,Retargeting - Website Visitors 30d,act_123456789,Vitalis UK,GBP,2024-07-04,3032,113,32.01,0.28,10.56,3.7325,2202,1.38,2024-07-05T00:00:00
MC004,Retargeting - Add to Cart 7d,act_123456789,Vitalis UK,GBP,2024-07-04,3344,121,37.17,0.31,11.12,3.6247,2702,1.24,2024-07-05T00:00:00
MC005,Prospecting - Interest - Wellness,act_123456789,Vitalis UK,GBP,2024-07-04,7371,148,66.68,0.45,9.05,2.0184,5401,1.36,2024-07-05T00:00:00
MC006,DPA - Catalogue Sales,act_123456789,Vitalis UK,GBP,2024-07-04,2866,108,31.38,0.29,10.95,3.7819,2115,1.36,2024-07-05T00:00:00
MC001,Prospecting - Broad - CBD Oils,act_123456789,Vitalis UK,GBP,2024-07-05,7296,142,84.0,0.59,11.51,1.9547,6793,1.07,2024-07-06T00:00:00
MC002,Prospecting - Lookalike - Purchasers,act_123456789,Vitalis UK,GBP,2024-07-05,8591,169,85.47,0.51,9.95,1.9772,7617,1.13,2024-07-06T00:00:00
MC003,Retargeting - Website Visitors 30d,act_123456789,Vitalis UK,GBP,2024-07-05,3953,156,38.88,0.25,9.84,3.9702,2976,1.33,2024-07-06T00:00:00
MC004,Retargeting - Add to Cart 7d,act_123456789,Vitalis UK,GBP,2024-07-05,3281,117,32.76,0.28,9.98,3.5916,2928,1.12,2024-07-06T00:00:00
MC005,Prospecting - Interest - Wellness,act_123456789,Vitalis UK,GBP,2024-07-05,9410,190,86.25,0.45,9.17,2.0225,8275,1.14,2024-07-06T00:00:00
MC006,DPA - Catalogue Sales,act_123456789,Vitalis UK,GBP,2024-07-05,4152,152,39.81,0.26,9.59,3.6665,3673,1.13,2024-07-06T00:00:00
MC001,Prospecting - Broad - CBD Oils,act_123456789,Vitalis UK,GBP,2024-07-06,7999,153,81.76,0.53,10.22,1.922,6081,1.32,2024-07-07T00:00:00
MC002,Prospecting - Lookalike - Purchasers,act_123456789,Vitalis UK,GBP,2024-07-06,7453,120,68.38,0.57,9.17,1.6136,6283,1.19,2024-07-07T00:00:00
MC003,Retargeting - Website Visitors 30d,act_123456789,Vitalis UK,GBP,2024-07-06,2995,106,33.92,0.32,11.33,3.5644,2560,1.17,2024-07-07T00:00:00
MC004,Retargeting - Add to Cart 7d,act_123456789,Vitalis UK,GBP,2024-07-06,3594,112,39.02,0.35,10.86,3.1341,3285,1.09,2024-07-07T00:00:00
MC005,Prospecting - Interest - Wellness,act_123456789,Vitalis UK,GBP,2024-07-06,5883,96,68.86,0.72,11.7,1.6466,5581,1.05,2024-07-07T00:00:00
MC006,DPA - Catalogue Sales,act_123456789,Vitalis UK,GBP,2024-07-06,3549,131,32.39,0.25,9.13,3.712,3158,1.12,2024-07-07T00:00:00
MC001,Prospecting - Broad - CBD Oils,act_123456789,Vitalis UK,GBP,2024-07-07,7572,145,75.04,0.52,9.91,1.9158,5773,1.31,2024-07-08T00:00:00
MC002,Prospecting - Lookalike - Purchasers,act_123456789,Vitalis UK,GBP,2024-07-07,7637,140,71.42,0.51,9.35,1.8337,5463,1.4,2024-07-08T00:00:00
MC003,Retargeting - Website Visitors 30d,act_123456789,Vitalis UK,GBP,2024-07-07,3310,123,29.93,0.24,9.04,3.7167,3054,1.08,2024-07-08T00:00:00
MC004,Retargeting - Add to Cart 7d,act_123456789,Vitalis UK,GBP,2024-07-07,3123,95,36.07,0.38,11.55,3.0488,2309,1.35,2024-07-08T00:00:00
MC005,Prospecting - Interest - Wellness,act_123456789,Vitalis UK,GBP,2024-07-07,5526,90,64.34,0.71,11.64,1.633,4638,1.19,2024-07-08T00:00:00
MC006,DPA - Catalogue Sales,act_123456789,Vitalis UK,GBP,2024-07-07,4050,151,38.09,0.25,9.4,3.7503,3722,1.09,2024-07-08T00:00:00
MC001,Prospecting - Broad - CBD Oils,act_123456789,Vitalis UK,GBP,2024-07-08,9416,156,86.74,0.56,9.21,1.6622,7712,1.22,2024-07-09T00:00:00
MC002,Prospecting - Lookalike - Purchasers,act_123456789,Vitalis UK,GBP,2024-07-08,8601,145,81.07,0.56,9.43,1.6932,8115,1.06,2024-07-09T00:00:00
MC003,Retargeting - Website Visitors 30d,act_123456789,Vitalis UK,GBP,2024-07-08,5102,195,45.18,0.23,8.86,3.8413,4180,1.22,2024-07-09T00:00:00
MC004,Retargeting - Add to Cart 7d,act_123456789,Vitalis UK,GBP,2024-07-08,4414,159,40.97,0.26,9.28,3.6237,3824,1.15,2024-07-09T00:00:00
MC005,Prospecting - Interest - Wellness,act_123456789,Vitalis UK,GBP,2024-07-08,8456,147,80.63,0.55,9.54,1.745,6664,1.27,2024-07-09T00:00:00
MC006,DPA - Catalogue Sales,act_123456789,Vitalis UK,GBP,2024-07-08,4231,135,41.29,0.31,9.76,3.202,3279,1.29,2024-07-09T00:00:00
MC001,Prospecting - Broad - CBD Oils,act_123456789,Vitalis UK,GBP,2024-07-09,7621,127,77.22,0.61,10.13,1.6686,7027,1.08,2024-07-10T00:00:00
MC002,Prospecting - Lookalike - Purchasers,act_123456789,Vitalis UK,GBP,2024-07-09,6463,114,72.82,0.64,11.27,1.7677,4589,1.41,2024-07-10T00:00:00
MC003,Retargeting - Website Visitors 30d,act_123456789,Vitalis UK,GBP,2024-07-09,2603,90,30.41,0.34,11.68,3.4605,2178,1.2,2024-07-10T00:00:00
MC004,Retargeting - Add to Cart 7d,act_123456789,Vitalis UK,GBP,2024-07-09,3088,97,37.97,0.39,12.3,3.1618,2878,1.07,2024-07-10T00:00:00
MC005,Prospecting - Interest - Wellness,act_123456789,Vitalis UK,GBP,2024-07-09,6184,106,64.52,0.61,10.43,1.728,4683,1.32,2024-07-10T00:00:00
MC006,DPA - Catalogue Sales,act_123456789,Vitalis UK,GBP,2024-07-09,2967,108,34.15,0.32,11.51,3.6483,2792,1.06,2024-07-10T00:00:00
MC001,Prospecting - Broad - CBD Oils,act_123456789,Vitalis UK,GBP,2024-07-10,7536,119,68.46,0.58,9.08,1.5923,6080,1.24,2024-07-11T00:00:00
MC002,Prospecting - Lookalike - Purchasers,act_123456789,Vitalis UK,GBP,2024-07-10,5535,97,66.69,0.69,12.05,1.7617,4750,1.17,2024-07-11T00:00:00
MC003,Retargeting - Website Visitors 30d,act_123456789,Vitalis UK,GBP,2024-07-10,3629,145,37.36,0.26,10.29,4.0093,3316,1.09,2024-07-11T00:00:00
MC004,Retargeting - Add to Cart 7d,act_123456789,Vitalis UK,GBP,2024-07-10,3853,145,39.84,0.27,10.34,3.7883,3389,1.14,2024-07-11T00:00:00
MC005,Prospecting - Interest - Wellness,act_123456789,Vitalis UK,GBP,2024-07-10,5754,104,71.05,0.68,12.35,1.813,5314,1.08,2024-07-11T00:00:00
MC006,DPA - Catalogue Sales,act_123456789,Vitalis UK,GBP,2024-07-10,4234,158,39.48,0.25,9.32,3.7445,3900,1.09,2024-07-11T00:00:00
MC001,Prospecting - Broad - CBD Oils,act_123456789,Vitalis UK,GBP,2024-07-11,6325,97,76.13,0.78,12.04,1.5488,4682,1.35,2024-07-12T00:00:00
MC002,Prospecting - Lookalike - Purchasers,act_123456789,Vitalis UK,GBP,2024-07-11,6570,119,63.32,0.53,9.64,1.8207,4797,1.37,2024-07-12T00:00:00
MC003,Retargeting - Website Visitors 30d,act_123456789,Vitalis UK,GBP,2024-07-11,4445,156,39.36,0.25,8.85,3.5219,3184,1.4,2024-07-12T00:00:00
MC004,Retargeting - Add to Cart 7d,act_123456789,Vitalis UK,GBP,2024-07-11,3069,96,37.43,0.39,12.2,3.1348,2258,1.36,2024-07-12T00:00:00
MC005,Prospecting - Interest - Wellness,act_123456789,Vitalis UK,GBP,2024-07-11,6223,105,76.74,0.73,12.33,1.6922,4783,1.3,2024-07-12T00:00:00
MC006,DPA - Catalogue Sales,act_123456789,Vitalis UK,GBP,2024-07-11,3360,102,36.67,0.36,10.91,3.0451,2852,1.18,2024-07-12T00:00:00
MC001,Prospecting - Broad - CBD Oils,act_123456789,Vitalis UK,GBP,2024-07-12,9046,163,79.95,0.49,8.84,1.8046,8278,1.09,2024-07-13T00:00:00
MC002,Prospecting - Lookalike - Purchasers,act_123456789,Vitalis UK,GBP,2024-07-12,5494,89,62.16,0.7,11.31,1.6217,4616,1.19,2024-07-13T00:00:00
MC003,Retargeting - Website Visitors 30d,act_123456789,Vitalis UK,GBP,2024-07-12,4845,176,40.7,0.23,8.4,3.6481,4043,1.2,2024-07-13T00:00:00
MC004,Retargeting - Add to Cart 7d,act_123456789,Vitalis UK,GBP,2024-07-12,4720,158,39.83,0.25,8.44,3.3685,4077,1.16,2024-07-13T00:00:00
MC005,Prospecting - Interest - Wellness,act_123456789,Vitalis UK,GBP,2024-07-12,8521,134,78.96,0.59,9.27,1.5804,7500,1.14,2024-07-13T00:00:00
MC006,DPA - Catalogue Sales,act_123456789,Vitalis UK,GBP,2024-07-12,4583,144,39.18,0.27,8.55,3.1587,3771,1.22,2024-07-13T00:00:00
MC001,Prospecting - Broad - CBD Oils,act_123456789,Vitalis UK,GBP,2024-07-13,5853,104,61.09,0.59,10.44,1.7917,4635,1.26,2024-07-14T00:00:00
MC002,Prospecting - Lookalike - Purchasers,act_123456789,Vitalis UK,GBP,2024-07-13,6493,126,75.85,0.6,11.68,1.9459,4848,1.34,2024-07-14T00:00:00
MC003,Retargeting - Website Visitors 30d,act_123456789,Vitalis UK,GBP,2024-07-13,3703,127,32.67,0.26,8.82,3.4335,2891,1.28,2024-07-14T00:00:00
MC004,Retargeting - Add to Cart 7d,act_123456789,Vitalis UK,GBP,2024-07-13,3534,129,40.17,0.31,11.37,3.6672,2745,1.29,2024-07-14T00:00:00
MC005,Prospecting - Interest - Wellness,act_123456789,Vitalis UK,GBP,2024-07-13,5871,115,71.68,0.62,12.21,1.9615,5360,1.1,2024-07-14T00:00:00
MC006,DPA - Catalogue Sales,act_123456789,Vitalis UK,GBP,2024-07-13,3745,147,39.5,0.27,10.55,3.9509,3185,1.18,2024-07-14T00:00:00
MC001,Prospecting - Broad - CBD Oils,act_123456789,Vitalis UK,GBP,2024-07-14,8604,141,75.16,0.53,8.74,1.6435,7682,1.12,2024-07-15T00:00:00
MC002,Prospecting - Lookalike - Purchasers,act_123456789,Vitalis UK,GBP,2024-07-14,7906,151,70.13,0.46,8.87,1.9152,5549,1.42,2024-07-15T00:00:00
MC003,Retargeting - Website Visitors 30d,act_123456789,Vitalis UK,GBP,2024-07-14,3440,125,40.2,0.32,11.69,3.6541,2451,1.4,2024-07-15T00:00:00
MC004,Retargeting - Add to Cart 7d,act_123456789,Vitalis UK,GBP,2024-07-14,3546,140,40.7,0.29,11.48,3.9551,3303,1.07,2024-07-15T00:00:00
MC005,Prospecting - Interest - Wellness,act_123456789,Vitalis UK,GBP,2024-07-14,7738,139,76.24,0.55,9.85,1.8028,6852,1.13,2024-07-15T00:00:00
MC006,DPA - Catalogue Sales,act_123456789,Vitalis UK,GBP,2024-07-14,3496,137,42.57,0.31,12.18,3.936,3036,1.15,2024-07-15T00:00:00
MC001,Prospecting - Broad - CBD Oils,act_123456789,Vitalis UK,GBP,2024-07-15,6715,104,68.9,0.66,10.26,1.5618,5866,1.14,2024-07-16T00:00:00
MC002,Prospecting - Lookalike - Purchasers,act_123456789,Vitalis UK,GBP,2024-07-15,5923,120,71.18,0.59,12.02,2.0363,4541,1.3,2024-07-16T00:00:00
MC003,Retargeting - Website Visitors 30d,act_123456789,Vitalis UK,GBP,2024-07-15,3776,122,38.73,0.32,10.26,3.2395,3486,1.08,2024-07-16T00:00:00
MC004,Retargeting - Add to Cart 7d,act_123456789,Vitalis UK,GBP,2024-07-15,3356,107,35.53,0.33,10.59,3.19,3022,1.11,2024-07-16T00:00:00
MC005,Prospecting - Interest - Wellness,act_123456789,Vitalis UK,GBP,2024-07-15,10006,169,84.79,0.5,8.47,1.6917,8425,1.19,2024-07-16T00:00:00
MC006,DPA - Catalogue Sales,act_123456789,Vitalis UK,GBP,2024-07-15,3423,119,42.74,0.36,12.49,3.5047,2469,1.39,2024-07-16T00:00:00
MC001,Prospecting - Broad - CBD Oils,act_123456789,Vitalis UK,GBP,2024-07-16,7234,148,76.11,0.51,10.52,2.0475,5771,1.25,2024-07-17T00:00:00
MC002,Prospecting - Lookalike - Purchasers,act_123456789,Vitalis UK,GBP,2024-07-16,6246,115,67.81,0.59,10.86,1.8421,4890,1.28,2024-07-17T00:00:00
MC003,Retargeting - Website Visitors 30d,act_123456789,Vitalis UK,GBP,2024-07-16,4019,160,36.52,0.23,9.09,4.0029,3774,1.06,2024-07-17T00:00:00
MC004,Retargeting - Add to Cart 7d,act_123456789,Vitalis UK,GBP,2024-07-16,3803,130,33.19,0.26,8.73,3.4223,3138,1.21,2024-07-17T00:00:00
MC005,Prospecting - Interest - Wellness,act_123456789,Vitalis UK,GBP,2024-07-16,6870,129,69.6,0.54,10.13,1.8867,5589,1.23,2024-07-17T00:00:00
MC006,DPA - Catalogue Sales,act_123456789,Vitalis UK,GBP,2024-07-16,3827,141,39.73,0.28,10.38,3.6849,3186,1.2,2024-07-17T00:00:00
MC001,Prospecting - Broad - CBD Oils,act_123456789,Vitalis UK,GBP,2024-07-17,8289,140,84.04,0.6,10.14,1.6999,6151,1.35,2024-07-18T00:00:00
MC002,Prospecting - Lookalike - Purchasers,act_123456789,Vitalis UK,GBP,2024-07-17,7606,152,78.59,0.52,10.33,2.0006,5831,1.3,2024-07-18T00:00:00
MC003,Retargeting - Website Visitors 30d,act_123456789,Vitalis UK,GBP,2024-07-17,4166,138,36.05,0.26,8.65,3.3313,3204,1.3,2024-07-18T00:00:00
MC004,Retargeting - Add to Cart 7d,act_123456789,Vitalis UK,GBP,2024-07-17,3585,128,40.14,0.31,11.2,3.5753,2791,1.28,2024-07-18T00:00:00
MC005,Prospecting - Interest - Wellness,act_123456789,Vitalis UK,GBP,2024-07-17,7964,129,77.69,0.6,9.76,1.6263,6856,1.16,2024-07-18T00:00:00
MC006,DPA - Catalogue Sales,act_123456789,Vitalis UK,GBP,2024-07-17,4065,158,37.62,0.24,9.25,3.9014,3161,1.29,2024-07-18T00:00:00
MC001,Prospecting - Broad - CBD Oils,act_123456789,Vitalis UK,GBP,2024-07-18,7615,149,67.82,0.46,8.91,1.9599,6480,1.18,2024-07-19T00:00:00
MC002,Prospecting - Lookalike - Purchasers,act_123456789,Vitalis UK,GBP,2024-07-18,8418,154,78.54,0.51,9.33,1.8368,7040,1.2,2024-07-19T00:00:00
MC003,Retargeting - Website Visitors 30d,act_123456789,Vitalis UK,GBP,2024-07-18,3942,122,33.98,0.28,8.62,3.1124,3557,1.11,2024-07-19T00:00:00
MC004,Retargeting - Add to Cart 7d,act_123456789,Vitalis UK,GBP,2024-07-18,4118,145,35.49,0.24,8.62,3.5344,3555,1.16,2024-07-19T00:00:00
MC005,Prospecting - Interest - Wellness,act_123456789,Vitalis UK,GBP,2024-07-18,5855,103,66.44,0.65,11.35,1.7694,4819,1.21,2024-07-19T00:00:00
MC006,DPA - Catalogue Sales,act_123456789,Vitalis UK,GBP,2024-07-18,4259,152,39.41,0.26,9.25,3.5904,3249,1.31,2024-07-19T00:00:00
MC001,Prospecting - Broad - CBD Oils,act_123456789,Vitalis UK,GBP,2024-07-19,7925,144,68.78,0.48,8.68,1.8191,7198,1.1,2024-07-20T00:00:00
MC002,Prospecting - Lookalike - Purchasers,act_123456789,Vitalis UK,GBP,2024-07-19,5225,101,63.6,0.63,12.17,1.9337,4430,1.18,2024-07-20T00:00:00
MC003,Retargeting - Website Visitors 30d,act_123456789,Vitalis UK,GBP,2024-07-19,2783,91,32.36,0.36,11.63,3.2728,2331,1.19,2024-07-20T00:00:00
MC004,Retargeting - Add to Cart 7d,act_123456789,Vitalis UK,GBP,2024-07-19,3021,108,37.18,0.34,12.31,3.5933,2313,1.31,2024-07-20T00:00:00
MC005,Prospecting - Interest - Wellness,act_123456789,Vitalis UK,GBP,2024-07-19,7912,142,67.33,0.47,8.51,1.7959,7327,1.08,2024-07-20T00:00:00
MC006,DPA - Catalogue Sales,act_123456789,Vitalis UK,GBP,2024-07-19,3249,124,34.35,0.28,10.57,3.8438,2502,1.3,2024-07-20T00:00:00
MC001,Prospecting - Broad - CBD Oils,act_123456789,Vitalis UK,GBP,2024-07-20,8507,157,77.15,0.49,9.07,1.8469,6018,1.41,2024-07-21T00:00:00
MC002,Prospecting - Lookalike - Purchasers,act_123456789,Vitalis UK,GBP,2024-07-20,7700,152,70.16,0.46,9.11,1.9774,5791,1.33,2024-07-21T00:00:00
MC003,Retargeting - Website Visitors 30d,act_123456789,Vitalis UK,GBP,2024-07-20,4325,171,37.85,0.22,8.75,3.9569,3388,1.28,2024-07-21T00:00:00
MC004,Retargeting - Add to Cart 7d,act_123456789,Vitalis UK,GBP,2024-07-20,3995,130,37.56,0.29,9.4,3.2735,3694,1.08,2024-07-21T00:00:00
MC005,Prospecting - Interest - Wellness,act_123456789,Vitalis UK,GBP,2024-07-20,7874,121,72.71,0.6,9.23,1.5416,6407,1.23,2024-07-21T00:00:00
MC006,DPA - Catalogue Sales,act_123456789,Vitalis UK,GBP,2024-07-20,3848,125,43.44,0.35,11.29,3.2608,2930,1.31,2024-07-21T00:00:00
MC001,Prospecting - Broad - CBD Oils,act_123456789,Vitalis UK,GBP,2024-07-21,5110,83,60.77,0.73,11.89,1.6264,4504,1.13,2024-07-22T00:00:00
MC002,Prospecting - Lookalike - Purchasers,act_123456789,Vitalis UK,GBP,2024-07-21,5072,102,59.08,0.58,11.65,2.0184,4030,1.26,2024-07-22T00:00:00
MC003,Retargeting - Website Visitors 30d,act_123456789,Vitalis UK,GBP,2024-07-21,2530,96,29.59,0.31,11.7,3.8308,2364,1.07,2024-07-22T00:00:00
MC004,Retargeting - Add to Cart 7d,act_123456789,Vitalis UK,GBP,2024-07-21,3764,135,34.91,0.26,9.27,3.5871,2799,1.34,2024-07-22T00:00:00
MC005,Prospecting - Interest - Wellness,act_123456789,Vitalis UK,GBP,2024-07-21,6769,122,62.58,0.51,9.25,1.8149,5608,1.21,2024-07-22T00:00:00
MC006,DPA - Catalogue Sales,act_123456789,Vitalis UK,GBP,2024-07-21,4055,146,36.99,0.25,9.12,3.6222,3365,1.21,2024-07-22T00:00:00
MC001,Prospecting - Broad - CBD Oils,act_123456789,Vitalis UK,GBP,2024-07-22,7980,147,67.18,0.46,8.42,1.8546,7346,1.09,2024-07-23T00:00:00
MC002,Prospecting - Lookalike - Purchasers,act_123456789,Vitalis UK,GBP,2024-07-22,9569,191,84.91,0.44,8.87,1.9971,7791,1.23,2024-07-23T00:00:00
MC003,Retargeting - Website Visitors 30d,act_123456789,Vitalis UK,GBP,2024-07-22,3251,129,35.0,0.27,10.77,3.9754,2757,1.18,2024-07-23T00:00:00
MC004,Retargeting - Add to Cart 7d,act_123456789,Vitalis UK,GBP,2024-07-22,2984,114,35.53,0.31,11.91,3.8303,2305,1.29,2024-07-23T00:00:00
MC005,Prospecting - Interest - Wellness,act_123456789,Vitalis UK,GBP,2024-07-22,9128,144,81.33,0.56,8.91,1.584,8162,1.12,2024-07-23T00:00:00
MC006,DPA - Catalogue Sales,act_123456789,Vitalis UK,GBP,2024-07-22,3946,117,33.63,0.29,8.52,2.9889,3423,1.15,2024-07-23T00:00:00
MC001,Prospecting - Broad - CBD Oils,act_123456789,Vitalis UK,GBP,2024-07-23,8241,156,83.6,0.54,10.14,1.897,6699,1.23,2024-07-24T00:00:00
MC002,Prospecting - Lookalike - Purchasers,act_123456789,Vitalis UK,GBP,2024-07-23,6873,132,70.02,0.53,10.19,1.9273,5856,1.17,2024-07-24T00:00:00
MC003,Retargeting - Website Visitors 30d,act_123456789,Vitalis UK,GBP,2024-07-23,3806,126,35.07,0.28,9.21,3.3166,2938,1.3,2024-07-24T00:00:00
MC004,Retargeting - Add to Cart 7d,act_123456789,Vitalis UK,GBP,2024-07-23,3297,103,32.29,0.31,9.79,3.1394,2690,1.23,2024-07-24T00:00:00
MC005,Prospecting - Interest - Wellness,act_123456789,Vitalis UK,GBP,2024-07-23,8430,155,78.55,0.51,9.32,1.8466,6527,1.29,2024-07-24T00:00:00
MC006,DPA - Catalogue Sales,act_123456789,Vitalis UK,GBP,2024-07-23,3985,158,34.41,0.22,8.63,3.9839,3023,1.32,2024-07-24T00:00:00
MC001,Prospecting - Broad - CBD Oils,act_123456789,Vitalis UK,GBP,2024-07-24,7391,149,68.96,0.46,9.33,2.0185,6438,1.15,2024-07-25T00:00:00
MC002,Prospecting - Lookalike - Purchasers,act_123456789,Vitalis UK,GBP,2024-07-24,6056,120,62.64,0.52,10.34,1.9832,4586,1.32,2024-07-25T00:00:00
MC003,Retargeting - Website Visitors 30d,act_123456789,Vitalis UK,GBP,2024-07-24,3779,116,35.97,0.31,9.52,3.0748,2844,1.33,2024-07-25T00:00:00
MC004,Retargeting - Add to Cart 7d,act_123456789,Vitalis UK,GBP,2024-07-24,2791,104,33.86,0.33,12.13,3.7589,2218,1.26,2024-07-25T00:00:00
MC005,Prospecting - Interest - Wellness,act_123456789,Vitalis UK,GBP,2024-07-24,6715,128,68.82,0.54,10.25,1.9178,6274,1.07,2024-07-25T00:00:00
MC006,DPA - Catalogue Sales,act_123456789,Vitalis UK,GBP,2024-07-24,3959,121,36.23,0.3,9.15,3.0705,3098,1.28,2024-07-25T00:00:00
MC001,Prospecting - Broad - CBD Oils,act_123456789,Vitalis UK,GBP,2024-07-25,5891,110,71.7,0.65,12.17,1.87,4241,1.39,2024-07-26T00:00:00
MC002,Prospecting - Lookalike - Purchasers,act_123456789,Vitalis UK,GBP,2024-07-25,7070,127,85.42,0.67,12.08,1.7968,5095,1.39,2024-07-26T00:00:00
MC003,Retargeting - Website Visitors 30d,act_123456789,Vitalis UK,GBP,2024-07-25,3988,133,40.79,0.31,10.23,3.3493,3047,1.31,2024-07-26T00:00:00
MC004,Retargeting - Add to Cart 7d,act_123456789,Vitalis UK,GBP,2024-07-25,4442,177,39.99,0.23,9.0,4.0059,3902,1.14,2024-07-26T00:00:00
MC005,Prospecting - Interest - Wellness,act_123456789,Vitalis UK,GBP,2024-07-25,7066,117,86.12,0.74,12.19,1.6693,5066,1.39,2024-07-26T00:00:00
MC006,DPA - Catalogue Sales,act_123456789,Vitalis UK,GBP,2024-07-25,3454,137,38.06,0.28,11.02,3.9723,2549,1.36,2024-07-26T00:00:00
MC001,Prospecting - Broad - CBD Oils,act_123456789,Vitalis UK,GBP,2024-07-26,8606,139,87.33,0.63,10.15,1.6247,6605,1.3,2024-07-27T00:00:00
MC002,Prospecting - Lookalike - Purchasers,act_123456789,Vitalis UK,GBP,2024-07-26,9087,155,86.0,0.55,9.46,1.709,6648,1.37,2024-07-27T00:00:00
MC003,Retargeting - Website Visitors 30d,act_123456789,Vitalis UK,GBP,2024-07-26,4936,175,42.33,0.24,8.58,3.553,4389,1.12,2024-07-27T00:00:00
MC004,Retargeting - Add to Cart 7d,act_123456789,Vitalis UK,GBP,2024-07-26,4388,176,37.61,0.21,8.57,4.0246,3303,1.33,2024-07-27T00:00:00
MC005,Prospecting - Interest - Wellness,act_123456789,Vitalis UK,GBP,2024-07-26,8152,126,73.42,0.58,9.01,1.5463,7317,1.11,2024-07-27T00:00:00
MC006,DPA - Catalogue Sales,act_123456789,Vitalis UK,GBP,2024-07-26,4428,176,42.18,0.24,9.53,3.9907,3448,1.28,2024-07-27T00:00:00
MC001,Prospecting - Broad - CBD Oils,act_123456789,Vitalis UK,GBP,2024-07-27,7859,139,73.66,0.53,9.37,1.7796,7419,1.06,2024-07-28T00:00:00
MC002,Prospecting - Lookalike - Purchasers,act_123456789,Vitalis UK,GBP,2024-07-27,6907,136,66.93,0.49,9.69,1.9761,5301,1.3,2024-07-28T00:00:00
MC003,Retargeting - Website Visitors 30d,act_123456789,Vitalis UK,GBP,2024-07-27,3140,94,32.63,0.35,10.39,2.9945,2607,1.2,2024-07-28T00:00:00
MC004,Retargeting - Add to Cart 7d,act_123456789,Vitalis UK,GBP,2024-07-27,3407,118,32.55,0.28,9.55,3.4792,2702,1.26,2024-07-28T00:00:00
MC005,Prospecting - Interest - Wellness,act_123456789,Vitalis UK,GBP,2024-07-27,5840,99,65.24,0.66,11.17,1.7069,5375,1.09,2024-07-28T00:00:00
MC006,DPA - Catalogue Sales,act_123456789,Vitalis UK,GBP,2024-07-27,3772,112,34.02,0.3,9.02,2.9782,2797,1.35,2024-07-28T00:00:00
MC001,Prospecting - Broad - CBD Oils,act_123456789,Vitalis UK,GBP,2024-07-28,9269,150,81.18,0.54,8.76,1.6228,7724,1.2,2024-07-29T00:00:00
MC002,Prospecting - Lookalike - Purchasers,act_123456789,Vitalis UK,GBP,2024-07-28,7291,120,83.64,0.7,11.47,1.6511,6232,1.17,2024-07-29T00:00:00
MC003,Retargeting - Website Visitors 30d,act_123456789,Vitalis UK,GBP,2024-07-28,3458,132,35.0,0.27,10.12,3.826,2894,1.19,2024-07-29T00:00:00
MC004,Retargeting - Add to Cart 7d,act_123456789,Vitalis UK,GBP,2024-07-28,3659,121,37.88,0.31,10.35,3.331,2718,1.35,2024-07-29T00:00:00
MC005,Prospecting - Interest - Wellness,act_123456789,Vitalis UK,GBP,2024-07-28,8787,139,78.2,0.56,8.9,1.5843,7681,1.14,2024-07-29T00:00:00
MC006,DPA - Catalogue Sales,act_123456789,Vitalis UK,GBP,2024-07-28,3950,150,41.11,0.27,10.41,3.8141,2955,1.34,2024-07-29T00:00:00
MC001,Prospecting - Broad - CBD Oils,act_123456789,Vitalis UK,GBP,2024-07-29,8047,152,71.9,0.47,8.94,1.8926,6746,1.19,2024-07-30T00:00:00
MC002,Prospecting - Lookalike - Purchasers,act_123456789,Vitalis UK,GBP,2024-07-29,7936,122,70.53,0.58,8.89,1.5413,6149,1.29,2024-07-30T00:00:00
MC003,Retargeting - Website Visitors 30d,act_123456789,Vitalis UK,GBP,2024-07-29,4458,178,39.71,0.22,8.91,4.0134,3940,1.13,2024-07-30T00:00:00
MC004,Retargeting - Add to Cart 7d,act_123456789,Vitalis UK,GBP,2024-07-29,3231,109,36.66,0.34,11.35,3.3866,2749,1.18,2024-07-30T00:00:00
MC005,Prospecting - Interest - Wellness,act_123456789,Vitalis UK,GBP,2024-07-29,7579,133,78.8,0.59,10.4,1.7572,6867,1.1,2024-07-30T00:00:00
MC006,DPA - Catalogue Sales,act_123456789,Vitalis UK,GBP,2024-07-29,4378,174,38.28,0.22,8.74,3.993,3210,1.36,2024-07-30T00:00:00
MC001,Prospecting - Broad - CBD Oils,act_123456789,Vitalis UK,GBP,2024-07-30,8129,150,71.13,0.47,8.75,1.853,7689,1.06,2024-07-31T00:00:00
MC002,Prospecting - Lookalike - Purchasers,act_123456789,Vitalis UK,GBP,2024-07-30,7311,123,76.99,0.63,10.53,1.6928,5783,1.26,2024-07-31T00:00:00
MC003,Retargeting - Website Visitors 30d,act_123456789,Vitalis UK,GBP,2024-07-30,3610,114,37.26,0.33,10.32,3.175,2897,1.25,2024-07-31T00:00:00
MC004,Retargeting - Add to Cart 7d,act_123456789,Vitalis UK,GBP,2024-07-30,5360,203,45.49,0.22,8.49,3.7929,4219,1.27,2024-07-31T00:00:00
MC005,Prospecting - Interest - Wellness,act_123456789,Vitalis UK,GBP,2024-07-30,7018,132,85.06,0.64,12.12,1.8916,5984,1.17,2024-07-31T00:00:00
MC006,DPA - Catalogue Sales,act_123456789,Vitalis UK,GBP,2024-07-30,4017,142,36.36,0.26,9.05,3.5414,3304,1.22,2024-07-31T00:00:00
MC001,Prospecting - Broad - CBD Oils,act_123456789,Vitalis UK,GBP,2024-07-31,5512,109,66.15,0.61,12.0,1.9837,4335,1.27,2024-08-01T00:00:00
MC002,Prospecting - Lookalike - Purchasers,act_123456789,Vitalis UK,GBP,2024-07-31,7706,136,75.3,0.55,9.77,1.7688,6779,1.14,2024-08-01T00:00:00
MC003,Retargeting - Website Visitors 30d,act_123456789,Vitalis UK,GBP,2024-07-31,3243,102,34.68,0.34,10.69,3.1597,2559,1.27,2024-08-01T00:00:00
MC004,Retargeting - Add to Cart 7d,act_123456789,Vitalis UK,GBP,2024-07-31,3593,137,36.27,0.26,10.09,3.8178,2553,1.41,2024-08-01T00:00:00
MC005,Prospecting - Interest - Wellness,act_123456789,Vitalis UK,GBP,2024-07-31,6153,117,71.0,0.61,11.54,1.9135,5293,1.16,2024-08-01T00:00:00
MC006,DPA - Catalogue Sales,act_123456789,Vitalis UK,GBP,2024-07-31,4828,178,40.7,0.23,8.43,3.6966,4399,1.1,2024-08-01T00:00:00
MC001,Prospecting - Broad - CBD Oils,act_123456789,Vitalis UK,GBP,2024-08-01,9052,186,90.12,0.48,9.96,2.0626,6799,1.33,2024-08-02T00:00:00
MC002,Prospecting - Lookalike - Purchasers,act_123456789,Vitalis UK,GBP,2024-08-01,8124,139,74.79,0.54,9.21,1.7137,6469,1.26,2024-08-02T00:00:00
MC003,Retargeting - Website Visitors 30d,act_123456789,Vitalis UK,GBP,2024-08-01,3190,110,38.13,0.35,11.95,3.4657,2303,1.39,2024-08-02T00:00:00
MC004,Retargeting - Add to Cart 7d,act_123456789,Vitalis UK,GBP,2024-08-01,3983,143,38.46,0.27,9.66,3.5947,3162,1.26,2024-08-02T00:00:00
MC005,Prospecting - Interest - Wellness,act_123456789,Vitalis UK,GBP,2024-08-01,5958,118,70.51,0.6,11.83,1.9946,4634,1.29,2024-08-02T00:00:00
MC006,DPA - Catalogue Sales,act_123456789,Vitalis UK,GBP,2024-08-01,3773,115,42.16,0.37,11.17,3.0514,2907,1.3,2024-08-02T00:00:00
MC001,Prospecting - Broad - CBD Oils,act_123456789,Vitalis UK,GBP,2024-08-02,8387,161,79.38,0.49,9.46,1.9297,7400,1.13,2024-08-03T00:00:00
MC002,Prospecting - Lookalike - Purchasers,act_123456789,Vitalis UK,GBP,2024-08-02,5279,85,59.19,0.7,11.21,1.6183,4769,1.11,2024-08-03T00:00:00
MC003,Retargeting - Website Visitors 30d,act_123456789,Vitalis UK,GBP,2024-08-02,3536,119,36.09,0.3,10.21,3.3818,2647,1.34,2024-08-03T00:00:00
MC004,Retargeting - Add to Cart 7d,act_123456789,Vitalis UK,GBP,2024-08-02,3245,110,32.93,0.3,10.15,3.415,2572,1.26,2024-08-03T00:00:00
MC005,Prospecting - Interest - Wellness,act_123456789,Vitalis UK,GBP,2024-08-02,5737,99,65.31,0.66,11.38,1.7402,4472,1.28,2024-08-03T00:00:00
MC006,DPA - Catalogue Sales,act_123456789,Vitalis UK,GBP,2024-08-02,3107,94,30.74,0.33,9.89,3.0376,2747,1.13,2024-08-03T00:00:00
MC001,Prospecting - Broad - CBD Oils,act_123456789,Vitalis UK,GBP,2024-08-03,7510,139,63.7,0.46,8.48,1.8564,5753,1.31,2024-08-04T00:00:00
MC002,Prospecting - Lookalike - Purchasers,act_123456789,Vitalis UK,GBP,2024-08-03,7468,127,75.42,0.59,10.1,1.7062,6669,1.12,2024-08-04T00:00:00
MC003,Retargeting - Website Visitors 30d,act_123456789,Vitalis UK,GBP,2024-08-03,3659,140,35.49,0.25,9.7,3.8283,3369,1.09,2024-08-04T00:00:00
MC004,Retargeting - Add to Cart 7d,act_123456789,Vitalis UK,GBP,2024-08-03,4299,134,37.09,0.28,8.63,3.1313,3823,1.12,2024-08-04T00:00:00
MC005,Prospecting - Interest - Wellness,act_123456789,Vitalis UK,GBP,2024-08-03,5925,118,62.8,0.53,10.6,2.0002,4490,1.32,2024-08-04T00:00:00
MC006,DPA - Catalogue Sales,act_123456789,Vitalis UK,GBP,2024-08-03,4112,160,36.82,0.23,8.95,3.9142,3284,1.25,2024-08-04T00:00:00
MC001,Prospecting - Broad - CBD Oils,act_123456789,Vitalis UK,GBP,2024-08-04,6709,130,69.65,0.54,10.38,1.9492,5441,1.23,2024-08-05T00:00:00
MC002,Prospecting - Lookalike - Purchasers,act_123456789,Vitalis UK,GBP,2024-08-04,6743,108,77.3,0.72,11.46,1.6051,6343,1.06,2024-08-05T00:00:00
MC003,Retargeting - Website Visitors 30d,act_123456789,Vitalis UK,GBP,2024-08-04,4485,167,42.88,0.26,9.56,3.7296,3692,1.21,2024-08-05T00:00:00
MC004,Retargeting - Add to Cart 7d,act_123456789,Vitalis UK,GBP,2024-08-04,4426,132,42.66,0.32,9.64,2.9984,3232,1.37,2024-08-05T00:00:00
MC005,Prospecting - Interest - Wellness,act_123456789,Vitalis UK,GBP,2024-08-04,7500,141,76.65,0.54,10.22,1.8839,5716,1.31,2024-08-05T00:00:00
MC006,DPA - Catalogue Sales,act_123456789,Vitalis UK,GBP,2024-08-04,3664,118,34.0,0.29,9.28,3.2396,2927,1.25,2024-08-05T00:00:00
MC001,Prospecting - Broad - CBD Oils,act_123456789,Vitalis UK,GBP,2024-08-05,9478,185,84.43,0.46,8.91,1.9618,8843,1.07,2024-08-06T00:00:00
MC002,Prospecting - Lookalike - Purchasers,act_123456789,Vitalis UK,GBP,2024-08-05,5591,93,63.09,0.68,11.28,1.675,5055,1.11,2024-08-06T00:00:00
MC003,Retargeting - Website Visitors 30d,act_123456789,Vitalis UK,GBP,2024-08-05,3314,125,40.44,0.32,12.2,3.794,3071,1.08,2024-08-06T00:00:00
MC004,Retargeting - Add to Cart 7d,act_123456789,Vitalis UK,GBP,2024-08-05,3146,106,34.7,0.33,11.03,3.3697,2635,1.19,2024-08-06T00:00:00
MC005,Prospecting - Interest - Wellness,act_123456789,Vitalis UK,GBP,2024-08-05,6012,108,69.72,0.65,11.6,1.7985,4264,1.41,2024-08-06T00:00:00
MC006,DPA - Catalogue Sales,act_123456789,Vitalis UK,GBP,2024-08-05,3629,114,35.28,0.31,9.72,3.1447,3082,1.18,2024-08-06T00:00:00
MC001,Prospecting - Broad - CBD Oils,act_123456789,Vitalis UK,GBP,2024-08-06,7771,136,66.73,0.49,8.59,1.7519,6196,1.25,2024-08-07T00:00:00
MC002,Prospecting - Lookalike - Purchasers,act_123456789,Vitalis UK,GBP,2024-08-06,8275,166,86.05,0.52,10.4,2.0171,5803,1.43,2024-08-07T00:00:00
MC003,Retargeting - Website Visitors 30d,act_123456789,Vitalis UK,GBP,2024-08-06,3337,103,34.95,0.34,10.47,3.0955,2598,1.28,2024-08-07T00:00:00
MC004,Retargeting - Add to Cart 7d,act_123456789,Vitalis UK,GBP,2024-08-06,3891,126,39.38,0.31,10.12,3.2586,3172,1.23,2024-08-07T00:00:00
MC005,Prospecting - Interest - Wellness,act_123456789,Vitalis UK,GBP,2024-08-06,7914,152,66.47,0.44,8.4,1.9284,6694,1.18,2024-08-07T00:00:00
MC006,DPA - Catalogue Sales,act_123456789,Vitalis UK,GBP,2024-08-06,3440,107,41.75,0.39,12.14,3.1305,3095,1.11,2024-08-07T00:00:00
MC001,Prospecting - Broad - CBD Oils,act_123456789,Vitalis UK,GBP,2024-08-07,8155,149,71.76,0.48,8.8,1.8367,6214,1.31,2024-08-08T00:00:00
MC002,Prospecting - Lookalike - Purchasers,act_123456789,Vitalis UK,GBP,2024-08-07,8180,156,78.25,0.5,9.57,1.9183,5854,1.4,2024-08-08T00:00:00
MC003,Retargeting - Website Visitors 30d,act_123456789,Vitalis UK,GBP,2024-08-07,4569,163,42.62,0.26,9.33,3.583,4269,1.07,2024-08-08T00:00:00
MC004,Retargeting - Add to Cart 7d,act_123456789,Vitalis UK,GBP,2024-08-07,4031,125,45.0,0.36,11.16,3.1133,3343,1.21,2024-08-08T00:00:00
MC005,Prospecting - Interest - Wellness,act_123456789,Vitalis UK,GBP,2024-08-07,7635,154,87.93,0.57,11.52,2.0258,7084,1.08,2024-08-08T00:00:00
MC006,DPA - Catalogue Sales,act_123456789,Vitalis UK,GBP,2024-08-07,3742,139,36.35,0.26,9.71,3.741,3325,1.13,2024-08-08T00:00:00
MC001,Prospecting - Broad - CBD Oils,act_123456789,Vitalis UK,GBP,2024-08-08,7295,131,64.65,0.49,8.86,1.7985,6113,1.19,2024-08-09T00:00:00
MC002,Prospecting - Lookalike - Purchasers,act_123456789,Vitalis UK,GBP,2024-08-08,5573,112,68.87,0.61,12.36,2.0199,3997,1.39,2024-08-09T00:00:00
MC003,Retargeting - Website Visitors 30d,act_123456789,Vitalis UK,GBP,2024-08-08,3549,140,39.68,0.28,11.18,3.9618,3117,1.14,2024-08-09T00:00:00
MC004,Retargeting - Add to Cart 7d,act_123456789,Vitalis UK,GBP,2024-08-08,4072,123,35.09,0.29,8.62,3.0232,3262,1.25,2024-08-09T00:00:00
MC005,Prospecting - Interest - Wellness,act_123456789,Vitalis UK,GBP,2024-08-08,7817,157,73.56,0.47,9.41,2.0208,6644,1.18,2024-08-09T00:00:00
MC006,DPA - Catalogue Sales,act_123456789,Vitalis UK,GBP,2024-08-08,3888,156,37.78,0.24,9.72,4.0174,3248,1.2,2024-08-09T00:00:00
MC001,Prospecting - Broad - CBD Oils,act_123456789,Vitalis UK,GBP,2024-08-09,8533,161,77.6,0.48,9.09,1.8893,6887,1.24,2024-08-10T00:00:00
MC002,Prospecting - Lookalike - Purchasers,act_123456789,Vitalis UK,GBP,2024-08-09,6246,123,74.31,0.6,11.9,1.9841,4675,1.34,2024-08-10T00:00:00
MC003,Retargeting - Website Visitors 30d,act_123456789,Vitalis UK,GBP,2024-08-09,4491,153,45.59,0.3,10.15,3.4145,4004,1.12,2024-08-10T00:00:00
MC004,Retargeting - Add to Cart 7d,act_123456789,Vitalis UK,GBP,2024-08-09,2957,101,36.55,0.36,12.36,3.4215,2481,1.19,2024-08-10T00:00:00
MC005,Prospecting - Interest - Wellness,act_123456789,Vitalis UK,GBP,2024-08-09,7865,156,77.14,0.49,9.81,1.9847,6641,1.18,2024-08-10T00:00:00
MC006,DPA - Catalogue Sales,act_123456789,Vitalis UK,GBP,2024-08-09,3587,133,35.94,0.27,10.02,3.7278,3220,1.11,2024-08-10T00:00:00
MC001,Prospecting - Broad - CBD Oils,act_123456789,Vitalis UK,GBP,2024-08-10,6840,111,69.62,0.63,10.18,1.6246,6137,1.11,2024-08-11T00:00:00
MC002,Prospecting - Lookalike - Purchasers,act_123456789,Vitalis UK,GBP,2024-08-10,7917,157,69.21,0.44,8.74,1.9918,7266,1.09,2024-08-11T00:00:00
MC003,Retargeting - Website Visitors 30d,act_123456789,Vitalis UK,GBP,2024-08-10,4874,152,41.0,0.27,8.41,3.1295,4310,1.13,2024-08-11T00:00:00
MC004,Retargeting - Add to Cart 7d,act_123456789,Vitalis UK,GBP,2024-08-10,3868,115,37.39,0.33,9.67,2.995,3643,1.06,2024-08-11T00:00:00
MC005,Prospecting - Interest - Wellness,act_123456789,Vitalis UK,GBP,2024-08-10,9976,197,89.24,0.45,8.95,1.9774,7169,1.39,2024-08-11T00:00:00
MC006,DPA - Catalogue Sales,act_123456789,Vitalis UK,GBP,2024-08-10,4525,154,41.84,0.27,9.25,3.419,3946,1.15,2024-08-11T00:00:00
MC001,Prospecting - Broad - CBD Oils,act_123456789,Vitalis UK,GBP,2024-08-11,5184,84,62.44,0.74,12.04,1.6243,4199,1.23,2024-08-12T00:00:00
MC002,Prospecting - Lookalike - Purchasers,act_123456789,Vitalis UK,GBP,2024-08-11,5891,91,62.92,0.69,10.68,1.5526,4304,1.37,2024-08-12T00:00:00
MC003,Retargeting - Website Visitors 30d,act_123456789,Vitalis UK,GBP,2024-08-11,3013,100,33.23,0.33,11.03,3.3499,2734,1.1,2024-08-12T00:00:00
MC004,Retargeting - Add to Cart 7d,act_123456789,Vitalis UK,GBP,2024-08-11,3526,130,38.14,0.29,10.82,3.7013,2691,1.31,2024-08-12T00:00:00
MC005,Prospecting - Interest - Wellness,act_123456789,Vitalis UK,GBP,2024-08-11,7709,145,77.87,0.54,10.1,1.8845,7010,1.1,2024-08-12T00:00:00
MC006,DPA - Catalogue Sales,act_123456789,Vitalis UK,GBP,2024-08-11,3461,136,37.08,0.27,10.71,3.9429,3210,1.08,2024-08-12T00:00:00
MC001,Prospecting - Broad - CBD Oils,act_123456789,Vitalis UK,GBP,2024-08-12,6491,129,64.35,0.5,9.91,1.9925,5308,1.22,2024-08-13T00:00:00
MC002,Prospecting - Lookalike - Purchasers,act_123456789,Vitalis UK,GBP,2024-08-12,9854,174,83.06,0.48,8.43,1.7755,8361,1.18,2024-08-13T00:00:00
MC003,Retargeting - Website Visitors 30d,act_123456789,Vitalis UK,GBP,2024-08-12,2701,98,32.97,0.34,12.21,3.6467,2102,1.28,2024-08-13T00:00:00
MC004,Retargeting - Add to Cart 7d,act_123456789,Vitalis UK,GBP,2024-08-12,2798,95,34.79,0.37,12.43,3.4122,2257,1.24,2024-08-13T00:00:00
MC005,Prospecting - Interest - Wellness,act_123456789,Vitalis UK,GBP,2024-08-12,5805,107,69.68,0.65,12.0,1.8492,4120,1.41,2024-08-13T00:00:00
MC006,DPA - Catalogue Sales,act_123456789,Vitalis UK,GBP,2024-08-12,3353,132,38.64,0.29,11.52,3.943,2767,1.21,2024-08-13T00:00:00
MC001,Prospecting - Broad - CBD Oils,act_123456789,Vitalis UK,GBP,2024-08-13,8530,166,72.21,0.43,8.47,1.9511,6339,1.35,2024-08-14T00:00:00
MC002,Prospecting - Lookalike - Purchasers,act_123456789,Vitalis UK,GBP,2024-08-13,6159,96,67.14,0.7,10.9,1.5615,4409,1.4,2024-08-14T00:00:00
MC003,Retargeting - Website Visitors 30d,act_123456789,Vitalis UK,GBP,2024-08-13,2972,110,35.61,0.32,11.98,3.7338,2445,1.22,2024-08-14T00:00:00
MC004,Retargeting - Add to Cart 7d,act_123456789,Vitalis UK,GBP,2024-08-13,2965,114,37.01,0.32,12.48,3.8585,2645,1.12,2024-08-14T00:00:00
MC005,Prospecting - Interest - Wellness,act_123456789,Vitalis UK,GBP,2024-08-13,8721,155,88.98,0.57,10.2,1.787,6836,1.28,2024-08-14T00:00:00
MC006,DPA - Catalogue Sales,act_123456789,Vitalis UK,GBP,2024-08-13,4809,145,43.25,0.3,8.99,3.0155,4560,1.05,2024-08-14T00:00:00
MC001,Prospecting - Broad - CBD Oils,act_123456789,Vitalis UK,GBP,2024-08-14,6094,99,63.86,0.65,10.48,1.6347,5679,1.07,2024-08-15T00:00:00
MC002,Prospecting - Lookalike - Purchasers,act_123456789,Vitalis UK,GBP,2024-08-14,7931,137,76.94,0.56,9.7,1.7376,5823,1.36,2024-08-15T00:00:00
MC003,Retargeting - Website Visitors 30d,act_123456789,Vitalis UK,GBP,2024-08-14,3918,125,35.96,0.29,9.18,3.1981,3213,1.22,2024-08-15T00:00:00
MC004,Retargeting - Add to Cart 7d,act_123456789,Vitalis UK,GBP,2024-08-14,2704,87,29.65,0.34,10.97,3.2415,1926,1.4,2024-08-15T00:00:00
MC005,Prospecting - Interest - Wellness,act_123456789,Vitalis UK,GBP,2024-08-14,7496,136,76.0,0.56,10.14,1.8226,6177,1.21,2024-08-15T00:00:00
MC006,DPA - Catalogue Sales,act_123456789,Vitalis UK,GBP,2024-08-14,2597,100,30.21,0.3,11.63,3.884,2415,1.08,2024-08-15T00:00:00
MC001,Prospecting - Broad - CBD Oils,act_123456789,Vitalis UK,GBP,2024-08-15,7580,138,68.61,0.5,9.05,1.8266,7009,1.08,2024-08-16T00:00:00
MC002,Prospecting - Lookalike - Purchasers,act_123456789,Vitalis UK,GBP,2024-08-15,8235,167,69.94,0.42,8.49,2.0339,6499,1.27,2024-08-16T00:00:00
MC003,Retargeting - Website Visitors 30d,act_123456789,Vitalis UK,GBP,2024-08-15,3888,119,36.24,0.3,9.32,3.0608,2838,1.37,2024-08-16T00:00:00
MC004,Retargeting - Add to Cart 7d,act_123456789,Vitalis UK,GBP,2024-08-15,3704,135,39.58,0.29,10.69,3.6619,3023,1.23,2024-08-16T00:00:00
MC005,Prospecting - Interest - Wellness,act_123456789,Vitalis UK,GBP,2024-08-15,8588,158,90.6,0.57,10.55,1.8416,6161,1.39,2024-08-16T00:00:00
MC006,DPA - Catalogue Sales,act_123456789,Vitalis UK,GBP,2024-08-15,3092,109,36.91,0.34,11.94,3.5379,2622,1.18,2024-08-16T00:00:00
MC001,Prospecting - Broad - CBD Oils,act_123456789,Vitalis UK,GBP,2024-08-16,8989,151,87.33,0.58,9.72,1.6864,6859,1.31,2024-08-17T00:00:00
MC002,Prospecting - Lookalike - Purchasers,act_123456789,Vitalis UK,GBP,2024-08-16,8218,137,77.82,0.57,9.47,1.6744,7784,1.06,2024-08-17T00:00:00
MC003,Retargeting - Website Visitors 30d,act_123456789,Vitalis UK,GBP,2024-08-16,3108,103,37.52,0.36,12.07,3.3374,2745,1.13,2024-08-17T00:00:00
MC004,Retargeting - Add to Cart 7d,act_123456789,Vitalis UK,GBP,2024-08-16,3160,97,34.06,0.35,10.78,3.0995,2797,1.13,2024-08-17T00:00:00
MC005,Prospecting - Interest - Wellness,act_123456789,Vitalis UK,GBP,2024-08-16,6810,125,77.61,0.62,11.4,1.8417,4932,1.38,2024-08-17T00:00:00
MC006,DPA - Catalogue Sales,act_123456789,Vitalis UK,GBP,2024-08-16,3423,132,38.96,0.3,11.38,3.8712,3136,1.09,2024-08-17T00:00:00
MC001,Prospecting - Broad - CBD Oils,act_123456789,Vitalis UK,GBP,2024-08-17,8976,142,80.58,0.57,8.98,1.5866,6528,1.38,2024-08-18T00:00:00
MC002,Prospecting - Lookalike - Purchasers,act_123456789,Vitalis UK,GBP,2024-08-17,8708,136,74.73,0.55,8.58,1.5697,6975,1.25,2024-08-18T00:00:00
MC003,Retargeting - Website Visitors 30d,act_123456789,Vitalis UK,GBP,2024-08-17,4001,123,34.18,0.28,8.54,3.099,2963,1.35,2024-08-18T00:00:00
MC004,Retargeting - Add to Cart 7d,act_123456789,Vitalis UK,GBP,2024-08-17,3821,120,36.74,0.31,9.62,3.1658,3230,1.18,2024-08-18T00:00:00
MC005,Prospecting - Interest - Wellness,act_123456789,Vitalis UK,GBP,2024-08-17,7816,158,76.4,0.48,9.77,2.0279,5808,1.35,2024-08-18T00:00:00
MC006,DPA - Catalogue Sales,act_123456789,Vitalis UK,GBP,2024-08-17,2986,98,30.86,0.31,10.33,3.3003,2319,1.29,2024-08-18T00:00:00
MC001,Prospecting - Broad - CBD Oils,act_123456789,Vitalis UK,GBP,2024-08-18,6245,102,77.75,0.76,12.45,1.6445,5566,1.12,2024-08-19T00:00:00
MC002,Prospecting - Lookalike - Purchasers,act_123456789,Vitalis UK,GBP,2024-08-18,7460,133,80.18,0.6,10.75,1.7959,5837,1.28,2024-08-19T00:00:00
MC003,Retargeting - Website Visitors 30d,act_123456789,Vitalis UK,GBP,2024-08-18,4618,164,42.03,0.26,9.1,3.5548,3472,1.33,2024-08-19T00:00:00
MC004,Retargeting - Add to Cart 7d,act_123456789,Vitalis UK,GBP,2024-08-18,3387,116,34.14,0.29,10.08,3.4286,2999,1.13,2024-08-19T00:00:00
MC005,Prospecting - Interest - Wellness,act_123456789,Vitalis UK,GBP,2024-08-18,7728,123,72.14,0.59,9.33,1.5966,6553,1.18,2024-08-19T00:00:00
MC006,DPA - Catalogue Sales,act_123456789,Vitalis UK,GBP,2024-08-18,3657,113,32.58,0.29,8.91,3.0914,2893,1.26,2024-08-19T00:00:00
MC001,Prospecting - Broad - CBD Oils,act_123456789,Vitalis UK,GBP,2024-08-19,6841,136,76.78,0.56,11.22,1.9921,6026,1.14,2024-08-20T00:00:00
MC002,Prospecting - Lookalike - Purchasers,act_123456789,Vitalis UK,GBP,2024-08-19,7597,141,63.76,0.45,8.39,1.8685,7028,1.08,2024-08-20T00:00:00
MC003,Retargeting - Website Visitors 30d,act_123456789,Vitalis UK,GBP,2024-08-19,4167,125,34.76,0.28,8.34,3.0216,3621,1.15,2024-08-20T00:00:00
MC004,Retargeting - Add to Cart 7d,act_123456789,Vitalis UK,GBP,2024-08-19,3633,142,33.8,0.24,9.3,3.9349,2569,1.41,2024-08-20T00:00:00
MC005,Prospecting - Interest - Wellness,act_123456789,Vitalis UK,GBP,2024-08-19,6927,137,72.2,0.53,10.42,1.9802,6295,1.1,2024-08-20T00:00:00
MC006,DPA - Catalogue Sales,act_123456789,Vitalis UK,GBP,2024-08-19,3261,105,32.59,0.31,9.99,3.234,2832,1.15,2024-08-20T00:00:00
MC001,Prospecting - Broad - CBD Oils,act_123456789,Vitalis UK,GBP,2024-08-20,6260,128,77.13,0.6,12.32,2.0476,5052,1.24,2024-08-21T00:00:00
MC002,Prospecting - Lookalike - Purchasers,act_123456789,Vitalis UK,GBP,2024-08-20,5950,108,66.72,0.62,11.21,1.8168,5004,1.19,2024-08-21T00:00:00
MC003,Retargeting - Website Visitors 30d,act_123456789,Vitalis UK,GBP,2024-08-20,3766,145,44.11,0.3,11.71,3.8643,2973,1.27,2024-08-21T00:00:00
MC004,Retargeting - Add to Cart 7d,act_123456789,Vitalis UK,GBP,2024-08-20,3437,114,41.43,0.36,12.05,3.3224,3152,1.09,2024-08-21T00:00:00
MC005,Prospecting - Interest - Wellness,act_123456789,Vitalis UK,GBP,2024-08-20,9271,178,82.82,0.47,8.93,1.9246,6590,1.41,2024-08-21T00:00:00
MC006,DPA - Catalogue Sales,act_123456789,Vitalis UK,GBP,2024-08-20,3422,107,42.2,0.39,12.33,3.1525,3047,1.12,2024-08-21T00:00:00
MC001,Prospecting - Broad - CBD Oils,act_123456789,Vitalis UK,GBP,2024-08-21,7027,132,69.62,0.53,9.91,1.8913,5564,1.26,2024-08-22T00:00:00
MC002,Prospecting - Lookalike - Purchasers,act_123456789,Vitalis UK,GBP,2024-08-21,5770,98,64.98,0.66,11.26,1.713,5057,1.14,2024-08-22T00:00:00
MC003,Retargeting - Website Visitors 30d,act_123456789,Vitalis UK,GBP,2024-08-21,4120,139,38.53,0.28,9.35,3.3977,2975,1.38,2024-08-22T00:00:00
MC004,Retargeting - Add to Cart 7d,act_123456789,Vitalis UK,GBP,2024-08-21,2621,101,32.41,0.32,12.37,3.8584,2438,1.08,2024-08-22T00:00:00
MC005,Prospecting - Interest - Wellness,act_123456789,Vitalis UK,GBP,2024-08-21,6543,134,74.59,0.56,11.4,2.0585,6159,1.06,2024-08-22T00:00:00
MC006,DPA - Catalogue Sales,act_123456789,Vitalis UK,GBP,2024-08-21,2647,104,32.83,0.32,12.4,3.9319,1978,1.34,2024-08-22T00:00:00
MC001,Prospecting - Broad - CBD Oils,act_123456789,Vitalis UK,GBP,2024-08-22,6557,113,76.74,0.68,11.7,1.7294,4886,1.34,2024-08-23T00:00:00
MC002,Prospecting - Lookalike - Purchasers,act_123456789,Vitalis UK,GBP,2024-08-22,6961,124,80.0,0.65,11.49,1.7851,5446,1.28,2024-08-23T00:00:00
MC003,Retargeting - Website Visitors 30d,act_123456789,Vitalis UK,GBP,2024-08-22,4555,157,38.79,0.25,8.52,3.4596,4276,1.07,2024-08-23T00:00:00
MC004,Retargeting - Add to Cart 7d,act_123456789,Vitalis UK,GBP,2024-08-22,3793,123,37.69,0.31,9.94,3.2585,2804,1.35,2024-08-23T00:00:00
MC005,Prospecting - Interest - Wellness,act_123456789,Vitalis UK,GBP,2024-08-22,6867,130,81.18,0.62,11.82,1.9048,5605,1.23,2024-08-23T00:00:00
MC006,DPA - Catalogue Sales,act_123456789,Vitalis UK,GBP,2024-08-22,2618,91,32.16,0.35,12.28,3.4976,2159,1.21,2024-08-23T00:00:00
MC001,Prospecting - Broad - CBD Oils,act_123456789,Vitalis UK,GBP,2024-08-23,7614,138,69.92,0.51,9.18,1.8164,7221,1.05,2024-08-24T00:00:00
MC002,Prospecting - Lookalike - Purchasers,act_123456789,Vitalis UK,GBP,2024-08-23,7691,151,73.68,0.49,9.58,1.9678,6919,1.11,2024-08-24T00:00:00
MC003,Retargeting - Website Visitors 30d,act_123456789,Vitalis UK,GBP,2024-08-23,3341,131,36.48,0.28,10.92,3.9471,2625,1.27,2024-08-24T00:00:00
MC004,Retargeting - Add to Cart 7d,act_123456789,Vitalis UK,GBP,2024-08-23,2988,92,32.66,0.35,10.93,3.0816,2505,1.19,2024-08-24T00:00:00
MC005,Prospecting - Interest - Wellness,act_123456789,Vitalis UK,GBP,2024-08-23,7807,151,78.11,0.52,10.01,1.946,5566,1.4,2024-08-24T00:00:00
MC006,DPA - Catalogue Sales,act_123456789,Vitalis UK,GBP,2024-08-23,3636,137,31.03,0.23,8.53,3.7766,3401,1.07,2024-08-24T00:00:00
MC001,Prospecting - Broad - CBD Oils,act_123456789,Vitalis UK,GBP,2024-08-24,7453,151,79.05,0.52,10.61,2.0379,6490,1.15,2024-08-25T00:00:00
MC002,Prospecting - Lookalike - Purchasers,act_123456789,Vitalis UK,GBP,2024-08-24,7658,138,65.97,0.48,8.61,1.8045,6147,1.25,2024-08-25T00:00:00
MC003,Retargeting - Website Visitors 30d,act_123456789,Vitalis UK,GBP,2024-08-24,4205,133,36.24,0.27,8.62,3.1754,3993,1.05,2024-08-25T00:00:00
MC004,Retargeting - Add to Cart 7d,act_123456789,Vitalis UK,GBP,2024-08-24,3245,109,30.96,0.28,9.54,3.3791,3081,1.05,2024-08-25T00:00:00
MC005,Prospecting - Interest - Wellness,act_123456789,Vitalis UK,GBP,2024-08-24,6493,101,70.76,0.7,10.9,1.566,5294,1.23,2024-08-25T00:00:00
MC006,DPA - Catalogue Sales,act_123456789,Vitalis UK,GBP,2024-08-24,3791,127,37.59,0.3,9.92,3.3589,2685,1.41,2024-08-25T00:00:00
MC001,Prospecting - Broad - CBD Oils,act_123456789,Vitalis UK,GBP,2024-08-25,8165,131,69.76,0.53,8.54,1.6102,7029,1.16,2024-08-26T00:00:00
MC002,Prospecting - Lookalike - Purchasers,act_123456789,Vitalis UK,GBP,2024-08-25,6959,115,70.05,0.61,10.07,1.6548,5853,1.19,2024-08-26T00:00:00
MC003,Retargeting - Website Visitors 30d,act_123456789,Vitalis UK,GBP,2024-08-25,3405,135,39.06,0.29,11.47,3.9787,2724,1.25,2024-08-26T00:00:00
MC004,Retargeting - Add to Cart 7d,act_123456789,Vitalis UK,GBP,2024-08-25,3748,129,42.94,0.33,11.46,3.4437,3387,1.11,2024-08-26T00:00:00
MC005,Prospecting - Interest - Wellness,act_123456789,Vitalis UK,GBP,2024-08-25,7150,114,77.81,0.68,10.88,1.6028,5600,1.28,2024-08-26T00:00:00
MC006,DPA - Catalogue Sales,act_123456789,Vitalis UK,GBP,2024-08-25,3744,126,42.03,0.33,11.23,3.3802,3014,1.24,2024-08-26T00:00:00
MC001,Prospecting - Broad - CBD Oils,act_123456789,Vitalis UK,GBP,2024-08-26,6136,96,71.08,0.74,11.58,1.5706,4927,1.25,2024-08-27T00:00:00
MC002,Prospecting - Lookalike - Purchasers,act_123456789,Vitalis UK,GBP,2024-08-26,6107,118,71.23,0.6,11.66,1.9326,5091,1.2,2024-08-27T00:00:00
MC003,Retargeting - Website Visitors 30d,act_123456789,Vitalis UK,GBP,2024-08-26,3627,140,33.52,0.24,9.24,3.8603,3414,1.06,2024-08-27T00:00:00
MC004,Retargeting - Add to Cart 7d,act_123456789,Vitalis UK,GBP,2024-08-26,2987,107,32.94,0.31,11.03,3.5867,2218,1.35,2024-08-27T00:00:00
MC005,Prospecting - Interest - Wellness,act_123456789,Vitalis UK,GBP,2024-08-26,6977,136,68.55,0.5,9.83,1.9625,6212,1.12,2024-08-27T00:00:00
MC006,DPA - Catalogue Sales,act_123456789,Vitalis UK,GBP,2024-08-26,3761,137,36.61,0.27,9.73,3.6529,3560,1.06,2024-08-27T00:00:00
MC001,Prospecting - Broad - CBD Oils,act_123456789,Vitalis UK,GBP,2024-08-27,6074,105,68.09,0.65,11.21,1.7397,5101,1.19,2024-08-28T00:00:00
MC002,Prospecting - Lookalike - Purchasers,act_123456789,Vitalis UK,GBP,2024-08-27,7869,155,70.43,0.45,8.95,1.9718,7376,1.07,2024-08-28T00:00:00
MC003,Retargeting - Website Visitors 30d,act_123456789,Vitalis UK,GBP,2024-08-27,3200,110,37.0,0.34,11.56,3.4442,2542,1.26,2024-08-28T00:00:00
MC004,Retargeting - Add to Cart 7d,act_123456789,Vitalis UK,GBP,2024-08-27,3491,125,34.43,0.28,9.86,3.6059,2611,1.34,2024-08-28T00:00:00
MC005,Prospecting - Interest - Wellness,act_123456789,Vitalis UK,GBP,2024-08-27,6437,104,76.04,0.73,11.81,1.6244,4535,1.42,2024-08-28T00:00:00
MC006,DPA - Catalogue Sales,act_123456789,Vitalis UK,GBP,2024-08-27,4697,154,41.4,0.27,8.81,3.2819,3793,1.24,2024-08-28T00:00:00
MC001,Prospecting - Broad - CBD Oils,act_123456789,Vitalis UK,GBP,2024-08-28,7331,126,75.04,0.6,10.24,1.7315,5989,1.22,2024-08-29T00:00:00
MC002,Prospecting - Lookalike - Purchasers,act_123456789,Vitalis UK,GBP,2024-08-28,7772,152,80.49,0.53,10.36,1.9581,5784,1.34,2024-08-29T00:00:00
MC003,Retargeting - Website Visitors 30d,act_123456789,Vitalis UK,GBP,2024-08-28,4014,133,35.03,0.26,8.73,3.3291,3732,1.08,2024-08-29T00:00:00
MC004,Retargeting - Add to Cart 7d,act_123456789,Vitalis UK,GBP,2024-08-28,3961,137,33.78,0.25,8.53,3.469,3738,1.06,2024-08-29T00:00:00
MC005,Prospecting - Interest - Wellness,act_123456789,Vitalis UK,GBP,2024-08-28,6500,101,77.0,0.76,11.85,1.5557,4881,1.33,2024-08-29T00:00:00
MC006,DPA - Catalogue Sales,act_123456789,Vitalis UK,GBP,2024-08-28,3564,127,43.62,0.34,12.24,3.5808,3222,1.11,2024-08-29T00:00:00
MC001,Prospecting - Broad - CBD Oils,act_123456789,Vitalis UK,GBP,2024-08-29,8731,175,80.5,0.46,9.22,2.009,7994,1.09,2024-08-30T00:00:00
MC002,Prospecting - Lookalike - Purchasers,act_123456789,Vitalis UK,GBP,2024-08-29,9451,168,79.08,0.47,8.37,1.7809,8753,1.08,2024-08-30T00:00:00
MC003,Retargeting - Website Visitors 30d,act_123456789,Vitalis UK,GBP,2024-08-29,4626,174,39.56,0.23,8.55,3.7706,3614,1.28,2024-08-30T00:00:00
MC004,Retargeting - Add to Cart 7d,act_123456789,Vitalis UK,GBP,2024-08-29,3142,115,37.19,0.32,11.84,3.672,2365,1.33,2024-08-30T00:00:00
MC005,Prospecting - Interest - Wellness,act_123456789,Vitalis UK,GBP,2024-08-29,9489,193,86.68,0.45,9.13,2.0362,8178,1.16,2024-08-30T00:00:00
MC006,DPA - Catalogue Sales,act_123456789,Vitalis UK,GBP,2024-08-29,3799,124,40.43,0.33,10.64,3.2771,2840,1.34,2024-08-30T00:00:00
MC001,Prospecting - Broad - CBD Oils,act_123456789,Vitalis UK,GBP,2024-08-30,7811,157,76.77,0.49,9.83,2.0214,6951,1.12,2024-08-31T00:00:00
MC002,Prospecting - Lookalike - Purchasers,act_123456789,Vitalis UK,GBP,2024-08-30,7816,149,71.97,0.48,9.21,1.9188,6324,1.24,2024-08-31T00:00:00
MC003,Retargeting - Website Visitors 30d,act_123456789,Vitalis UK,GBP,2024-08-30,3057,108,32.97,0.31,10.79,3.5609,2806,1.09,2024-08-31T00:00:00
MC004,Retargeting - Add to Cart 7d,act_123456789,Vitalis UK,GBP,2024-08-30,3065,102,37.37,0.37,12.19,3.3464,2721,1.13,2024-08-31T00:00:00
MC005,Prospecting - Interest - Wellness,act_123456789,Vitalis UK,GBP,2024-08-30,7367,115,66.31,0.58,9.0,1.5621,6452,1.14,2024-08-31T00:00:00
MC006,DPA - Catalogue Sales,act_123456789,Vitalis UK,GBP,2024-08-30,4439,143,39.56,0.28,8.91,3.2233,3139,1.41,2024-08-31T00:00:00
MC001,Prospecting - Broad - CBD Oils,act_123456789,Vitalis UK,GBP,2024-08-31,8110,158,84.83,0.54,10.46,1.954,7357,1.1,2024-09-01T00:00:00
MC002,Prospecting - Lookalike - Purchasers,act_123456789,Vitalis UK,GBP,2024-08-31,9236,185,85.66,0.46,9.27,2.008,6985,1.32,2024-09-01T00:00:00
MC003,Retargeting - Website Visitors 30d,act_123456789,Vitalis UK,GBP,2024-08-31,2719,98,32.89,0.34,12.1,3.6397,1987,1.37,2024-09-01T00:00:00
MC004,Retargeting - Add to Cart 7d,act_123456789,Vitalis UK,GBP,2024-08-31,3397,126,38.85,0.31,11.44,3.7254,2597,1.31,2024-09-01T00:00:00
MC005,Prospecting - Interest - Wellness,act_123456789,Vitalis UK,GBP,2024-08-31,7048,110,64.73,0.59,9.18,1.5631,6490,1.09,2024-09-01T00:00:00
MC006,DPA - Catalogue Sales,act_123456789,Vitalis UK,GBP,2024-08-31,4250,158,36.67,0.23,8.63,3.7294,3578,1.19,2024-09-01T00:00:00
MC001,Prospecting - Broad - CBD Oils,act_123456789,Vitalis UK,GBP,2024-09-01,8266,143,84.14,0.59,10.18,1.7327,7149,1.16,2024-09-02T00:00:00
MC002,Prospecting - Lookalike - Purchasers,act_123456789,Vitalis UK,GBP,2024-09-01,8376,164,90.53,0.55,10.81,1.9632,6274,1.34,2024-09-02T00:00:00
MC003,Retargeting - Website Visitors 30d,act_123456789,Vitalis UK,GBP,2024-09-01,3688,123,41.83,0.34,11.34,3.3618,3015,1.22,2024-09-02T00:00:00
MC004,Retargeting - Add to Cart 7d,act_123456789,Vitalis UK,GBP,2024-09-01,3699,132,38.71,0.29,10.46,3.5727,2815,1.31,2024-09-02T00:00:00
MC005,Prospecting - Interest - Wellness,act_123456789,Vitalis UK,GBP,2024-09-01,9944,205,83.83,0.41,8.43,2.0667,6991,1.42,2024-09-02T00:00:00
MC006,DPA - Catalogue Sales,act_123456789,Vitalis UK,GBP,2024-09-01,3311,128,38.77,0.3,11.71,3.8832,3035,1.09,2024-09-02T00:00:00
MC001,Prospecting - Broad - CBD Oils,act_123456789,Vitalis UK,GBP,2024-09-02,10550,217,94.81,0.44,8.99,2.0623,9798,1.08,2024-09-03T00:00:00
MC002,Prospecting - Lookalike - Purchasers,act_123456789,Vitalis UK,GBP,2024-09-02,7813,121,91.19,0.75,11.67,1.5491,6148,1.27,2024-09-03T00:00:00
MC003,Retargeting - Website Visitors 30d,act_123456789,Vitalis UK,GBP,2024-09-02,4049,123,45.48,0.37,11.23,3.0614,3151,1.28,2024-09-03T00:00:00
MC004,Retargeting - Add to Cart 7d,act_123456789,Vitalis UK,GBP,2024-09-02,4058,146,39.46,0.27,9.72,3.6108,3684,1.1,2024-09-03T00:00:00
MC005,Prospecting - Interest - Wellness,act_123456789,Vitalis UK,GBP,2024-09-02,8860,140,87.85,0.63,9.92,1.5822,8206,1.08,2024-09-03T00:00:00
MC006,DPA - Catalogue Sales,act_123456789,Vitalis UK,GBP,2024-09-02,4862,146,50.61,0.35,10.41,3.022,4253,1.14,2024-09-03T00:00:00
MC001,Prospecting - Broad - CBD Oils,act_123456789,Vitalis UK,GBP,2024-09-03,7452,123,77.78,0.63,10.44,1.6576,7056,1.06,2024-09-04T00:00:00
MC002,Prospecting - Lookalike - Purchasers,act_123456789,Vitalis UK,GBP,2024-09-03,6633,127,82.38,0.65,12.42,1.9193,4826,1.37,2024-09-04T00:00:00
MC003,Retargeting - Website Visitors 30d,act_123456789,Vitalis UK,GBP,2024-09-03,3330,112,40.77,0.36,12.24,3.3697,2504,1.33,2024-09-04T00:00:00
MC004,Retargeting - Add to Cart 7d,act_123456789,Vitalis UK,GBP,2024-09-03,3651,129,39.59,0.31,10.84,3.5539,3190,1.14,2024-09-04T00:00:00
MC005,Prospecting - Interest - Wellness,act_123456789,Vitalis UK,GBP,2024-09-03,9324,156,82.67,0.53,8.87,1.6796,7094,1.31,2024-09-04T00:00:00
MC006,DPA - Catalogue Sales,act_123456789,Vitalis UK,GBP,2024-09-03,3511,132,38.39,0.29,10.93,3.773,2540,1.38,2024-09-04T00:00:00
MC001,Prospecting - Broad - CBD Oils,act_123456789,Vitalis UK,GBP,2024-09-04,7664,150,91.48,0.61,11.94,1.9609,6881,1.11,2024-09-05T00:00:00
MC002,Prospecting - Lookalike - Purchasers,act_123456789,Vitalis UK,GBP,2024-09-04,7491,136,86.45,0.64,11.54,1.8177,5478,1.37,2024-09-05T00:00:00
MC003,Retargeting - Website Visitors 30d,act_123456789,Vitalis UK,GBP,2024-09-04,4017,150,42.55,0.28,10.59,3.7495,3040,1.32,2024-09-05T00:00:00
MC004,Retargeting - Add to Cart 7d,act_123456789,Vitalis UK,GBP,2024-09-04,4130,144,42.31,0.29,10.24,3.5086,3393,1.22,2024-09-05T00:00:00
MC005,Prospecting - Interest - Wellness,act_123456789,Vitalis UK,GBP,2024-09-04,7126,127,78.81,0.62,11.06,1.7904,6657,1.07,2024-09-05T00:00:00
MC006,DPA - Catalogue Sales,act_123456789,Vitalis UK,GBP,2024-09-04,4295,130,37.09,0.29,8.64,3.0329,3033,1.42,2024-09-05T00:00:00
MC001,Prospecting - Broad - CBD Oils,act_123456789,Vitalis UK,GBP,2024-09-05,11148,229,93.39,0.41,8.38,2.0545,8217,1.36,2024-09-06T00:00:00
MC002,Prospecting - Lookalike - Purchasers,act_123456789,Vitalis UK,GBP,2024-09-05,7652,124,94.02,0.76,12.29,1.622,7217,1.06,2024-09-06T00:00:00
MC003,Retargeting - Website Visitors 30d,act_123456789,Vitalis UK,GBP,2024-09-05,5420,179,51.78,0.29,9.55,3.3184,5088,1.07,2024-09-06T00:00:00
MC004,Retargeting - Add to Cart 7d,act_123456789,Vitalis UK,GBP,2024-09-05,4900,181,50.14,0.28,10.23,3.694,3944,1.24,2024-09-06T00:00:00
MC005,Prospecting - Interest - Wellness,act_123456789,Vitalis UK,GBP,2024-09-05,9116,146,82.64,0.57,9.07,1.6035,7265,1.25,2024-09-06T00:00:00
MC006,DPA - Catalogue Sales,act_123456789,Vitalis UK,GBP,2024-09-05,4003,131,47.24,0.36,11.8,3.2737,3405,1.18,2024-09-06T00:00:00
MC001,Prospecting - Broad - CBD Oils,act_123456789,Vitalis UK,GBP,2024-09-06,6261,100,77.17,0.77,12.33,1.6102,5486,1.14,2024-09-07T00:00:00
MC002,Prospecting - Lookalike - Purchasers,act_123456789,Vitalis UK,GBP,2024-09-06,8027,124,89.52,0.72,11.15,1.5454,7283,1.1,2024-09-07T00:00:00
MC003,Retargeting - Website Visitors 30d,act_123456789,Vitalis UK,GBP,2024-09-06,4601,149,39.73,0.27,8.64,3.2527,3452,1.33,2024-09-07T00:00:00
MC004,Retargeting - Add to Cart 7d,act_123456789,Vitalis UK,GBP,2024-09-06,3755,143,46.43,0.32,12.36,3.8253,3189,1.18,2024-09-07T00:00:00
MC005,Prospecting - Interest - Wellness,act_123456789,Vitalis UK,GBP,2024-09-06,8516,176,89.82,0.51,10.55,2.0677,6076,1.4,2024-09-07T00:00:00
MC006,DPA - Catalogue Sales,act_123456789,Vitalis UK,GBP,2024-09-06,3773,120,40.36,0.34,10.7,3.19,2782,1.36,2024-09-07T00:00:00
MC001,Prospecting - Broad - CBD Oils,act_123456789,Vitalis UK,GBP,2024-09-07,7186,144,87.46,0.61,12.17,2.0135,5881,1.22,2024-09-08T00:00:00
MC002,Prospecting - Lookalike - Purchasers,act_123456789,Vitalis UK,GBP,2024-09-07,9484,161,81.44,0.51,8.59,1.6984,8437,1.12,2024-09-08T00:00:00
MC003,Retargeting - Website Visitors 30d,act_123456789,Vitalis UK,GBP,2024-09-07,4132,156,44.12,0.28,10.68,3.7805,3722,1.11,2024-09-08T00:00:00
MC004,Retargeting - Add to Cart 7d,act_123456789,Vitalis UK,GBP,2024-09-07,3882,148,45.5,0.31,11.72,3.8307,2762,1.41,2024-09-08T00:00:00
MC005,Prospecting - Interest - Wellness,act_123456789,Vitalis UK,GBP,2024-09-07,8370,161,75.93,0.47,9.07,1.9267,7579,1.1,2024-09-08T00:00:00
MC006,DPA - Catalogue Sales,act_123456789,Vitalis UK,GBP,2024-09-07,3399,115,36.89,0.32,10.85,3.3915,2662,1.28,2024-09-08T00:00:00
MC001,Prospecting - Broad - CBD Oils,act_123456789,Vitalis UK,GBP,2024-09-08,9371,177,81.23,0.46,8.67,1.8899,7895,1.19,2024-09-09T00:00:00
MC002,Prospecting - Lookalike - Purchasers,act_123456789,Vitalis UK,GBP,2024-09-08,9093,178,88.66,0.5,9.75,1.9682,7540,1.21,2024-09-09T00:00:00
MC003,Retargeting - Website Visitors 30d,act_123456789,Vitalis UK,GBP,2024-09-08,4752,173,47.86,0.28,10.07,3.6428,4361,1.09,2024-09-09T00:00:00
MC004,Retargeting - Add to Cart 7d,act_123456789,Vitalis UK,GBP,2024-09-08,4445,169,40.28,0.24,9.06,3.8213,4035,1.1,2024-09-09T00:00:00
MC005,Prospecting - Interest - Wellness,act_123456789,Vitalis UK,GBP,2024-09-08,9189,169,98.78,0.58,10.75,1.8426,7429,1.24,2024-09-09T00:00:00
MC006,DPA - Catalogue Sales,act_123456789,Vitalis UK,GBP,2024-09-08,4786,156,49.98,0.32,10.44,3.2726,3513,1.36,2024-09-09T00:00:00
MC001,Prospecting - Broad - CBD Oils,act_123456789,Vitalis UK,GBP,2024-09-09,9072,179,98.39,0.55,10.85,1.9788,6447,1.41,2024-09-10T00:00:00
MC002,Prospecting - Lookalike - Purchasers,act_123456789,Vitalis UK,GBP,2024-09-09,9965,152,100.57,0.66,10.09,1.5304,7019,1.42,2024-09-10T00:00:00
MC003,Retargeting - Website Visitors 30d,act_123456789,Vitalis UK,GBP,2024-09-09,5250,203,45.52,0.22,8.67,3.8784,4843,1.08,2024-09-10T00:00:00
MC004,Retargeting - Add to Cart 7d,act_123456789,Vitalis UK,GBP,2024-09-09,4946,164,42.92,0.26,8.68,3.3195,3549,1.39,2024-09-10T00:00:00
MC005,Prospecting - Interest - Wellness,act_123456789,Vitalis UK,GBP,2024-09-09,8516,135,78.36,0.58,9.2,1.5855,7478,1.14,2024-09-10T00:00:00
MC006,DPA - Catalogue Sales,act_123456789,Vitalis UK,GBP,2024-09-09,5210,203,50.41,0.25,9.68,3.9016,4139,1.26,2024-09-10T00:00:00
MC001,Prospecting - Broad - CBD Oils,act_123456789,Vitalis UK,GBP,2024-09-10,8149,149,84.14,0.56,10.33,1.8305,6961,1.17,2024-09-11T00:00:00
MC002,Prospecting - Lookalike - Purchasers,act_123456789,Vitalis UK,GBP,2024-09-10,9383,165,95.04,0.58,10.13,1.7651,8229,1.14,2024-09-11T00:00:00
MC003,Retargeting - Website Visitors 30d,act_123456789,Vitalis UK,GBP,2024-09-10,4828,155,49.57,0.32,10.27,3.2131,3723,1.3,2024-09-11T00:00:00
MC004,Retargeting - Add to Cart 7d,act_123456789,Vitalis UK,GBP,2024-09-10,4605,164,47.68,0.29,10.35,3.5754,3975,1.16,2024-09-11T00:00:00
MC005,Prospecting - Interest - Wellness,act_123456789,Vitalis UK,GBP,2024-09-10,9648,192,82.9,0.43,8.59,1.9979,7403,1.3,2024-09-11T00:00:00
MC006,DPA - Catalogue Sales,act_123456789,Vitalis UK,GBP,2024-09-10,3635,135,39.22,0.29,10.79,3.7263,2686,1.35,2024-09-11T00:00:00
MC001,Prospecting - Broad - CBD Oils,act_123456789,Vitalis UK,GBP,2024-09-11,8320,171,92.85,0.54,11.16,2.0591,6271,1.33,2024-09-12T00:00:00
MC002,Prospecting - Lookalike - Purchasers,act_123456789,Vitalis UK,GBP,2024-09-11,11305,226,98.48,0.44,8.71,2.0027,8071,1.4,2024-09-12T00:00:00
MC003,Retargeting - Website Visitors 30d,act_123456789,Vitalis UK,GBP,2024-09-11,4606,156,41.72,0.27,9.06,3.4016,3400,1.35,2024-09-12T00:00:00
MC004,Retargeting - Add to Cart 7d,act_123456789,Vitalis UK,GBP,2024-09-11,5460,163,48.44,0.3,8.87,2.9881,4302,1.27,2024-09-12T00:00:00
MC005,Prospecting - Interest - Wellness,act_123456789,Vitalis UK,GBP,2024-09-11,7026,139,74.38,0.54,10.59,1.988,5741,1.22,2024-09-12T00:00:00
MC006,DPA - Catalogue Sales,act_123456789,Vitalis UK,GBP,2024-09-11,3510,133,41.36,0.31,11.78,3.8088,2474,1.42,2024-09-12T00:00:00
MC001,Prospecting - Broad - CBD Oils,act_123456789,Vitalis UK,GBP,2024-09-12,9349,188,89.66,0.48,9.59,2.0121,6700,1.4,2024-09-13T00:00:00
MC002,Prospecting - Lookalike - Purchasers,act_123456789,Vitalis UK,GBP,2024-09-12,9272,190,88.02,0.46,9.49,2.0575,7105,1.3,2024-09-13T00:00:00
MC003,Retargeting - Website Visitors 30d,act_123456789,Vitalis UK,GBP,2024-09-12,3362,129,37.3,0.29,11.09,3.854,2936,1.15,2024-09-13T00:00:00
MC004,Retargeting - Add to Cart 7d,act_123456789,Vitalis UK,GBP,2024-09-12,3898,134,36.67,0.27,9.41,3.4539,3257,1.2,2024-09-13T00:00:00
MC005,Prospecting - Interest - Wellness,act_123456789,Vitalis UK,GBP,2024-09-12,8236,144,86.22,0.6,10.47,1.7543,6579,1.25,2024-09-13T00:00:00
MC006,DPA - Catalogue Sales,act_123456789,Vitalis UK,GBP,2024-09-12,4597,169,43.61,0.26,9.49,3.6884,3589,1.28,2024-09-13T00:00:00
MC001,Prospecting - Broad - CBD Oils,act_123456789,Vitalis UK,GBP,2024-09-13,9711,194,100.07,0.52,10.3,2.0072,6913,1.4,2024-09-14T00:00:00
MC002,Prospecting - Lookalike - Purchasers,act_123456789,Vitalis UK,GBP,2024-09-13,7867,136,87.34,0.64,11.1,1.731,7028,1.12,2024-09-14T00:00:00
MC003,Retargeting - Website Visitors 30d,act_123456789,Vitalis UK,GBP,2024-09-13,3846,138,43.33,0.31,11.27,3.5909,3193,1.2,2024-09-14T00:00:00
MC004,Retargeting - Add to Cart 7d,act_123456789,Vitalis UK,GBP,2024-09-13,4362,137,39.99,0.29,9.17,3.1511,3119,1.4,2024-09-14T00:00:00
MC005,Prospecting - Interest - Wellness,act_123456789,Vitalis UK,GBP,2024-09-13,6811,126,77.77,0.62,11.42,1.8632,4942,1.38,2024-09-14T00:00:00
MC006,DPA - Catalogue Sales,act_123456789,Vitalis UK,GBP,2024-09-13,4156,130,47.35,0.36,11.39,3.1497,3897,1.07,2024-09-14T00:00:00
MC001,Prospecting - Broad - CBD Oils,act_123456789,Vitalis UK,GBP,2024-09-14,9111,179,77.97,0.44,8.56,1.9723,7461,1.22,2024-09-15T00:00:00
MC002,Prospecting - Lookalike - Purchasers,act_123456789,Vitalis UK,GBP,2024-09-14,8224,135,93.87,0.7,11.41,1.6447,7178,1.15,2024-09-15T00:00:00
MC003,Retargeting - Website Visitors 30d,act_123456789,Vitalis UK,GBP,2024-09-14,4637,150,45.65,0.3,9.84,3.2494,4287,1.08,2024-09-15T00:00:00
MC004,Retargeting - Add to Cart 7d,act_123456789,Vitalis UK,GBP,2024-09-14,3504,129,35.94,0.28,10.26,3.6995,3218,1.09,2024-09-15T00:00:00
MC005,Prospecting - Interest - Wellness,act_123456789,Vitalis UK,GBP,2024-09-14,7550,134,81.54,0.61,10.8,1.7842,6020,1.25,2024-09-15T00:00:00
MC006,DPA - Catalogue Sales,act_123456789,Vitalis UK,GBP,2024-09-14,3568,128,42.62,0.33,11.95,3.6041,3352,1.06,2024-09-15T00:00:00
MC001,Prospecting - Broad - CBD Oils,act_123456789,Vitalis UK,GBP,2024-09-15,6553,131,73.59,0.56,11.23,2.013,4962,1.32,2024-09-16T00:00:00
MC002,Prospecting - Lookalike - Purchasers,act_123456789,Vitalis UK,GBP,2024-09-15,6296,107,74.54,0.7,11.84,1.7101,4413,1.43,2024-09-16T00:00:00
MC003,Retargeting - Website Visitors 30d,act_123456789,Vitalis UK,GBP,2024-09-15,4234,159,37.9,0.24,8.95,3.7595,3213,1.32,2024-09-16T00:00:00
MC004,Retargeting - Add to Cart 7d,act_123456789,Vitalis UK,GBP,2024-09-15,3589,139,37.64,0.27,10.49,3.8967,3399,1.06,2024-09-16T00:00:00
MC005,Prospecting - Interest - Wellness,act_123456789,Vitalis UK,GBP,2024-09-15,8463,171,89.97,0.53,10.63,2.0277,7400,1.14,2024-09-16T00:00:00
MC006,DPA - Catalogue Sales,act_123456789,Vitalis UK,GBP,2024-09-15,3276,114,38.64,0.34,11.79,3.5082,2518,1.3,2024-09-16T00:00:00
MC001,Prospecting - Broad - CBD Oils,act_123456789,Vitalis UK,GBP,2024-09-16,8632,141,82.69,0.59,9.58,1.6424,7405,1.17,2024-09-17T00:00:00
MC002,Prospecting - Lookalike - Purchasers,act_123456789,Vitalis UK,GBP,2024-09-16,8726,171,73.57,0.43,8.43,1.9689,8186,1.07,2024-09-17T00:00:00
MC003,Retargeting - Website Visitors 30d,act_123456789,Vitalis UK,GBP,2024-09-16,4020,136,37.4,0.27,9.3,3.391,2938,1.37,2024-09-17T00:00:00
MC004,Retargeting - Add to Cart 7d,act_123456789,Vitalis UK,GBP,2024-09-16,4731,155,45.5,0.29,9.62,3.2789,3627,1.3,2024-09-17T00:00:00
MC005,Prospecting - Interest - Wellness,act_123456789,Vitalis UK,GBP,2024-09-16,6146,101,72.42,0.72,11.78,1.6443,5062,1.21,2024-09-17T00:00:00
MC006,DPA - Catalogue Sales,act_123456789,Vitalis UK,GBP,2024-09-16,5208,195,46.58,0.24,8.94,3.7621,4462,1.17,2024-09-17T00:00:00
MC001,Prospecting - Broad - CBD Oils,act_123456789,Vitalis UK,GBP,2024-09-17,9576,163,91.53,0.56,9.56,1.7116,7445,1.29,2024-09-18T00:00:00
MC002,Prospecting - Lookalike - Purchasers,act_123456789,Vitalis UK,GBP,2024-09-17,8329,164,76.02,0.46,9.13,1.9727,7454,1.12,2024-09-18T00:00:00
MC003,Retargeting - Website Visitors 30d,act_123456789,Vitalis UK,GBP,2024-09-17,3561,126,34.42,0.27,9.67,3.5474,2872,1.24,2024-09-18T00:00:00
MC004,Retargeting - Add to Cart 7d,act_123456789,Vitalis UK,GBP,2024-09-17,5052,186,44.35,0.24,8.78,3.6949,3997,1.26,2024-09-18T00:00:00
MC005,Prospecting - Interest - Wellness,act_123456789,Vitalis UK,GBP,2024-09-17,6829,112,71.41,0.64,10.46,1.6411,4998,1.37,2024-09-18T00:00:00
MC006,DPA - Catalogue Sales,act_123456789,Vitalis UK,GBP,2024-09-17,4634,172,40.52,0.24,8.74,3.7198,3520,1.32,2024-09-18T00:00:00
MC001,Prospecting - Broad - CBD Oils,act_123456789,Vitalis UK,GBP,2024-09-18,10706,220,94.48,0.43,8.82,2.0631,9167,1.17,2024-09-19T00:00:00
MC002,Prospecting - Lookalike - Purchasers,act_123456789,Vitalis UK,GBP,2024-09-18,8127,125,82.23,0.66,10.12,1.5498,7080,1.15,2024-09-19T00:00:00
MC003,Retargeting - Website Visitors 30d,act_123456789,Vitalis UK,GBP,2024-09-18,4021,143,37.44,0.26,9.31,3.5771,3344,1.2,2024-09-19T00:00:00
MC004,Retargeting - Add to Cart 7d,act_123456789,Vitalis UK,GBP,2024-09-18,3358,130,36.22,0.28,10.79,3.8868,2356,1.43,2024-09-19T00:00:00
MC005,Prospecting - Interest - Wellness,act_123456789,Vitalis UK,GBP,2024-09-18,7865,151,74.97,0.5,9.53,1.9289,6786,1.16,2024-09-19T00:00:00
MC006,DPA - Catalogue Sales,act_123456789,Vitalis UK,GBP,2024-09-18,5199,182,47.3,0.26,9.1,3.5167,4464,1.16,2024-09-19T00:00:00
MC001,Prospecting - Broad - CBD Oils,act_123456789,Vitalis UK,GBP,2024-09-19,7842,140,91.99,0.66,11.73,1.7877,7120,1.1,2024-09-20T00:00:00
MC002,Prospecting - Lookalike - Purchasers,act_123456789,Vitalis UK,GBP,2024-09-19,10280,167,95.19,0.57,9.26,1.6315,7780,1.32,2024-09-20T00:00:00
MC003,Retargeting - Website Visitors 30d,act_123456789,Vitalis UK,GBP,2024-09-19,5832,208,49.41,0.24,8.47,3.5753,5030,1.16,2024-09-20T00:00:00
MC004,Retargeting - Add to Cart 7d,act_123456789,Vitalis UK,GBP,2024-09-19,4515,157,49.66,0.32,11.0,3.4974,4150,1.09,2024-09-20T00:00:00
MC005,Prospecting - Interest - Wellness,act_123456789,Vitalis UK,GBP,2024-09-19,9358,161,102.46,0.64,10.95,1.7285,8201,1.14,2024-09-20T00:00:00
MC006,DPA - Catalogue Sales,act_123456789,Vitalis UK,GBP,2024-09-19,3582,125,44.06,0.35,12.3,3.5047,2962,1.21,2024-09-20T00:00:00
MC001,Prospecting - Broad - CBD Oils,act_123456789,Vitalis UK,GBP,2024-09-20,9910,166,97.04,0.58,9.79,1.6833,9162,1.08,2024-09-21T00:00:00
MC002,Prospecting - Lookalike - Purchasers,act_123456789,Vitalis UK,GBP,2024-09-20,7679,124,80.75,0.65,10.52,1.6215,5493,1.4,2024-09-21T00:00:00
MC003,Retargeting - Website Visitors 30d,act_123456789,Vitalis UK,GBP,2024-09-20,4492,150,51.25,0.34,11.41,3.3573,3496,1.28,2024-09-21T00:00:00
MC004,Retargeting - Add to Cart 7d,act_123456789,Vitalis UK,GBP,2024-09-20,4055,153,41.81,0.27,10.31,3.797,3778,1.07,2024-09-21T00:00:00
MC005,Prospecting - Interest - Wellness,act_123456789,Vitalis UK,GBP,2024-09-20,6478,130,79.9,0.61,12.33,2.0123,5494,1.18,2024-09-21T00:00:00
MC006,DPA - Catalogue Sales,act_123456789,Vitalis UK,GBP,2024-09-20,4951,163,45.15,0.28,9.12,3.304,4539,1.09,2024-09-21T00:00:00
MC001,Prospecting - Broad - CBD Oils,act_123456789,Vitalis UK,GBP,2024-09-21,7097,115,77.22,0.67,10.88,1.6208,5585,1.27,2024-09-22T00:00:00
MC002,Prospecting - Lookalike - Purchasers,act_123456789,Vitalis UK,GBP,2024-09-21,7154,127,79.67,0.63,11.14,1.781,5034,1.42,2024-09-22T00:00:00
MC003,Retargeting - Website Visitors 30d,act_123456789,Vitalis UK,GBP,2024-09-21,4676,139,39.71,0.29,8.49,2.9927,4248,1.1,2024-09-22T00:00:00
MC004,Retargeting - Add to Cart 7d,act_123456789,Vitalis UK,GBP,2024-09-21,5078,194,47.8,0.25,9.41,3.8393,3870,1.31,2024-09-22T00:00:00
MC005,Prospecting - Interest - Wellness,act_123456789,Vitalis UK,GBP,2024-09-21,9070,163,93.17,0.57,10.27,1.8021,6992,1.3,2024-09-22T00:00:00
MC006,DPA - Catalogue Sales,act_123456789,Vitalis UK,GBP,2024-09-21,4457,163,45.11,0.28,10.12,3.6646,3960,1.13,2024-09-22T00:00:00
MC001,Prospecting - Broad - CBD Oils,act_123456789,Vitalis UK,GBP,2024-09-22,7824,149,76.76,0.52,9.81,1.9081,6500,1.2,2024-09-23T00:00:00
MC002,Prospecting - Lookalike - Purchasers,act_123456789,Vitalis UK,GBP,2024-09-22,11211,223,94.34,0.42,8.41,1.9944,10207,1.1,2024-09-23T00:00:00
MC003,Retargeting - Website Visitors 30d,act_123456789,Vitalis UK,GBP,2024-09-22,3697,141,39.3,0.28,10.63,3.8369,2801,1.32,2024-09-23T00:00:00
MC004,Retargeting - Add to Cart 7d,act_123456789,Vitalis UK,GBP,2024-09-22,5122,155,46.72,0.3,9.12,3.03,4679,1.09,2024-09-23T00:00:00
MC005,Prospecting - Interest - Wellness,act_123456789,Vitalis UK,GBP,2024-09-22,7064,113,88.2,0.78,12.49,1.601,5937,1.19,2024-09-23T00:00:00
MC006,DPA - Catalogue Sales,act_123456789,Vitalis UK,GBP,2024-09-22,4155,131,39.47,0.3,9.5,3.1655,3565,1.17,2024-09-23T00:00:00
MC001,Prospecting - Broad - CBD Oils,act_123456789,Vitalis UK,GBP,2024-09-23,8904,153,99.13,0.65,11.13,1.7272,6245,1.43,2024-09-24T00:00:00
MC002,Prospecting - Lookalike - Purchasers,act_123456789,Vitalis UK,GBP,2024-09-23,9426,158,89.55,0.57,9.5,1.6845,8714,1.08,2024-09-24T00:00:00
MC003,Retargeting - Website Visitors 30d,act_123456789,Vitalis UK,GBP,2024-09-23,4305,146,52.22,0.36,12.13,3.3932,3414,1.26,2024-09-24T00:00:00
MC004,Retargeting - Add to Cart 7d,act_123456789,Vitalis UK,GBP,2024-09-23,4491,171,41.66,0.24,9.28,3.8085,3476,1.29,2024-09-24T00:00:00
MC005,Prospecting - Interest - Wellness,act_123456789,Vitalis UK,GBP,2024-09-23,9315,169,93.38,0.55,10.02,1.8228,7255,1.28,2024-09-24T00:00:00
MC006,DPA - Catalogue Sales,act_123456789,Vitalis UK,GBP,2024-09-23,4708,173,47.83,0.28,10.16,3.6929,3869,1.22,2024-09-24T00:00:00
MC001,Prospecting - Broad - CBD Oils,act_123456789,Vitalis UK,GBP,2024-09-24,8133,128,84.06,0.66,10.34,1.5754,5839,1.39,2024-09-25T00:00:00
MC002,Prospecting - Lookalike - Purchasers,act_123456789,Vitalis UK,GBP,2024-09-24,6378,108,79.72,0.74,12.5,1.7065,5980,1.07,2024-09-25T00:00:00
MC003,Retargeting - Website Visitors 30d,act_123456789,Vitalis UK,GBP,2024-09-24,3910,153,39.11,0.26,10.0,3.9192,3404,1.15,2024-09-25T00:00:00
MC004,Retargeting - Add to Cart 7d,act_123456789,Vitalis UK,GBP,2024-09-24,5202,178,46.21,0.26,8.88,3.4397,4936,1.05,2024-09-25T00:00:00
MC005,Prospecting - Interest - Wellness,act_123456789,Vitalis UK,GBP,2024-09-24,8709,153,77.24,0.5,8.87,1.7682,8218,1.06,2024-09-25T00:00:00
MC006,DPA - Catalogue Sales,act_123456789,Vitalis UK,GBP,2024-09-24,4182,150,40.42,0.27,9.67,3.6095,3780,1.11,2024-09-25T00:00:00
MC001,Prospecting - Broad - CBD Oils,act_123456789,Vitalis UK,GBP,2024-09-25,6905,121,85.3,0.7,12.35,1.7605,6248,1.11,2024-09-26T00:00:00
MC002,Prospecting - Lookalike - Purchasers,act_123456789,Vitalis UK,GBP,2024-09-25,8457,161,93.67,0.58,11.08,1.9132,7820,1.08,2024-09-26T00:00:00
MC003,Retargeting - Website Visitors 30d,act_123456789,Vitalis UK,GBP,2024-09-25,5191,183,50.36,0.28,9.7,3.5294,4572,1.14,2024-09-26T00:00:00
MC004,Retargeting - Add to Cart 7d,act_123456789,Vitalis UK,GBP,2024-09-25,4059,148,40.68,0.27,10.02,3.6632,3668,1.11,2024-09-26T00:00:00
MC005,Prospecting - Interest - Wellness,act_123456789,Vitalis UK,GBP,2024-09-25,8959,140,91.46,0.65,10.21,1.5694,7765,1.15,2024-09-26T00:00:00
MC006,DPA - Catalogue Sales,act_123456789,Vitalis UK,GBP,2024-09-25,4489,145,39.83,0.27,8.87,3.2384,3750,1.2,2024-09-26T00:00:00
MC001,Prospecting - Broad - CBD Oils,act_123456789,Vitalis UK,GBP,2024-09-26,8059,142,86.28,0.61,10.71,1.763,7328,1.1,2024-09-27T00:00:00
MC002,Prospecting - Lookalike - Purchasers,act_123456789,Vitalis UK,GBP,2024-09-26,11175,196,93.22,0.48,8.34,1.7585,8037,1.39,2024-09-27T00:00:00
MC003,Retargeting - Website Visitors 30d,act_123456789,Vitalis UK,GBP,2024-09-26,4386,156,48.32,0.31,11.02,3.5647,3624,1.21,2024-09-27T00:00:00
MC004,Retargeting - Add to Cart 7d,act_123456789,Vitalis UK,GBP,2024-09-26,4541,160,47.0,0.29,10.35,3.5408,4080,1.11,2024-09-27T00:00:00
MC005,Prospecting - Interest - Wellness,act_123456789,Vitalis UK,GBP,2024-09-26,9699,196,89.16,0.45,9.19,2.0267,9023,1.07,2024-09-27T00:00:00
MC006,DPA - Catalogue Sales,act_123456789,Vitalis UK,GBP,2024-09-26,4172,142,38.61,0.27,9.25,3.4038,3439,1.21,2024-09-27T00:00:00
MC001,Prospecting - Broad - CBD Oils,act_123456789,Vitalis UK,GBP,2024-09-27,7034,131,86.76,0.66,12.33,1.8708,5761,1.22,2024-09-28T00:00:00
MC002,Prospecting - Lookalike - Purchasers,act_123456789,Vitalis UK,GBP,2024-09-27,8682,168,80.06,0.48,9.22,1.9418,6741,1.29,2024-09-28T00:00:00
MC003,Retargeting - Website Visitors 30d,act_123456789,Vitalis UK,GBP,2024-09-27,4434,166,50.77,0.31,11.45,3.7647,3488,1.27,2024-09-28T00:00:00
MC004,Retargeting - Add to Cart 7d,act_123456789,Vitalis UK,GBP,2024-09-27,5234,210,48.82,0.23,9.33,4.0164,4575,1.14,2024-09-28T00:00:00
MC005,Prospecting - Interest - Wellness,act_123456789,Vitalis UK,GBP,2024-09-27,6973,123,78.2,0.64,11.21,1.7771,5939,1.17,2024-09-28T00:00:00
MC006,DPA - Catalogue Sales,act_123456789,Vitalis UK,GBP,2024-09-27,4879,155,41.32,0.27,8.47,3.1794,3438,1.42,2024-09-28T00:00:00
MC001,Prospecting - Broad - CBD Oils,act_123456789,Vitalis UK,GBP,2024-09-28,8575,146,82.1,0.56,9.57,1.7054,8016,1.07,2024-09-29T00:00:00
MC002,Prospecting - Lookalike - Purchasers,act_123456789,Vitalis UK,GBP,2024-09-28,10007,193,92.7,0.48,9.26,1.938,8291,1.21,2024-09-29T00:00:00
MC003,Retargeting - Website Visitors 30d,act_123456789,Vitalis UK,GBP,2024-09-28,4677,177,41.92,0.24,8.96,3.7851,3292,1.42,2024-09-29T00:00:00
MC004,Retargeting - Add to Cart 7d,act_123456789,Vitalis UK,GBP,2024-09-28,3728,113,39.95,0.35,10.72,3.0526,3072,1.21,2024-09-29T00:00:00
MC005,Prospecting - Interest - Wellness,act_123456789,Vitalis UK,GBP,2024-09-28,7917,122,79.79,0.65,10.08,1.5442,6540,1.21,2024-09-29T00:00:00
MC006,DPA - Catalogue Sales,act_123456789,Vitalis UK,GBP,2024-09-28,4186,131,38.63,0.29,9.23,3.1529,3216,1.3,2024-09-29T00:00:00
MC001,Prospecting - Broad - CBD Oils,act_123456789,Vitalis UK,GBP,2024-09-29,6432,103,79.48,0.77,12.36,1.6095,5268,1.22,2024-09-30T00:00:00
MC002,Prospecting - Lookalike - Purchasers,act_123456789,Vitalis UK,GBP,2024-09-29,7526,145,90.85,0.63,12.07,1.9299,6123,1.23,2024-09-30T00:00:00
MC003,Retargeting - Website Visitors 30d,act_123456789,Vitalis UK,GBP,2024-09-29,3285,103,39.95,0.39,12.16,3.1441,2978,1.1,2024-09-30T00:00:00
MC004,Retargeting - Add to Cart 7d,act_123456789,Vitalis UK,GBP,2024-09-29,3882,117,41.45,0.35,10.68,3.0281,3189,1.22,2024-09-30T00:00:00
MC005,Prospecting - Interest - Wellness,act_123456789,Vitalis UK,GBP,2024-09-29,7796,124,90.05,0.73,11.55,1.5988,6098,1.28,2024-09-30T00:00:00
MC006,DPA - Catalogue Sales,act_123456789,Vitalis UK,GBP,2024-09-29,4223,144,45.51,0.32,10.78,3.4272,3985,1.06,2024-09-30T00:00:00
MC001,Prospecting - Broad - CBD Oils,act_123456789,Vitalis UK,GBP,2024-09-30,8041,160,96.92,0.61,12.05,1.9908,5858,1.37,2024-10-01T00:00:00
MC002,Prospecting - Lookalike - Purchasers,act_123456789,Vitalis UK,GBP,2024-09-30,7901,151,94.39,0.63,11.95,1.921,6556,1.21,2024-10-01T00:00:00
MC003,Retargeting - Website Visitors 30d,act_123456789,Vitalis UK,GBP,2024-09-30,4096,158,48.65,0.31,11.88,3.8578,3631,1.13,2024-10-01T00:00:00
MC004,Retargeting - Add to Cart 7d,act_123456789,Vitalis UK,GBP,2024-09-30,4038,162,40.77,0.25,10.1,4.0166,3420,1.18,2024-10-01T00:00:00
MC005,Prospecting - Interest - Wellness,act_123456789,Vitalis UK,GBP,2024-09-30,6513,104,72.47,0.7,11.13,1.6114,4736,1.38,2024-10-01T00:00:00
MC006,DPA - Catalogue Sales,act_123456789,Vitalis UK,GBP,2024-09-30,5037,191,42.96,0.22,8.53,3.8008,4497,1.12,2024-10-01T00:00:00
MC001,Prospecting - Broad - CBD Oils,act_123456789,Vitalis UK,GBP,2024-10-01,8982,178,86.93,0.49,9.68,1.9892,7551,1.19,2024-10-02T00:00:00
MC002,Prospecting - Lookalike - Purchasers,act_123456789,Vitalis UK,GBP,2024-10-01,10246,196,101.02,0.52,9.86,1.9164,8533,1.2,2024-10-02T00:00:00
MC003,Retargeting - Website Visitors 30d,act_123456789,Vitalis UK,GBP,2024-10-01,5169,190,50.92,0.27,9.85,3.683,4357,1.19,2024-10-02T00:00:00
MC004,Retargeting - Add to Cart 7d,act_123456789,Vitalis UK,GBP,2024-10-01,4025,138,42.77,0.31,10.63,3.4368,2868,1.4,2024-10-02T00:00:00
MC005,Prospecting - Interest - Wellness,act_123456789,Vitalis UK,GBP,2024-10-01,9408,185,90.86,0.49,9.66,1.9732,8880,1.06,2024-10-02T00:00:00
MC006,DPA - Catalogue Sales,act_123456789,Vitalis UK,GBP,2024-10-01,3543,115,43.34,0.38,12.23,3.2508,3243,1.09,2024-10-02T00:00:00
MC001,Prospecting - Broad - CBD Oils,act_123456789,Vitalis UK,GBP,2024-10-02,9036,165,83.07,0.5,9.19,1.8279,8482,1.07,2024-10-03T00:00:00
MC002,Prospecting - Lookalike - Purchasers,act_123456789,Vitalis UK,GBP,2024-10-02,8994,147,97.35,0.66,10.82,1.6408,6795,1.32,2024-10-03T00:00:00
MC003,Retargeting - Website Visitors 30d,act_123456789,Vitalis UK,GBP,2024-10-02,4592,149,48.72,0.33,10.61,3.254,3424,1.34,2024-10-03T00:00:00
MC004,Retargeting - Add to Cart 7d,act_123456789,Vitalis UK,GBP,2024-10-02,4748,164,47.12,0.29,9.92,3.4729,3823,1.24,2024-10-03T00:00:00
MC005,Prospecting - Interest - Wellness,act_123456789,Vitalis UK,GBP,2024-10-02,7660,150,80.03,0.53,10.45,1.9676,5698,1.34,2024-10-03T00:00:00
MC006,DPA - Catalogue Sales,act_123456789,Vitalis UK,GBP,2024-10-02,4357,162,40.91,0.25,9.39,3.7271,3865,1.13,2024-10-03T00:00:00
MC001,Prospecting - Broad - CBD Oils,act_123456789,Vitalis UK,GBP,2024-10-03,10688,168,96.08,0.57,8.99,1.5748,9587,1.11,2024-10-04T00:00:00
MC002,Prospecting - Lookalike - Purchasers,act_123456789,Vitalis UK,GBP,2024-10-03,7627,146,88.72,0.61,11.63,1.9171,7210,1.06,2024-10-04T00:00:00
MC003,Retargeting - Website Visitors 30d,act_123456789,Vitalis UK,GBP,2024-10-03,4621,139,38.93,0.28,8.42,3.0264,3950,1.17,2024-10-04T00:00:00
MC004,Retargeting - Add to Cart 7d,act_123456789,Vitalis UK,GBP,2024-10-03,3620,110,37.61,0.34,10.39,3.0645,2766,1.31,2024-10-04T00:00:00
MC005,Prospecting - Interest - Wellness,act_123456789,Vitalis UK,GBP,2024-10-03,8865,159,93.45,0.59,10.54,1.8022,8319,1.07,2024-10-04T00:00:00
MC006,DPA - Catalogue Sales,act_123456789,Vitalis UK,GBP,2024-10-03,4757,147,43.83,0.3,9.21,3.0929,4262,1.12,2024-10-04T00:00:00
MC001,Prospecting - Broad - CBD Oils,act_123456789,Vitalis UK,GBP,2024-10-04,7330,139,74.3,0.53,10.14,1.9075,5971,1.23,2024-10-05T00:00:00
MC002,Prospecting - Lookalike - Purchasers,act_123456789,Vitalis UK,GBP,2024-10-04,7990,152,85.48,0.56,10.7,1.908,5866,1.36,2024-10-05T00:00:00
MC003,Retargeting - Website Visitors 30d,act_123456789,Vitalis UK,GBP,2024-10-04,3143,99,39.2,0.4,12.47,3.155,2965,1.06,2024-10-05T00:00:00
MC004,Retargeting - Add to Cart 7d,act_123456789,Vitalis UK,GBP,2024-10-04,4707,169,46.8,0.28,9.94,3.5973,3355,1.4,2024-10-05T00:00:00
MC005,Prospecting - Interest - Wellness,act_123456789,Vitalis UK,GBP,2024-10-04,8862,165,90.46,0.55,10.21,1.8694,7612,1.16,2024-10-05T00:00:00
MC006,DPA - Catalogue Sales,act_123456789,Vitalis UK,GBP,2024-10-04,4984,174,41.81,0.24,8.39,3.5028,3850,1.29,2024-10-05T00:00:00
MC001,Prospecting - Broad - CBD Oils,act_123456789,Vitalis UK,GBP,2024-10-05,8706,174,75.49,0.43,8.67,2.0024,6863,1.27,2024-10-06T00:00:00
MC002,Prospecting - Lookalike - Purchasers,act_123456789,Vitalis UK,GBP,2024-10-05,8009,165,95.45,0.58,11.92,2.0665,6944,1.15,2024-10-06T00:00:00
MC003,Retargeting - Website Visitors 30d,act_123456789,Vitalis UK,GBP,2024-10-05,4179,137,48.31,0.35,11.56,3.2814,3952,1.06,2024-10-06T00:00:00
MC004,Retargeting - Add to Cart 7d,act_123456789,Vitalis UK,GBP,2024-10-05,3934,130,38.41,0.3,9.76,3.3082,3609,1.09,2024-10-06T00:00:00
MC005,Prospecting - Interest - Wellness,act_123456789,Vitalis UK,GBP,2024-10-05,11070,173,93.09,0.54,8.41,1.5666,8374,1.32,2024-10-06T00:00:00
MC006,DPA - Catalogue Sales,act_123456789,Vitalis UK,GBP,2024-10-05,4123,124,47.08,0.38,11.42,3.0113,3626,1.14,2024-10-06T00:00:00
MC001,Prospecting - Broad - CBD Oils,act_123456789,Vitalis UK,GBP,2024-10-06,6496,122,81.01,0.66,12.47,1.8925,5956,1.09,2024-10-07T00:00:00
MC002,Prospecting - Lookalike - Purchasers,act_123456789,Vitalis UK,GBP,2024-10-06,10182,183,95.91,0.52,9.42,1.7993,7739,1.32,2024-10-07T00:00:00
MC003,Retargeting - Website Visitors 30d,act_123456789,Vitalis UK,GBP,2024-10-06,3972,144,47.82,0.33,12.04,3.6408,3630,1.09,2024-10-07T00:00:00
MC004,Retargeting - Add to Cart 7d,act_123456789,Vitalis UK,GBP,2024-10-06,4584,156,43.25,0.28,9.43,3.4226,3266,1.4,2024-10-07T00:00:00
MC005,Prospecting - Interest - Wellness,act_123456789,Vitalis UK,GBP,2024-10-06,7518,152,71.26,0.47,9.48,2.024,6827,1.1,2024-10-07T00:00:00
MC006,DPA - Catalogue Sales,act_123456789,Vitalis UK,GBP,2024-10-06,3351,113,37.1,0.33,11.07,3.3875,2981,1.12,2024-10-07T00:00:00
MC001,Prospecting - Broad - CBD Oils,act_123456789,Vitalis UK,GBP,2024-10-07,7377,149,88.07,0.59,11.94,2.0247,5173,1.43,2024-10-08T00:00:00
MC002,Prospecting - Lookalike - Purchasers,act_123456789,Vitalis UK,GBP,2024-10-07,8009,124,85.57,0.69,10.68,1.5584,5951,1.35,2024-10-08T00:00:00
MC003,Retargeting - Website Visitors 30d,act_123456789,Vitalis UK,GBP,2024-10-07,3179,127,36.23,0.29,11.4,4.02,2969,1.07,2024-10-08T00:00:00
MC004,Retargeting - Add to Cart 7d,act_123456789,Vitalis UK,GBP,2024-10-07,4955,155,44.94,0.29,9.07,3.1453,4427,1.12,2024-10-08T00:00:00
MC005,Prospecting - Interest - Wellness,act_123456789,Vitalis UK,GBP,2024-10-07,7090,115,74.17,0.64,10.46,1.6351,4977,1.42,2024-10-08T00:00:00
MC006,DPA - Catalogue Sales,act_123456789,Vitalis UK,GBP,2024-10-07,4544,141,41.83,0.3,9.21,3.1034,3346,1.36,2024-10-08T00:00:00
MC001,Prospecting - Broad - CBD Oils,act_123456789,Vitalis UK,GBP,2024-10-08,6984,113,80.65,0.71,11.55,1.6267,5989,1.17,2024-10-09T00:00:00
MC002,Prospecting - Lookalike - Purchasers,act_123456789,Vitalis UK,GBP,2024-10-08,7548,146,71.14,0.49,9.43,1.9389,5875,1.28,2024-10-09T00:00:00
MC003,Retargeting - Website Visitors 30d,act_123456789,Vitalis UK,GBP,2024-10-08,3942,130,38.0,0.29,9.64,3.3144,3599,1.1,2024-10-09T00:00:00
MC004,Retargeting - Add to Cart 7d,act_123456789,Vitalis UK,GBP,2024-10-08,3531,122,41.53,0.34,11.76,3.4708,2932,1.2,2024-10-09T00:00:00
MC005,Prospecting - Interest - Wellness,act_123456789,Vitalis UK,GBP,2024-10-08,8307,136,76.27,0.56,9.18,1.6481,7348,1.13,2024-10-09T00:00:00
MC006,DPA - Catalogue Sales,act_123456789,Vitalis UK,GBP,2024-10-08,3841,148,44.15,0.3,11.49,3.8537,2762,1.39,2024-10-09T00:00:00
MC001,Prospecting - Broad - CBD Oils,act_123456789,Vitalis UK,GBP,2024-10-09,8208,128,93.89,0.73,11.44,1.5702,6893,1.19,2024-10-10T00:00:00
MC002,Prospecting - Lookalike - Purchasers,act_123456789,Vitalis UK,GBP,2024-10-09,8792,167,81.69,0.49,9.29,1.9099,7088,1.24,2024-10-10T00:00:00
MC003,Retargeting - Website Visitors 30d,act_123456789,Vitalis UK,GBP,2024-10-09,5348,187,50.24,0.27,9.39,3.5076,4564,1.17,2024-10-10T00:00:00
MC004,Retargeting - Add to Cart 7d,act_123456789,Vitalis UK,GBP,2024-10-09,5032,163,48.56,0.3,9.65,3.258,4290,1.17,2024-10-10T00:00:00
MC005,Prospecting - Interest - Wellness,act_123456789,Vitalis UK,GBP,2024-10-09,9766,162,95.07,0.59,9.73,1.6637,9059,1.08,2024-10-10T00:00:00
MC006,DPA - Catalogue Sales,act_123456789,Vitalis UK,GBP,2024-10-09,5366,177,48.98,0.28,9.13,3.317,4913,1.09,2024-10-10T00:00:00
MC001,Prospecting - Broad - CBD Oils,act_123456789,Vitalis UK,GBP,2024-10-10,8785,148,98.32,0.66,11.19,1.6862,8152,1.08,2024-10-11T00:00:00
MC002,Prospecting - Lookalike - Purchasers,act_123456789,Vitalis UK,GBP,2024-10-10,9446,162,79.7,0.49,8.44,1.7154,7851,1.2,2024-10-11T00:00:00
MC003,Retargeting - Website Visitors 30d,act_123456789,Vitalis UK,GBP,2024-10-10,5795,203,50.47,0.25,8.71,3.5102,4632,1.25,2024-10-11T00:00:00
MC004,Retargeting - Add to Cart 7d,act_123456789,Vitalis UK,GBP,2024-10-10,4441,167,50.28,0.3,11.32,3.7736,3293,1.35,2024-10-11T00:00:00
MC005,Prospecting - Interest - Wellness,act_123456789,Vitalis UK,GBP,2024-10-10,10715,212,90.98,0.43,8.49,1.9874,9550,1.12,2024-10-11T00:00:00
MC006,DPA - Catalogue Sales,act_123456789,Vitalis UK,GBP,2024-10-10,4351,151,40.81,0.27,9.38,3.4746,3638,1.2,2024-10-11T00:00:00
MC001,Prospecting - Broad - CBD Oils,act_123456789,Vitalis UK,GBP,2024-10-11,7847,154,75.01,0.49,9.56,1.9678,6269,1.25,2024-10-12T00:00:00
MC002,Prospecting - Lookalike - Purchasers,act_123456789,Vitalis UK,GBP,2024-10-11,8304,154,80.15,0.52,9.65,1.8662,6761,1.23,2024-10-12T00:00:00
MC003,Retargeting - Website Visitors 30d,act_123456789,Vitalis UK,GBP,2024-10-11,3993,158,39.68,0.25,9.94,3.972,3014,1.32,2024-10-12T00:00:00
MC004,Retargeting - Add to Cart 7d,act_123456789,Vitalis UK,GBP,2024-10-11,3476,131,41.75,0.32,12.01,3.78,3035,1.15,2024-10-12T00:00:00
MC005,Prospecting - Interest - Wellness,act_123456789,Vitalis UK,GBP,2024-10-11,7231,120,90.34,0.75,12.49,1.6693,6866,1.05,2024-10-12T00:00:00
MC006,DPA - Catalogue Sales,act_123456789,Vitalis UK,GBP,2024-10-11,3308,104,36.97,0.36,11.18,3.1517,3127,1.06,2024-10-12T00:00:00
MC001,Prospecting - Broad - CBD Oils,act_123456789,Vitalis UK,GBP,2024-10-12,8611,172,77.65,0.45,9.02,1.9989,7960,1.08,2024-10-13T00:00:00
MC002,Prospecting - Lookalike - Purchasers,act_123456789,Vitalis UK,GBP,2024-10-12,9015,170,91.73,0.54,10.18,1.888,7059,1.28,2024-10-13T00:00:00
MC003,Retargeting - Website Visitors 30d,act_123456789,Vitalis UK,GBP,2024-10-12,3574,136,34.38,0.25,9.62,3.8152,3209,1.11,2024-10-13T00:00:00
MC004,Retargeting - Add to Cart 7d,act_123456789,Vitalis UK,GBP,2024-10-12,4151,144,41.79,0.29,10.07,3.4697,3718,1.12,2024-10-13T00:00:00
MC005,Prospecting - Interest - Wellness,act_123456789,Vitalis UK,GBP,2024-10-12,8052,146,90.19,0.62,11.2,1.8197,5972,1.35,2024-10-13T00:00:00
MC006,DPA - Catalogue Sales,act_123456789,Vitalis UK,GBP,2024-10-12,3950,148,41.02,0.28,10.38,3.7502,3396,1.16,2024-10-13T00:00:00
MC001,Prospecting - Broad - CBD Oils,act_123456789,Vitalis UK,GBP,2024-10-13,6783,105,68.79,0.66,10.14,1.5575,6077,1.12,2024-10-14T00:00:00
MC002,Prospecting - Lookalike - Purchasers,act_123456789,Vitalis UK,GBP,2024-10-13,9003,144,81.96,0.57,9.1,1.6015,7154,1.26,2024-10-14T00:00:00
MC003,Retargeting - Website Visitors 30d,act_123456789,Vitalis UK,GBP,2024-10-13,5367,181,45.84,0.25,8.54,3.3849,4915,1.09,2024-10-14T00:00:00
MC004,Retargeting - Add to Cart 7d,act_123456789,Vitalis UK,GBP,2024-10-13,4826,147,45.66,0.31,9.46,3.0467,4128,1.17,2024-10-14T00:00:00
MC005,Prospecting - Interest - Wellness,act_123456789,Vitalis UK,GBP,2024-10-13,6592,129,79.17,0.61,12.01,1.9662,5493,1.2,2024-10-14T00:00:00
MC006,DPA - Catalogue Sales,act_123456789,Vitalis UK,GBP,2024-10-13,4258,127,45.82,0.36,10.76,3.0059,3434,1.24,2024-10-14T00:00:00
MC001,Prospecting - Broad - CBD Oils,act_123456789,Vitalis UK,GBP,2024-10-14,9544,160,86.06,0.54,9.02,1.6835,8199,1.16,2024-10-15T00:00:00
MC002,Prospecting - Lookalike - Purchasers,act_123456789,Vitalis UK,GBP,2024-10-14,10179,166,85.25,0.51,8.38,1.6351,7781,1.31,2024-10-15T00:00:00
MC003,Retargeting - Website Visitors 30d,act_123456789,Vitalis UK,GBP,2024-10-14,4293,132,50.59,0.38,11.78,3.0771,3282,1.31,2024-10-15T00:00:00
MC004,Retargeting - Add to Cart 7d,act_123456789,Vitalis UK,GBP,2024-10-14,4554,158,47.98,0.3,10.54,3.4846,3808,1.2,2024-10-15T00:00:00
MC005,Prospecting - Interest - Wellness,act_123456789,Vitalis UK,GBP,2024-10-14,6784,132,78.45,0.59,11.56,1.9472,6064,1.12,2024-10-15T00:00:00
MC006,DPA - Catalogue Sales,act_123456789,Vitalis UK,GBP,2024-10-14,4662,185,39.75,0.21,8.53,3.9722,3503,1.33,2024-10-15T00:00:00
MC001,Prospecting - Broad - CBD Oils,act_123456789,Vitalis UK,GBP,2024-10-15,8353,168,81.02,0.48,9.7,2.016,6577,1.27,2024-10-16T00:00:00
MC002,Prospecting - Lookalike - Purchasers,act_123456789,Vitalis UK,GBP,2024-10-15,8368,144,77.41,0.54,9.25,1.7225,7550,1.11,2024-10-16T00:00:00
MC003,Retargeting - Website Visitors 30d,act_123456789,Vitalis UK,GBP,2024-10-15,3109,105,36.08,0.34,11.61,3.3855,2695,1.15,2024-10-16T00:00:00
MC004,Retargeting - Add to Cart 7d,act_123456789,Vitalis UK,GBP,2024-10-15,3709,148,37.22,0.25,10.04,3.9935,3491,1.06,2024-10-16T00:00:00
MC005,Prospecting - Interest - Wellness,act_123456789,Vitalis UK,GBP,2024-10-15,7381,126,72.76,0.58,9.86,1.7131,5441,1.36,2024-10-16T00:00:00
MC006,DPA - Catalogue Sales,act_123456789,Vitalis UK,GBP,2024-10-15,4426,137,41.2,0.3,9.31,3.1079,3286,1.35,2024-10-16T00:00:00
MC001,Prospecting - Broad - CBD Oils,act_123456789,Vitalis UK,GBP,2024-10-16,8831,171,78.83,0.46,8.93,1.9456,7260,1.22,2024-10-17T00:00:00
MC002,Prospecting - Lookalike - Purchasers,act_123456789,Vitalis UK,GBP,2024-10-16,6617,112,76.94,0.69,11.63,1.6975,6059,1.09,2024-10-17T00:00:00
MC003,Retargeting - Website Visitors 30d,act_123456789,Vitalis UK,GBP,2024-10-16,3752,121,35.7,0.3,9.51,3.2414,3306,1.13,2024-10-17T00:00:00
MC004,Retargeting - Add to Cart 7d,act_123456789,Vitalis UK,GBP,2024-10-16,4698,145,45.52,0.31,9.69,3.0959,4300,1.09,2024-10-17T00:00:00
MC005,Prospecting - Interest - Wellness,act_123456789,Vitalis UK,GBP,2024-10-16,9665,149,87.24,0.59,9.03,1.5486,7946,1.22,2024-10-17T00:00:00
MC006,DPA - Catalogue Sales,act_123456789,Vitalis UK,GBP,2024-10-16,3385,103,39.27,0.38,11.6,3.0709,3170,1.07,2024-10-17T00:00:00
MC001,Prospecting - Broad - CBD Oils,act_123456789,Vitalis UK,GBP,2024-10-17,8210,142,74.69,0.53,9.1,1.7412,5897,1.39,2024-10-18T00:00:00
MC002,Prospecting - Lookalike - Purchasers,act_123456789,Vitalis UK,GBP,2024-10-17,7830,139,74.48,0.54,9.51,1.7813,6978,1.12,2024-10-18T00:00:00
MC003,Retargeting - Website Visitors 30d,act_123456789,Vitalis UK,GBP,2024-10-17,4235,158,40.06,0.25,9.46,3.7508,3538,1.2,2024-10-18T00:00:00
MC004,Retargeting - Add to Cart 7d,act_123456789,Vitalis UK,GBP,2024-10-17,5223,199,45.69,0.23,8.75,3.8159,3777,1.38,2024-10-18T00:00:00
MC005,Prospecting - Interest - Wellness,act_123456789,Vitalis UK,GBP,2024-10-17,6998,115,83.34,0.72,11.91,1.6484,6267,1.12,2024-10-18T00:00:00
MC006,DPA - Catalogue Sales,act_123456789,Vitalis UK,GBP,2024-10-17,3506,139,38.65,0.28,11.02,3.97,2530,1.39,2024-10-18T00:00:00
MC001,Prospecting - Broad - CBD Oils,act_123456789,Vitalis UK,GBP,2024-10-18,8655,140,96.57,0.69,11.16,1.6232,7473,1.16,2024-10-19T00:00:00
MC002,Prospecting - Lookalike - Purchasers,act_123456789,Vitalis UK,GBP,2024-10-18,7169,120,89.4,0.74,12.47,1.6809,6455,1.11,2024-10-19T00:00:00
MC003,Retargeting - Website Visitors 30d,act_123456789,Vitalis UK,GBP,2024-10-18,5477,184,48.72,0.26,8.9,3.3675,4993,1.1,2024-10-19T00:00:00
MC004,Retargeting - Add to Cart 7d,act_123456789,Vitalis UK,GBP,2024-10-18,5095,174,51.45,0.3,10.1,3.4245,4652,1.1,2024-10-19T00:00:00
MC005,Prospecting - Interest - Wellness,act_123456789,Vitalis UK,GBP,2024-10-18,8683,137,81.96,0.6,9.44,1.5837,6558,1.32,2024-10-19T00:00:00
MC006,DPA - Catalogue Sales,act_123456789,Vitalis UK,GBP,2024-10-18,4869,186,46.33,0.25,9.52,3.8283,4254,1.14,2024-10-19T00:00:00
MC001,Prospecting - Broad - CBD Oils,act_123456789,Vitalis UK,GBP,2024-10-19,9328,171,86.68,0.51,9.29,1.8412,7694,1.21,2024-10-20T00:00:00
MC002,Prospecting - Lookalike - Purchasers,act_123456789,Vitalis UK,GBP,2024-10-19,7581,137,82.7,0.6,10.91,1.8158,6659,1.14,2024-10-20T00:00:00
MC003,Retargeting - Website Visitors 30d,act_123456789,Vitalis UK,GBP,2024-10-19,4532,139,40.95,0.29,9.04,3.068,3804,1.19,2024-10-20T00:00:00
MC004,Retargeting - Add to Cart 7d,act_123456789,Vitalis UK,GBP,2024-10-19,4307,156,40.14,0.26,9.32,3.6236,3489,1.23,2024-10-20T00:00:00
MC005,Prospecting - Interest - Wellness,act_123456789,Vitalis UK,GBP,2024-10-19,6833,110,75.3,0.68,11.02,1.6189,5684,1.2,2024-10-20T00:00:00
MC006,DPA - Catalogue Sales,act_123456789,Vitalis UK,GBP,2024-10-19,4317,167,47.15,0.28,10.92,3.8909,3241,1.33,2024-10-20T00:00:00
MC001,Prospecting - Broad - CBD Oils,act_123456789,Vitalis UK,GBP,2024-10-20,11473,227,102.33,0.45,8.92,1.9788,10376,1.11,2024-10-21T00:00:00
MC002,Prospecting - Lookalike - Purchasers,act_123456789,Vitalis UK,GBP,2024-10-20,9102,162,97.74,0.6,10.74,1.7882,8089,1.13,2024-10-21T00:00:00
MC003,Retargeting - Website Visitors 30d,act_123456789,Vitalis UK,GBP,2024-10-20,5896,208,50.21,0.24,8.52,3.544,4286,1.38,2024-10-21T00:00:00
MC004,Retargeting - Add to Cart 7d,act_123456789,Vitalis UK,GBP,2024-10-20,3130,116,38.47,0.33,12.29,3.7072,2285,1.37,2024-10-21T00:00:00
MC005,Prospecting - Interest - Wellness,act_123456789,Vitalis UK,GBP,2024-10-20,10431,159,94.0,0.59,9.01,1.5326,8707,1.2,2024-10-21T00:00:00
MC006,DPA - Catalogue Sales,act_123456789,Vitalis UK,GBP,2024-10-20,5267,170,48.95,0.29,9.29,3.23,3810,1.38,2024-10-21T00:00:00
MC001,Prospecting - Broad - CBD Oils,act_123456789,Vitalis UK,GBP,2024-10-21,8511,168,85.17,0.51,10.01,1.9831,6662,1.28,2024-10-22T00:00:00
MC002,Prospecting - Lookalike - Purchasers,act_123456789,Vitalis UK,GBP,2024-10-21,6605,121,77.32,0.64,11.71,1.843,4920,1.34,2024-10-22T00:00:00
MC003,Retargeting - Website Visitors 30d,act_123456789,Vitalis UK,GBP,2024-10-21,4199,140,43.12,0.31,10.27,3.3474,3956,1.06,2024-10-22T00:00:00
MC004,Retargeting - Add to Cart 7d,act_123456789,Vitalis UK,GBP,2024-10-21,3660,132,44.84,0.34,12.25,3.6154,3125,1.17,2024-10-22T00:00:00
MC005,Prospecting - Interest - Wellness,act_123456789,Vitalis UK,GBP,2024-10-21,6543,114,72.2,0.63,11.03,1.7511,4925,1.33,2024-10-22T00:00:00
MC006,DPA - Catalogue Sales,act_123456789,Vitalis UK,GBP,2024-10-21,4178,140,38.25,0.27,9.16,3.3748,3442,1.21,2024-10-22T00:00:00
MC001,Prospecting - Broad - CBD Oils,act_123456789,Vitalis UK,GBP,2024-10-22,10270,176,92.88,0.53,9.04,1.7201,8113,1.27,2024-10-23T00:00:00
MC002,Prospecting - Lookalike - Purchasers,act_123456789,Vitalis UK,GBP,2024-10-22,12281,251,103.17,0.41,8.4,2.044,9180,1.34,2024-10-23T00:00:00
MC003,Retargeting - Website Visitors 30d,act_123456789,Vitalis UK,GBP,2024-10-22,4831,170,46.05,0.27,9.53,3.5309,4205,1.15,2024-10-23T00:00:00
MC004,Retargeting - Add to Cart 7d,act_123456789,Vitalis UK,GBP,2024-10-22,3975,136,43.01,0.32,10.82,3.433,3046,1.3,2024-10-23T00:00:00
MC005,Prospecting - Interest - Wellness,act_123456789,Vitalis UK,GBP,2024-10-22,8324,143,90.75,0.63,10.9,1.7217,7862,1.06,2024-10-23T00:00:00
MC006,DPA - Catalogue Sales,act_123456789,Vitalis UK,GBP,2024-10-22,6215,229,52.08,0.23,8.38,3.6916,5595,1.11,2024-10-23T00:00:00
MC001,Prospecting - Broad - CBD Oils,act_123456789,Vitalis UK,GBP,2024-10-23,9409,175,85.37,0.49,9.07,1.8702,6860,1.37,2024-10-24T00:00:00
MC002,Prospecting - Lookalike - Purchasers,act_123456789,Vitalis UK,GBP,2024-10-23,8434,155,72.62,0.47,8.61,1.8469,7550,1.12,2024-10-24T00:00:00
MC003,Retargeting - Website Visitors 30d,act_123456789,Vitalis UK,GBP,2024-10-23,4270,132,44.26,0.34,10.37,3.0981,3180,1.34,2024-10-24T00:00:00
MC004,Retargeting - Add to Cart 7d,act_123456789,Vitalis UK,GBP,2024-10-23,4113,148,43.5,0.29,10.58,3.6223,3596,1.14,2024-10-24T00:00:00
MC005,Prospecting - Interest - Wellness,act_123456789,Vitalis UK,GBP,2024-10-23,9168,181,92.48,0.51,10.09,1.9845,7826,1.17,2024-10-24T00:00:00
MC006,DPA - Catalogue Sales,act_123456789,Vitalis UK,GBP,2024-10-23,4753,147,41.0,0.28,8.63,3.1122,4433,1.07,2024-10-24T00:00:00
MC001,Prospecting - Broad - CBD Oils,act_123456789,Vitalis UK,GBP,2024-10-24,8889,183,92.32,0.5,10.39,2.0642,8389,1.06,2024-10-25T00:00:00
MC002,Prospecting - Lookalike - Purchasers,act_123456789,Vitalis UK,GBP,2024-10-24,10963,197,97.82,0.5,8.92,1.7982,9932,1.1,2024-10-25T00:00:00
MC003,Retargeting - Website Visitors 30d,act_123456789,Vitalis UK,GBP,2024-10-24,4298,155,39.06,0.25,9.09,3.6169,3794,1.13,2024-10-25T00:00:00
MC004,Retargeting - Add to Cart 7d,act_123456789,Vitalis UK,GBP,2024-10-24,3250,109,39.59,0.36,12.18,3.3668,2288,1.42,2024-10-25T00:00:00
MC005,Prospecting - Interest - Wellness,act_123456789,Vitalis UK,GBP,2024-10-24,7623,131,90.72,0.69,11.9,1.7264,6929,1.1,2024-10-25T00:00:00
MC006,DPA - Catalogue Sales,act_123456789,Vitalis UK,GBP,2024-10-24,4281,143,38.23,0.27,8.93,3.3581,3743,1.14,2024-10-25T00:00:00
MC001,Prospecting - Broad - CBD Oils,act_123456789,Vitalis UK,GBP,2024-10-25,8016,129,90.97,0.71,11.35,1.6215,7035,1.14,2024-10-26T00:00:00
MC002,Prospecting - Lookalike - Purchasers,act_123456789,Vitalis UK,GBP,2024-10-25,7728,132,88.6,0.67,11.46,1.7156,7282,1.06,2024-10-26T00:00:00
MC003,Retargeting - Website Visitors 30d,act_123456789,Vitalis UK,GBP,2024-10-25,3430,113,39.14,0.35,11.41,3.3011,3228,1.06,2024-10-26T00:00:00
MC004,Retargeting - Add to Cart 7d,act_123456789,Vitalis UK,GBP,2024-10-25,3263,121,35.03,0.29,10.74,3.7312,2306,1.42,2024-10-26T00:00:00
MC005,Prospecting - Interest - Wellness,act_123456789,Vitalis UK,GBP,2024-10-25,7021,115,81.65,0.71,11.63,1.6396,5519,1.27,2024-10-26T00:00:00
MC006,DPA - Catalogue Sales,act_123456789,Vitalis UK,GBP,2024-10-25,4882,165,46.56,0.28,9.54,3.3881,3564,1.37,2024-10-26T00:00:00
MC001,Prospecting - Broad - CBD Oils,act_123456789,Vitalis UK,GBP,2024-10-26,7688,135,74.89,0.55,9.74,1.7676,7269,1.06,2024-10-27T00:00:00
MC002,Prospecting - Lookalike - Purchasers,act_123456789,Vitalis UK,GBP,2024-10-26,8881,149,81.62,0.55,9.19,1.6881,8176,1.09,2024-10-27T00:00:00
MC003,Retargeting - Website Visitors 30d,act_123456789,Vitalis UK,GBP,2024-10-26,4405,132,40.99,0.31,9.31,3.0045,3246,1.36,2024-10-27T00:00:00
MC004,Retargeting - Add to Cart 7d,act_123456789,Vitalis UK,GBP,2024-10-26,4469,176,47.27,0.27,10.58,3.9392,4159,1.07,2024-10-27T00:00:00
MC005,Prospecting - Interest - Wellness,act_123456789,Vitalis UK,GBP,2024-10-26,10894,212,93.97,0.44,8.63,1.9499,7784,1.4,2024-10-27T00:00:00
MC006,DPA - Catalogue Sales,act_123456789,Vitalis UK,GBP,2024-10-26,3895,134,39.28,0.29,10.08,3.4445,3005,1.3,2024-10-27T00:00:00
MC001,Prospecting - Broad - CBD Oils,act_123456789,Vitalis UK,GBP,2024-10-27,6210,98,76.96,0.79,12.39,1.5844,5488,1.13,2024-10-28T00:00:00
MC002,Prospecting - Lookalike - Purchasers,act_123456789,Vitalis UK,GBP,2024-10-27,6927,118,80.86,0.69,11.67,1.7129,5696,1.22,2024-10-28T00:00:00
MC003,Retargeting - Website Visitors 30d,act_123456789,Vitalis UK,GBP,2024-10-27,5052,163,50.22,0.31,9.94,3.2276,4734,1.07,2024-10-28T00:00:00
MC004,Retargeting - Add to Cart 7d,act_123456789,Vitalis UK,GBP,2024-10-27,6012,196,50.72,0.26,8.44,3.2734,5480,1.1,2024-10-28T00:00:00
MC005,Prospecting - Interest - Wellness,act_123456789,Vitalis UK,GBP,2024-10-27,10674,167,90.44,0.54,8.47,1.5696,8929,1.2,2024-10-28T00:00:00
MC006,DPA - Catalogue Sales,act_123456789,Vitalis UK,GBP,2024-10-27,4514,178,51.76,0.29,11.47,3.9553,3304,1.37,2024-10-28T00:00:00
MC001,Prospecting - Broad - CBD Oils,act_123456789,Vitalis UK,GBP,2024-10-28,7492,154,86.83,0.56,11.59,2.0674,5304,1.41,2024-10-29T00:00:00
MC002,Prospecting - Lookalike - Purchasers,act_123456789,Vitalis UK,GBP,2024-10-28,7651,157,81.79,0.52,10.69,2.0569,6011,1.27,2024-10-29T00:00:00
MC003,Retargeting - Website Visitors 30d,act_123456789,Vitalis UK,GBP,2024-10-28,5006,178,45.87,0.26,9.16,3.5737,4434,1.13,2024-10-29T00:00:00
MC004,Retargeting - Add to Cart 7d,act_123456789,Vitalis UK,GBP,2024-10-28,3969,138,38.52,0.28,9.71,3.4913,3192,1.24,2024-10-29T00:00:00
MC005,Prospecting - Interest - Wellness,act_123456789,Vitalis UK,GBP,2024-10-28,9523,152,82.25,0.54,8.64,1.6054,8778,1.08,2024-10-29T00:00:00
MC006,DPA - Catalogue Sales,act_123456789,Vitalis UK,GBP,2024-10-28,4849,192,46.83,0.24,9.66,3.966,3409,1.42,2024-10-29T00:00:00
MC001,Prospecting - Broad - CBD Oils,act_123456789,Vitalis UK,GBP,2024-10-29,7741,154,86.56,0.56,11.18,1.9932,6815,1.14,2024-10-30T00:00:00
MC002,Prospecting - Lookalike - Purchasers,act_123456789,Vitalis UK,GBP,2024-10-29,7264,121,70.7,0.58,9.73,1.6764,5106,1.42,2024-10-30T00:00:00
MC003,Retargeting - Website Visitors 30d,act_123456789,Vitalis UK,GBP,2024-10-29,3615,140,40.21,0.29,11.12,3.8804,2822,1.28,2024-10-30T00:00:00
MC004,Retargeting - Add to Cart 7d,act_123456789,Vitalis UK,GBP,2024-10-29,3768,134,44.77,0.33,11.88,3.5676,3260,1.16,2024-10-30T00:00:00
MC005,Prospecting - Interest - Wellness,act_123456789,Vitalis UK,GBP,2024-10-29,7302,147,89.04,0.61,12.19,2.0182,5800,1.26,2024-10-30T00:00:00
MC006,DPA - Catalogue Sales,act_123456789,Vitalis UK,GBP,2024-10-29,4530,162,39.77,0.25,8.78,3.5818,3719,1.22,2024-10-30T00:00:00
MC001,Prospecting - Broad - CBD Oils,act_123456789,Vitalis UK,GBP,2024-10-30,9555,146,95.25,0.65,9.97,1.5368,8062,1.19,2024-10-31T00:00:00
MC002,Prospecting - Lookalike - Purchasers,act_123456789,Vitalis UK,GBP,2024-10-30,8428,145,89.2,0.62,10.58,1.7224,6077,1.39,2024-10-31T00:00:00
MC003,Retargeting - Website Visitors 30d,act_123456789,Vitalis UK,GBP,2024-10-30,4534,142,40.58,0.29,8.95,3.1452,3795,1.19,2024-10-31T00:00:00
MC004,Retargeting - Add to Cart 7d,act_123456789,Vitalis UK,GBP,2024-10-30,5520,191,47.15,0.25,8.54,3.4704,4424,1.25,2024-10-31T00:00:00
MC005,Prospecting - Interest - Wellness,act_123456789,Vitalis UK,GBP,2024-10-30,7256,139,73.07,0.53,10.07,1.928,5803,1.25,2024-10-31T00:00:00
MC006,DPA - Catalogue Sales,act_123456789,Vitalis UK,GBP,2024-10-30,4906,165,45.1,0.27,9.19,3.3732,4593,1.07,2024-10-31T00:00:00
MC001,Prospecting - Broad - CBD Oils,act_123456789,Vitalis UK,GBP,2024-10-31,8479,159,74.82,0.47,8.82,1.8822,6252,1.36,2024-11-01T00:00:00
MC002,Prospecting - Lookalike - Purchasers,act_123456789,Vitalis UK,GBP,2024-10-31,8550,138,89.07,0.65,10.42,1.6236,7633,1.12,2024-11-01T00:00:00
MC003,Retargeting - Website Visitors 30d,act_123456789,Vitalis UK,GBP,2024-10-31,3777,123,41.5,0.34,10.99,3.2693,3233,1.17,2024-11-01T00:00:00
MC004,Retargeting - Add to Cart 7d,act_123456789,Vitalis UK,GBP,2024-10-31,3957,131,40.95,0.31,10.35,3.3347,2854,1.39,2024-11-01T00:00:00
MC005,Prospecting - Interest - Wellness,act_123456789,Vitalis UK,GBP,2024-10-31,7817,135,96.36,0.71,12.33,1.7354,6685,1.17,2024-11-01T00:00:00
MC006,DPA - Catalogue Sales,act_123456789,Vitalis UK,GBP,2024-10-31,4679,177,40.4,0.23,8.63,3.801,3314,1.41,2024-11-01T00:00:00
MC001,Prospecting - Broad - CBD Oils,act_123456789,Vitalis UK,GBP,2024-11-01,7472,152,88.47,0.58,11.84,2.0343,6752,1.11,2024-11-02T00:00:00
MC002,Prospecting - Lookalike - Purchasers,act_123456789,Vitalis UK,GBP,2024-11-01,5849,117,72.56,0.62,12.41,2.0142,4435,1.32,2024-11-02T00:00:00
MC003,Retargeting - Website Visitors 30d,act_123456789,Vitalis UK,GBP,2024-11-01,3801,135,37.38,0.28,9.83,3.553,3357,1.13,2024-11-02T00:00:00
MC004,Retargeting - Add to Cart 7d,act_123456789,Vitalis UK,GBP,2024-11-01,4278,148,38.54,0.26,9.01,3.472,3813,1.12,2024-11-02T00:00:00
MC005,Prospecting - Interest - Wellness,act_123456789,Vitalis UK,GBP,2024-11-01,9969,183,89.25,0.49,8.95,1.8363,7524,1.32,2024-11-02T00:00:00
MC006,DPA - Catalogue Sales,act_123456789,Vitalis UK,GBP,2024-11-01,3369,116,36.19,0.31,10.74,3.4652,2488,1.35,2024-11-02T00:00:00
MC001,Prospecting - Broad - CBD Oils,act_123456789,Vitalis UK,GBP,2024-11-02,8091,148,79.97,0.54,9.88,1.839,6738,1.2,2024-11-03T00:00:00
MC002,Prospecting - Lookalike - Purchasers,act_123456789,Vitalis UK,GBP,2024-11-02,7561,144,87.72,0.61,11.6,1.9062,6887,1.1,2024-11-03T00:00:00
MC003,Retargeting - Website Visitors 30d,act_123456789,Vitalis UK,GBP,2024-11-02,3796,141,39.28,0.28,10.35,3.7298,3239,1.17,2024-11-03T00:00:00
MC004,Retargeting - Add to Cart 7d,act_123456789,Vitalis UK,GBP,2024-11-02,4862,164,44.31,0.27,9.11,3.3849,3737,1.3,2024-11-03T00:00:00
MC005,Prospecting - Interest - Wellness,act_123456789,Vitalis UK,GBP,2024-11-02,9923,188,90.03,0.48,9.07,1.8964,7202,1.38,2024-11-03T00:00:00
MC006,DPA - Catalogue Sales,act_123456789,Vitalis UK,GBP,2024-11-02,3607,142,41.31,0.29,11.45,3.9595,2628,1.37,2024-11-03T00:00:00
MC001,Prospecting - Broad - CBD Oils,act_123456789,Vitalis UK,GBP,2024-11-03,6688,135,76.05,0.56,11.37,2.0306,5168,1.29,2024-11-04T00:00:00
MC002,Prospecting - Lookalike - Purchasers,act_123456789,Vitalis UK,GBP,2024-11-03,8927,175,76.36,0.44,8.55,1.9669,6460,1.38,2024-11-04T00:00:00
MC003,Retargeting - Website Visitors 30d,act_123456789,Vitalis UK,GBP,2024-11-03,3949,142,38.8,0.27,9.83,3.6069,2975,1.33,2024-11-04T00:00:00
MC004,Retargeting - Add to Cart 7d,act_123456789,Vitalis UK,GBP,2024-11-03,3222,125,34.66,0.28,10.76,3.886,2787,1.16,2024-11-04T00:00:00
MC005,Prospecting - Interest - Wellness,act_123456789,Vitalis UK,GBP,2024-11-03,9195,164,86.63,0.53,9.42,1.784,7342,1.25,2024-11-04T00:00:00
MC006,DPA - Catalogue Sales,act_123456789,Vitalis UK,GBP,2024-11-03,3878,127,43.02,0.34,11.09,3.2931,3184,1.22,2024-11-04T00:00:00
MC001,Prospecting - Broad - CBD Oils,act_123456789,Vitalis UK,GBP,2024-11-04,9395,173,82.16,0.47,8.75,1.8506,6596,1.42,2024-11-05T00:00:00
MC002,Prospecting - Lookalike - Purchasers,act_123456789,Vitalis UK,GBP,2024-11-04,6987,128,74.83,0.58,10.71,1.8432,6455,1.08,2024-11-05T00:00:00
MC003,Retargeting - Website Visitors 30d,act_123456789,Vitalis UK,GBP,2024-11-04,5165,171,45.16,0.26,8.74,3.3301,4189,1.23,2024-11-05T00:00:00
MC004,Retargeting - Add to Cart 7d,act_123456789,Vitalis UK,GBP,2024-11-04,3847,152,38.03,0.25,9.89,3.9614,3296,1.17,2024-11-05T00:00:00
MC005,Prospecting - Interest - Wellness,act_123456789,Vitalis UK,GBP,2024-11-04,7243,116,89.98,0.78,12.42,1.6044,6450,1.12,2024-11-05T00:00:00
MC006,DPA - Catalogue Sales,act_123456789,Vitalis UK,GBP,2024-11-04,4841,156,44.63,0.29,9.22,3.2353,4302,1.13,2024-11-05T00:00:00
MC001,Prospecting - Broad - CBD Oils,act_123456789,Vitalis UK,GBP,2024-11-05,8258,152,86.39,0.57,10.46,1.8517,6975,1.18,2024-11-06T00:00:00
MC002,Prospecting - Lookalike - Purchasers,act_123456789,Vitalis UK,GBP,2024-11-05,7096,118,71.03,0.6,10.01,1.6712,5552,1.28,2024-11-06T00:00:00
MC003,Retargeting - Website Visitors 30d,act_123456789,Vitalis UK,GBP,2024-11-05,5082,189,45.73,0.24,9.0,3.737,4687,1.08,2024-11-06T00:00:00
MC004,Retargeting - Add to Cart 7d,act_123456789,Vitalis UK,GBP,2024-11-05,4049,149,36.12,0.24,8.92,3.6942,3400,1.19,2024-11-06T00:00:00
MC005,Prospecting - Interest - Wellness,act_123456789,Vitalis UK,GBP,2024-11-05,6755,122,73.01,0.6,10.81,1.8097,4934,1.37,2024-11-06T00:00:00
MC006,DPA - Catalogue Sales,act_123456789,Vitalis UK,GBP,2024-11-05,3865,118,36.86,0.31,9.54,3.0623,3461,1.12,2024-11-06T00:00:00
MC001,Prospecting - Broad - CBD Oils,act_123456789,Vitalis UK,GBP,2024-11-06,8909,160,83.41,0.52,9.36,1.8071,8211,1.09,2024-11-07T00:00:00
MC002,Prospecting - Lookalike - Purchasers,act_123456789,Vitalis UK,GBP,2024-11-06,7339,149,80.82,0.54,11.01,2.0307,5270,1.39,2024-11-07T00:00:00
MC003,Retargeting - Website Visitors 30d,act_123456789,Vitalis UK,GBP,2024-11-06,3344,124,41.15,0.33,12.31,3.7372,2421,1.38,2024-11-07T00:00:00
MC004,Retargeting - Add to Cart 7d,act_123456789,Vitalis UK,GBP,2024-11-06,3061,96,36.78,0.38,12.02,3.1489,2870,1.07,2024-11-07T00:00:00
MC005,Prospecting - Interest - Wellness,act_123456789,Vitalis UK,GBP,2024-11-06,9405,153,79.56,0.52,8.46,1.6321,7910,1.19,2024-11-07T00:00:00
MC006,DPA - Catalogue Sales,act_123456789,Vitalis UK,GBP,2024-11-06,2974,118,35.1,0.3,11.8,3.9727,2615,1.14,2024-11-07T00:00:00
MC001,Prospecting - Broad - CBD Oils,act_123456789,Vitalis UK,GBP,2024-11-07,8081,161,71.87,0.45,8.89,2.0004,5989,1.35,2024-11-08T00:00:00
MC002,Prospecting - Lookalike - Purchasers,act_123456789,Vitalis UK,GBP,2024-11-07,6498,121,70.64,0.58,10.87,1.8646,6123,1.06,2024-11-08T00:00:00
MC003,Retargeting - Website Visitors 30d,act_123456789,Vitalis UK,GBP,2024-11-07,3161,107,39.31,0.37,12.44,3.3994,2508,1.26,2024-11-08T00:00:00
MC004,Retargeting - Add to Cart 7d,act_123456789,Vitalis UK,GBP,2024-11-07,3750,135,42.94,0.32,11.45,3.6226,3378,1.11,2024-11-08T00:00:00
MC005,Prospecting - Interest - Wellness,act_123456789,Vitalis UK,GBP,2024-11-07,9431,193,78.95,0.41,8.37,2.0558,8951,1.05,2024-11-08T00:00:00
MC006,DPA - Catalogue Sales,act_123456789,Vitalis UK,GBP,2024-11-07,4803,190,43.63,0.23,9.08,3.9584,3381,1.42,2024-11-08T00:00:00
MC001,Prospecting - Broad - CBD Oils,act_123456789,Vitalis UK,GBP,2024-11-08,6632,112,73.29,0.65,11.05,1.6982,6008,1.1,2024-11-09T00:00:00
MC002,Prospecting - Lookalike - Purchasers,act_123456789,Vitalis UK,GBP,2024-11-08,8793,147,80.05,0.54,9.1,1.6722,7805,1.13,2024-11-09T00:00:00
MC003,Retargeting - Website Visitors 30d,act_123456789,Vitalis UK,GBP,2024-11-08,3818,151,40.17,0.27,10.52,3.9676,3136,1.22,2024-11-09T00:00:00
MC004,Retargeting - Add to Cart 7d,act_123456789,Vitalis UK,GBP,2024-11-08,4348,156,40.53,0.26,9.32,3.6035,3138,1.39,2024-11-09T00:00:00
MC005,Prospecting - Interest - Wellness,act_123456789,Vitalis UK,GBP,2024-11-08,6812,120,79.35,0.66,11.65,1.7642,5146,1.32,2024-11-09T00:00:00
MC006,DPA - Catalogue Sales,act_123456789,Vitalis UK,GBP,2024-11-08,3603,142,35.26,0.25,9.79,3.9629,3022,1.19,2024-11-09T00:00:00
MC001,Prospecting - Broad - CBD Oils,act_123456789,Vitalis UK,GBP,2024-11-09,8072,146,76.16,0.52,9.44,1.8097,7070,1.14,2024-11-10T00:00:00
MC002,Prospecting - Lookalike - Purchasers,act_123456789,Vitalis UK,GBP,2024-11-09,7647,133,90.87,0.68,11.88,1.7513,6258,1.22,2024-11-10T00:00:00
MC003,Retargeting - Website Visitors 30d,act_123456789,Vitalis UK,GBP,2024-11-09,4366,141,42.39,0.3,9.71,3.2355,3805,1.15,2024-11-10T00:00:00
MC004,Retargeting - Add to Cart 7d,act_123456789,Vitalis UK,GBP,2024-11-09,3901,156,41.77,0.27,10.71,4.0207,3035,1.29,2024-11-10T00:00:00
MC005,Prospecting - Interest - Wellness,act_123456789,Vitalis UK,GBP,2024-11-09,10068,183,86.98,0.48,8.64,1.8272,8715,1.16,2024-11-10T00:00:00
MC006,DPA - Catalogue Sales,act_123456789,Vitalis UK,GBP,2024-11-09,3187,114,34.72,0.3,10.89,3.5794,2833,1.12,2024-11-10T00:00:00
MC001,Prospecting - Broad - CBD Oils,act_123456789,Vitalis UK,GBP,2024-11-10,8767,151,85.02,0.56,9.7,1.7239,6852,1.28,2024-11-11T00:00:00
MC002,Prospecting - Lookalike - Purchasers,act_123456789,Vitalis UK,GBP,2024-11-10,7825,150,68.51,0.46,8.76,1.926,6302,1.24,2024-11-11T00:00:00
MC003,Retargeting - Website Visitors 30d,act_123456789,Vitalis UK,GBP,2024-11-10,4016,158,43.48,0.28,10.83,3.951,2875,1.4,2024-11-11T00:00:00
MC004,Retargeting - Add to Cart 7d,act_123456789,Vitalis UK,GBP,2024-11-10,4716,187,40.49,0.22,8.59,3.9789,3841,1.23,2024-11-11T00:00:00
MC005,Prospecting - Interest - Wellness,act_123456789,Vitalis UK,GBP,2024-11-10,6411,122,68.7,0.56,10.72,1.904,5507,1.16,2024-11-11T00:00:00
MC006,DPA - Catalogue Sales,act_123456789,Vitalis UK,GBP,2024-11-10,3007,92,37.13,0.4,12.35,3.0737,2700,1.11,2024-11-11T00:00:00
MC001,Prospecting - Broad - CBD Oils,act_123456789,Vitalis UK,GBP,2024-11-11,9566,149,84.7,0.57,8.85,1.5661,8022,1.19,2024-11-12T00:00:00
MC002,Prospecting - Lookalike - Purchasers,act_123456789,Vitalis UK,GBP,2024-11-11,6313,127,68.56,0.54,10.86,2.0202,5426,1.16,2024-11-12T00:00:00
MC003,Retargeting - Website Visitors 30d,act_123456789,Vitalis UK,GBP,2024-11-11,4013,153,45.82,0.3,11.42,3.8246,3719,1.08,2024-11-12T00:00:00
MC004,Retargeting - Add to Cart 7d,act_123456789,Vitalis UK,GBP,2024-11-11,3751,131,39.61,0.3,10.56,3.5021,3106,1.21,2024-11-12T00:00:00
MC005,Prospecting - Interest - Wellness,act_123456789,Vitalis UK,GBP,2024-11-11,8516,167,80.1,0.48,9.41,1.9687,6450,1.32,2024-11-12T00:00:00
MC006,DPA - Catalogue Sales,act_123456789,Vitalis UK,GBP,2024-11-11,4052,154,45.82,0.3,11.31,3.824,3351,1.21,2024-11-12T00:00:00
MC001,Prospecting - Broad - CBD Oils,act_123456789,Vitalis UK,GBP,2024-11-12,9968,190,86.72,0.46,8.7,1.9129,7603,1.31,2024-11-13T00:00:00
MC002,Prospecting - Lookalike - Purchasers,act_123456789,Vitalis UK,GBP,2024-11-12,8346,169,71.68,0.42,8.59,2.0368,7070,1.18,2024-11-13T00:00:00
MC003,Retargeting - Website Visitors 30d,act_123456789,Vitalis UK,GBP,2024-11-12,3488,129,35.06,0.27,10.05,3.7237,2632,1.33,2024-11-13T00:00:00
MC004,Retargeting - Add to Cart 7d,act_123456789,Vitalis UK,GBP,2024-11-12,4397,145,44.08,0.3,10.03,3.3145,4071,1.08,2024-11-13T00:00:00
MC005,Prospecting - Interest - Wellness,act_123456789,Vitalis UK,GBP,2024-11-12,10115,162,85.43,0.53,8.45,1.6105,9198,1.1,2024-11-13T00:00:00
MC006,DPA - Catalogue Sales,act_123456789,Vitalis UK,GBP,2024-11-12,3676,131,45.62,0.35,12.41,3.5745,3265,1.13,2024-11-13T00:00:00
MC001,Prospecting - Broad - CBD Oils,act_123456789,Vitalis UK,GBP,2024-11-13,8222,144,68.96,0.48,8.39,1.762,6494,1.27,2024-11-14T00:00:00
MC002,Prospecting - Lookalike - Purchasers,act_123456789,Vitalis UK,GBP,2024-11-13,7018,130,68.78,0.53,9.8,1.865,5144,1.36,2024-11-14T00:00:00
MC003,Retargeting - Website Visitors 30d,act_123456789,Vitalis UK,GBP,2024-11-13,3754,120,45.79,0.38,12.2,3.2019,2767,1.36,2024-11-14T00:00:00
MC004,Retargeting - Add to Cart 7d,act_123456789,Vitalis UK,GBP,2024-11-13,4187,137,42.92,0.31,10.25,3.275,3367,1.24,2024-11-14T00:00:00
MC005,Prospecting - Interest - Wellness,act_123456789,Vitalis UK,GBP,2024-11-13,8185,134,91.96,0.69,11.24,1.6408,6161,1.33,2024-11-14T00:00:00
MC006,DPA - Catalogue Sales,act_123456789,Vitalis UK,GBP,2024-11-13,2873,108,35.12,0.33,12.22,3.77,2125,1.35,2024-11-14T00:00:00
MC001,Prospecting - Broad - CBD Oils,act_123456789,Vitalis UK,GBP,2024-11-14,7904,152,74.21,0.49,9.39,1.9322,7038,1.12,2024-11-15T00:00:00
MC002,Prospecting - Lookalike - Purchasers,act_123456789,Vitalis UK,GBP,2024-11-14,6147,126,70.36,0.56,11.45,2.0555,5538,1.11,2024-11-15T00:00:00
MC003,Retargeting - Website Visitors 30d,act_123456789,Vitalis UK,GBP,2024-11-14,4574,153,39.16,0.26,8.56,3.3469,3359,1.36,2024-11-15T00:00:00
MC004,Retargeting - Add to Cart 7d,act_123456789,Vitalis UK,GBP,2024-11-14,4049,134,34.58,0.26,8.54,3.3188,3604,1.12,2024-11-15T00:00:00
MC005,Prospecting - Interest - Wellness,act_123456789,Vitalis UK,GBP,2024-11-14,8409,170,72.2,0.42,8.59,2.0265,6424,1.31,2024-11-15T00:00:00
MC006,DPA - Catalogue Sales,act_123456789,Vitalis UK,GBP,2024-11-14,3969,126,35.7,0.28,8.99,3.1832,3477,1.14,2024-11-15T00:00:00
MC001,Prospecting - Broad - CBD Oils,act_123456789,Vitalis UK,GBP,2024-11-15,10544,172,121.08,0.7,11.48,1.6365,8131,1.3,2024-11-16T00:00:00
MC002,Prospecting - Lookalike - Purchasers,act_123456789,Vitalis UK,GBP,2024-11-15,13427,234,115.68,0.49,8.62,1.7437,10212,1.31,2024-11-16T00:00:00
MC003,Retargeting - Website Visitors 30d,act_123456789,Vitalis UK,GBP,2024-11-15,5213,189,56.67,0.3,10.87,3.6353,4906,1.06,2024-11-16T00:00:00
MC004,Retargeting - Add to Cart 7d,act_123456789,Vitalis UK,GBP,2024-11-15,6101,200,55.89,0.28,9.16,3.2937,4730,1.29,2024-11-16T00:00:00
MC005,Prospecting - Interest - Wellness,act_123456789,Vitalis UK,GBP,2024-11-15,12989,256,124.11,0.48,9.56,1.9765,11699,1.11,2024-11-16T00:00:00
MC006,DPA - Catalogue Sales,act_123456789,Vitalis UK,GBP,2024-11-15,6797,261,63.42,0.24,9.33,3.8429,6387,1.06,2024-11-16T00:00:00
MC001,Prospecting - Broad - CBD Oils,act_123456789,Vitalis UK,GBP,2024-11-16,12599,225,137.16,0.61,10.89,1.7884,9203,1.37,2024-11-17T00:00:00
MC002,Prospecting - Lookalike - Purchasers,act_123456789,Vitalis UK,GBP,2024-11-16,12683,235,139.97,0.6,11.04,1.8535,9095,1.39,2024-11-17T00:00:00
MC003,Retargeting - Website Visitors 30d,act_123456789,Vitalis UK,GBP,2024-11-16,5808,226,66.26,0.29,11.41,3.8986,4351,1.33,2024-11-17T00:00:00
MC004,Retargeting - Add to Cart 7d,act_123456789,Vitalis UK,GBP,2024-11-16,6579,247,58.4,0.24,8.88,3.7602,5025,1.31,2024-11-17T00:00:00
MC005,Prospecting - Interest - Wellness,act_123456789,Vitalis UK,GBP,2024-11-16,14864,242,129.89,0.54,8.74,1.6322,11385,1.31,2024-11-17T00:00:00
MC006,DPA - Catalogue Sales,act_123456789,Vitalis UK,GBP,2024-11-16,7401,281,65.85,0.23,8.9,3.7993,6149,1.2,2024-11-17T00:00:00
MC001,Prospecting - Broad - CBD Oils,act_123456789,Vitalis UK,GBP,2024-11-17,12195,193,140.32,0.73,11.51,1.5846,9180,1.33,2024-11-18T00:00:00
MC002,Prospecting - Lookalike - Purchasers,act_123456789,Vitalis UK,GBP,2024-11-17,11215,221,137.82,0.62,12.29,1.9754,10506,1.07,2024-11-18T00:00:00
MC003,Retargeting - Website Visitors 30d,act_123456789,Vitalis UK,GBP,2024-11-17,5998,198,67.77,0.34,11.3,3.3116,4307,1.39,2024-11-18T00:00:00
MC004,Retargeting - Add to Cart 7d,act_123456789,Vitalis UK,GBP,2024-11-17,6154,235,70.19,0.3,11.41,3.8206,5151,1.19,2024-11-18T00:00:00
MC005,Prospecting - Interest - Wellness,act_123456789,Vitalis UK,GBP,2024-11-17,15221,270,141.15,0.52,9.27,1.7763,12529,1.21,2024-11-18T00:00:00
MC006,DPA - Catalogue Sales,act_123456789,Vitalis UK,GBP,2024-11-17,5131,204,62.45,0.31,12.17,3.979,4677,1.1,2024-11-18T00:00:00
MC001,Prospecting - Broad - CBD Oils,act_123456789,Vitalis UK,GBP,2024-11-18,11224,201,113.39,0.56,10.1,1.7981,8547,1.31,2024-11-19T00:00:00
MC002,Prospecting - Lookalike - Purchasers,act_123456789,Vitalis UK,GBP,2024-11-18,13626,221,123.32,0.56,9.05,1.6237,9883,1.38,2024-11-19T00:00:00
MC003,Retargeting - Website Visitors 30d,act_123456789,Vitalis UK,GBP,2024-11-18,4703,168,49.36,0.29,10.5,3.5806,3883,1.21,2024-11-19T00:00:00
MC004,Retargeting - Add to Cart 7d,act_123456789,Vitalis UK,GBP,2024-11-18,6363,225,54.11,0.24,8.5,3.5381,5189,1.23,2024-11-19T00:00:00
MC005,Prospecting - Interest - Wellness,act_123456789,Vitalis UK,GBP,2024-11-18,13024,218,123.36,0.57,9.47,1.6794,9118,1.43,2024-11-19T00:00:00
MC006,DPA - Catalogue Sales,act_123456789,Vitalis UK,GBP,2024-11-18,5533,197,54.24,0.28,9.8,3.5777,4359,1.27,2024-11-19T00:00:00
MC001,Prospecting - Broad - CBD Oils,act_123456789,Vitalis UK,GBP,2024-11-19,9857,181,119.23,0.66,12.1,1.8381,8325,1.18,2024-11-20T00:00:00
MC002,Prospecting - Lookalike - Purchasers,act_123456789,Vitalis UK,GBP,2024-11-19,10129,166,103.32,0.62,10.2,1.6459,8681,1.17,2024-11-20T00:00:00
MC003,Retargeting - Website Visitors 30d,act_123456789,Vitalis UK,GBP,2024-11-19,4669,150,52.17,0.35,11.17,3.2252,4251,1.1,2024-11-20T00:00:00
MC004,Retargeting - Add to Cart 7d,act_123456789,Vitalis UK,GBP,2024-11-19,6253,246,54.54,0.22,8.72,3.943,4498,1.39,2024-11-20T00:00:00
MC005,Prospecting - Interest - Wellness,act_123456789,Vitalis UK,GBP,2024-11-19,8824,161,94.59,0.59,10.72,1.8281,8339,1.06,2024-11-20T00:00:00
MC006,DPA - Catalogue Sales,act_123456789,Vitalis UK,GBP,2024-11-19,6358,207,53.62,0.26,8.43,3.2644,5870,1.08,2024-11-20T00:00:00
MC001,Prospecting - Broad - CBD Oils,act_123456789,Vitalis UK,GBP,2024-11-20,12508,245,105.77,0.43,8.46,1.9596,9071,1.38,2024-11-21T00:00:00
MC002,Prospecting - Lookalike - Purchasers,act_123456789,Vitalis UK,GBP,2024-11-20,12640,214,120.49,0.56,9.53,1.6975,9961,1.27,2024-11-21T00:00:00
MC003,Retargeting - Website Visitors 30d,act_123456789,Vitalis UK,GBP,2024-11-20,5332,163,52.26,0.32,9.8,3.059,3799,1.4,2024-11-21T00:00:00
MC004,Retargeting - Add to Cart 7d,act_123456789,Vitalis UK,GBP,2024-11-20,7025,265,61.92,0.23,8.81,3.7782,5534,1.27,2024-11-21T00:00:00
MC005,Prospecting - Interest - Wellness,act_123456789,Vitalis UK,GBP,2024-11-20,11393,189,111.45,0.59,9.78,1.6649,10374,1.1,2024-11-21T00:00:00
MC006,DPA - Catalogue Sales,act_123456789,Vitalis UK,GBP,2024-11-20,6541,209,55.3,0.26,8.45,3.2044,5212,1.25,2024-11-21T00:00:00
MC001,Prospecting - Broad - CBD Oils,act_123456789,Vitalis UK,GBP,2024-11-21,9776,179,109.83,0.61,11.23,1.8374,7727,1.27,2024-11-22T00:00:00
MC002,Prospecting - Lookalike - Purchasers,act_123456789,Vitalis UK,GBP,2024-11-21,12351,189,113.07,0.6,9.15,1.5335,9869,1.25,2024-11-22T00:00:00
MC003,Retargeting - Website Visitors 30d,act_123456789,Vitalis UK,GBP,2024-11-21,6847,222,58.12,0.26,8.49,3.2532,6418,1.07,2024-11-22T00:00:00
MC004,Retargeting - Add to Cart 7d,act_123456789,Vitalis UK,GBP,2024-11-21,6195,209,62.08,0.3,10.02,3.3751,5813,1.07,2024-11-22T00:00:00
MC005,Prospecting - Interest - Wellness,act_123456789,Vitalis UK,GBP,2024-11-21,14845,296,130.39,0.44,8.78,1.9977,13417,1.11,2024-11-22T00:00:00
MC006,DPA - Catalogue Sales,act_123456789,Vitalis UK,GBP,2024-11-21,5735,176,58.27,0.33,10.16,3.0691,4674,1.23,2024-11-22T00:00:00
MC001,Prospecting - Broad - CBD Oils,act_123456789,Vitalis UK,GBP,2024-11-22,10485,172,121.87,0.71,11.62,1.6445,7736,1.36,2024-11-23T00:00:00
MC002,Prospecting - Lookalike - Purchasers,act_123456789,Vitalis UK,GBP,2024-11-22,12756,205,133.42,0.65,10.46,1.6094,9836,1.3,2024-11-23T00:00:00
MC003,Retargeting - Website Visitors 30d,act_123456789,Vitalis UK,GBP,2024-11-22,5948,217,51.57,0.24,8.67,3.6643,4792,1.24,2024-11-23T00:00:00
MC004,Retargeting - Add to Cart 7d,act_123456789,Vitalis UK,GBP,2024-11-22,7047,261,63.42,0.24,9.0,3.714,6671,1.06,2024-11-23T00:00:00
MC005,Prospecting - Interest - Wellness,act_123456789,Vitalis UK,GBP,2024-11-22,12125,215,126.92,0.59,10.47,1.7811,9906,1.22,2024-11-23T00:00:00
MC006,DPA - Catalogue Sales,act_123456789,Vitalis UK,GBP,2024-11-22,6282,210,58.12,0.28,9.25,3.3458,5815,1.08,2024-11-23T00:00:00
MC001,Prospecting - Broad - CBD Oils,act_123456789,Vitalis UK,GBP,2024-11-23,8690,175,89.98,0.51,10.35,2.0191,8218,1.06,2024-11-24T00:00:00
MC002,Prospecting - Lookalike - Purchasers,act_123456789,Vitalis UK,GBP,2024-11-23,9397,173,93.76,0.54,9.98,1.8454,8742,1.07,2024-11-24T00:00:00
MC003,Retargeting - Website Visitors 30d,act_123456789,Vitalis UK,GBP,2024-11-23,5128,165,48.48,0.29,9.45,3.2208,4609,1.11,2024-11-24T00:00:00
MC004,Retargeting - Add to Cart 7d,act_123456789,Vitalis UK,GBP,2024-11-23,5970,238,51.03,0.21,8.55,3.9868,5612,1.06,2024-11-24T00:00:00
MC005,Prospecting - Interest - Wellness,act_123456789,Vitalis UK,GBP,2024-11-23,9278,177,93.23,0.53,10.05,1.9141,6950,1.33,2024-11-24T00:00:00
MC006,DPA - Catalogue Sales,act_123456789,Vitalis UK,GBP,2024-11-23,6009,239,51.29,0.21,8.54,3.9931,4341,1.38,2024-11-24T00:00:00
MC001,Prospecting - Broad - CBD Oils,act_123456789,Vitalis UK,GBP,2024-11-24,11182,220,123.87,0.56,11.08,1.9705,9290,1.2,2024-11-25T00:00:00
MC002,Prospecting - Lookalike - Purchasers,act_123456789,Vitalis UK,GBP,2024-11-24,12548,228,119.26,0.52,9.5,1.8184,9483,1.32,2024-11-25T00:00:00
MC003,Retargeting - Website Visitors 30d,act_123456789,Vitalis UK,GBP,2024-11-24,5052,189,62.99,0.33,12.47,3.7599,4040,1.25,2024-11-25T00:00:00
MC004,Retargeting - Add to Cart 7d,act_123456789,Vitalis UK,GBP,2024-11-24,5611,211,62.22,0.29,11.09,3.763,4582,1.22,2024-11-25T00:00:00
MC005,Prospecting - Interest - Wellness,act_123456789,Vitalis UK,GBP,2024-11-24,10241,185,110.42,0.6,10.78,1.8107,7253,1.41,2024-11-25T00:00:00
MC006,DPA - Catalogue Sales,act_123456789,Vitalis UK,GBP,2024-11-24,6079,202,51.55,0.26,8.48,3.3364,4940,1.23,2024-11-25T00:00:00
MC001,Prospecting - Broad - CBD Oils,act_123456789,Vitalis UK,GBP,2024-11-25,20620,324,206.85,0.64,10.03,1.5718,17141,1.2,2024-11-26T00:00:00
MC002,Prospecting - Lookalike - Purchasers,act_123456789,Vitalis UK,GBP,2024-11-25,22509,436,192.44,0.44,8.55,1.9408,16733,1.35,2024-11-26T00:00:00
MC003,Retargeting - Website Visitors 30d,act_123456789,Vitalis UK,GBP,2024-11-25,10517,388,94.13,0.24,8.95,3.6895,9819,1.07,2024-11-26T00:00:00
MC004,Retargeting - Add to Cart 7d,act_123456789,Vitalis UK,GBP,2024-11-25,11535,419,108.43,0.26,9.4,3.6384,8962,1.29,2024-11-26T00:00:00
MC005,Prospecting - Interest - Wellness,act_123456789,Vitalis UK,GBP,2024-11-25,24150,485,205.42,0.42,8.51,2.0121,18719,1.29,2024-11-26T00:00:00
MC006,DPA - Catalogue Sales,act_123456789,Vitalis UK,GBP,2024-11-25,10433,316,121.82,0.39,11.68,3.0301,9238,1.13,2024-11-26T00:00:00
MC001,Prospecting - Broad - CBD Oils,act_123456789,Vitalis UK,GBP,2024-11-26,21872,409,219.65,0.54,10.04,1.8708,19685,1.11,2024-11-27T00:00:00
MC002,Prospecting - Lookalike - Purchasers,act_123456789,Vitalis UK,GBP,2024-11-26,20403,338,231.64,0.69,11.35,1.6591,18377,1.11,2024-11-27T00:00:00
MC003,Retargeting - Website Visitors 30d,act_123456789,Vitalis UK,GBP,2024-11-26,11210,369,114.31,0.31,10.2,3.2989,8909,1.26,2024-11-27T00:00:00
MC004,Retargeting - Add to Cart 7d,act_123456789,Vitalis UK,GBP,2024-11-26,9058,291,111.5,0.38,12.31,3.2207,7144,1.27,2024-11-27T00:00:00
MC005,Prospecting - Interest - Wellness,act_123456789,Vitalis UK,GBP,2024-11-26,18396,371,225.41,0.61,12.25,2.0214,13696,1.34,2024-11-27T00:00:00
MC006,DPA - Catalogue Sales,act_123456789,Vitalis UK,GBP,2024-11-26,10616,357,102.13,0.29,9.62,3.3667,9536,1.11,2024-11-27T00:00:00
MC001,Prospecting - Broad - CBD Oils,act_123456789,Vitalis UK,GBP,2024-11-27,19400,379,189.56,0.5,9.77,1.9542,15657,1.24,2024-11-28T00:00:00
MC002,Prospecting - Lookalike - Purchasers,act_123456789,Vitalis UK,GBP,2024-11-27,16200,301,153.33,0.51,9.46,1.8592,11719,1.38,2024-11-28T00:00:00
MC003,Retargeting - Website Visitors 30d,act_123456789,Vitalis UK,GBP,2024-11-27,11493,426,96.25,0.23,8.37,3.708,10621,1.08,2024-11-28T00:00:00
MC004,Retargeting - Add to Cart 7d,act_123456789,Vitalis UK,GBP,2024-11-27,9114,281,79.01,0.28,8.67,3.0909,8316,1.1,2024-11-28T00:00:00
MC005,Prospecting - Interest - Wellness,act_123456789,Vitalis UK,GBP,2024-11-27,18455,294,185.04,0.63,10.03,1.598,15056,1.23,2024-11-28T00:00:00
MC006,DPA - Catalogue Sales,act_123456789,Vitalis UK,GBP,2024-11-27,10221,354,91.21,0.26,8.92,3.4678,9425,1.08,2024-11-28T00:00:00
MC001,Prospecting - Broad - CBD Oils,act_123456789,Vitalis UK,GBP,2024-11-28,19914,370,225.34,0.61,11.32,1.8593,16087,1.24,2024-11-29T00:00:00
MC002,Prospecting - Lookalike - Purchasers,act_123456789,Vitalis UK,GBP,2024-11-28,21056,398,186.07,0.47,8.84,1.8911,18230,1.16,2024-11-29T00:00:00
MC003,Retargeting - Website Visitors 30d,act_123456789,Vitalis UK,GBP,2024-11-28,9433,324,86.87,0.27,9.21,3.4372,7442,1.27,2024-11-29T00:00:00
MC004,Retargeting - Add to Cart 7d,act_123456789,Vitalis UK,GBP,2024-11-28,8039,274,85.92,0.31,10.69,3.4121,6238,1.29,2024-11-29T00:00:00
MC005,Prospecting - Interest - Wellness,act_123456789,Vitalis UK,GBP,2024-11-28,19003,320,197.61,0.62,10.4,1.6842,15789,1.2,2024-11-29T00:00:00
MC006,DPA - Catalogue Sales,act_123456789,Vitalis UK,GBP,2024-11-28,11161,364,96.09,0.26,8.61,3.2645,8890,1.26,2024-11-29T00:00:00
MC001,Prospecting - Broad - CBD Oils,act_123456789,Vitalis UK,GBP,2024-11-29,20579,363,228.32,0.63,11.09,1.7649,18667,1.1,2024-11-30T00:00:00
MC002,Prospecting - Lookalike - Purchasers,act_123456789,Vitalis UK,GBP,2024-11-29,22178,416,201.4,0.48,9.08,1.8797,17691,1.25,2024-11-30T00:00:00
MC003,Retargeting - Website Visitors 30d,act_123456789,Vitalis UK,GBP,2024-11-29,15101,461,127.33,0.28,8.43,3.0562,10823,1.4,2024-11-30T00:00:00
MC004,Retargeting - Add to Cart 7d,act_123456789,Vitalis UK,GBP,2024-11-29,11468,423,112.84,0.27,9.84,3.6899,8875,1.29,2024-11-30T00:00:00
MC005,Prospecting - Interest - Wellness,act_123456789,Vitalis UK,GBP,2024-11-29,19455,396,229.1,0.58,11.78,2.0383,16063,1.21,2024-11-30T00:00:00
MC006,DPA - Catalogue Sales,act_123456789,Vitalis UK,GBP,2024-11-29,11737,457,114.79,0.25,9.78,3.8997,10403,1.13,2024-11-30T00:00:00
MC001,Prospecting - Broad - CBD Oils,act_123456789,Vitalis UK,GBP,2024-11-30,29545,580,249.56,0.43,8.45,1.9635,25584,1.15,2024-12-01T00:00:00
MC002,Prospecting - Lookalike - Purchasers,act_123456789,Vitalis UK,GBP,2024-11-30,26577,533,237.09,0.44,8.92,2.008,22903,1.16,2024-12-01T00:00:00
MC003,Retargeting - Website Visitors 30d,act_123456789,Vitalis UK,GBP,2024-11-30,10901,341,99.65,0.29,9.14,3.1347,8889,1.23,2024-12-01T00:00:00
MC004,Retargeting - Add to Cart 7d,act_123456789,Vitalis UK,GBP,2024-11-30,10903,390,99.46,0.26,9.12,3.5838,8215,1.33,2024-12-01T00:00:00
MC005,Prospecting - Interest - Wellness,act_123456789,Vitalis UK,GBP,2024-11-30,21087,389,205.95,0.53,9.77,1.8457,19383,1.09,2024-12-01T00:00:00
MC006,DPA - Catalogue Sales,act_123456789,Vitalis UK,GBP,2024-11-30,13665,464,123.09,0.27,9.01,3.4011,10431,1.31,2024-12-01T00:00:00
MC001,Prospecting - Broad - CBD Oils,act_123456789,Vitalis UK,GBP,2024-12-01,10898,210,132.08,0.63,12.12,1.9272,9242,1.18,2024-12-02T00:00:00
MC002,Prospecting - Lookalike - Purchasers,act_123456789,Vitalis UK,GBP,2024-12-01,18523,329,157.49,0.48,8.5,1.78,15280,1.21,2024-12-02T00:00:00
MC003,Retargeting - Website Visitors 30d,act_123456789,Vitalis UK,GBP,2024-12-01,6438,257,72.41,0.28,11.25,3.9928,5135,1.25,2024-12-02T00:00:00
MC004,Retargeting - Add to Cart 7d,act_123456789,Vitalis UK,GBP,2024-12-01,7353,246,68.29,0.28,9.29,3.3584,6713,1.1,2024-12-02T00:00:00
MC005,Prospecting - Interest - Wellness,act_123456789,Vitalis UK,GBP,2024-12-01,12126,215,149.03,0.69,12.29,1.7797,9084,1.33,2024-12-02T00:00:00
MC006,DPA - Catalogue Sales,act_123456789,Vitalis UK,GBP,2024-12-01,7404,254,75.59,0.3,10.21,3.4389,6948,1.07,2024-12-02T00:00:00
MC001,Prospecting - Broad - CBD Oils,act_123456789,Vitalis UK,GBP,2024-12-02,12617,213,132.38,0.62,10.49,1.6941,8992,1.4,2024-12-03T00:00:00
MC002,Prospecting - Lookalike - Purchasers,act_123456789,Vitalis UK,GBP,2024-12-02,16638,325,145.62,0.45,8.75,1.956,14502,1.15,2024-12-03T00:00:00
MC003,Retargeting - Website Visitors 30d,act_123456789,Vitalis UK,GBP,2024-12-02,7678,292,75.63,0.26,9.85,3.8041,6398,1.2,2024-12-03T00:00:00
MC004,Retargeting - Add to Cart 7d,act_123456789,Vitalis UK,GBP,2024-12-02,7704,265,64.23,0.24,8.34,3.4514,6133,1.26,2024-12-03T00:00:00
MC005,Prospecting - Interest - Wellness,act_123456789,Vitalis UK,GBP,2024-12-02,16505,274,157.51,0.57,9.54,1.6648,14044,1.18,2024-12-03T00:00:00
MC006,DPA - Catalogue Sales,act_123456789,Vitalis UK,GBP,2024-12-02,9319,299,86.3,0.29,9.26,3.2162,7610,1.22,2024-12-03T00:00:00
MC001,Prospecting - Broad - CBD Oils,act_123456789,Vitalis UK,GBP,2024-12-03,13716,216,130.26,0.6,9.5,1.5765,10603,1.29,2024-12-04T00:00:00
MC002,Prospecting - Lookalike - Purchasers,act_123456789,Vitalis UK,GBP,2024-12-03,13997,216,116.78,0.54,8.34,1.544,12596,1.11,2024-12-04T00:00:00
MC003,Retargeting - Website Visitors 30d,act_123456789,Vitalis UK,GBP,2024-12-03,7232,246,73.32,0.3,10.14,3.4104,6351,1.14,2024-12-04T00:00:00
MC004,Retargeting - Add to Cart 7d,act_123456789,Vitalis UK,GBP,2024-12-03,6580,224,74.4,0.33,11.31,3.4165,5755,1.14,2024-12-04T00:00:00
MC005,Prospecting - Interest - Wellness,act_123456789,Vitalis UK,GBP,2024-12-03,14234,258,120.35,0.47,8.46,1.8191,10703,1.33,2024-12-04T00:00:00
MC006,DPA - Catalogue Sales,act_123456789,Vitalis UK,GBP,2024-12-03,6191,209,68.97,0.33,11.14,3.3883,4983,1.24,2024-12-04T00:00:00
MC001,Prospecting - Broad - CBD Oils,act_123456789,Vitalis UK,GBP,2024-12-04,14887,230,140.28,0.61,9.42,1.5507,13616,1.09,2024-12-05T00:00:00
MC002,Prospecting - Lookalike - Purchasers,act_123456789,Vitalis UK,GBP,2024-12-04,12140,233,130.24,0.56,10.73,1.9258,8836,1.37,2024-12-05T00:00:00
MC003,Retargeting - Website Visitors 30d,act_123456789,Vitalis UK,GBP,2024-12-04,7066,234,62.59,0.27,8.86,3.315,5476,1.29,2024-12-05T00:00:00
MC004,Retargeting - Add to Cart 7d,act_123456789,Vitalis UK,GBP,2024-12-04,5969,205,74.33,0.36,12.45,3.4456,4410,1.35,2024-12-05T00:00:00
MC005,Prospecting - Interest - Wellness,act_123456789,Vitalis UK,GBP,2024-12-04,12688,230,146.4,0.64,11.54,1.813,9699,1.31,2024-12-05T00:00:00
MC006,DPA - Catalogue Sales,act_123456789,Vitalis UK,GBP,2024-12-04,7132,239,63.24,0.26,8.87,3.3618,6090,1.17,2024-12-05T00:00:00
MC001,Prospecting - Broad - CBD Oils,act_123456789,Vitalis UK,GBP,2024-12-05,12479,208,142.2,0.68,11.4,1.6746,9988,1.25,2024-12-06T00:00:00
MC002,Prospecting - Lookalike - Purchasers,act_123456789,Vitalis UK,GBP,2024-12-05,12417,245,150.66,0.61,12.13,1.9761,9630,1.29,2024-12-06T00:00:00
MC003,Retargeting - Website Visitors 30d,act_123456789,Vitalis UK,GBP,2024-12-05,6193,245,65.84,0.27,10.63,3.9665,5209,1.19,2024-12-06T00:00:00
MC004,Retargeting - Add to Cart 7d,act_123456789,Vitalis UK,GBP,2024-12-05,7921,305,74.14,0.24,9.36,3.8582,6735,1.18,2024-12-06T00:00:00
MC005,Prospecting - Interest - Wellness,act_123456789,Vitalis UK,GBP,2024-12-05,13781,223,137.37,0.62,9.97,1.6223,11191,1.23,2024-12-06T00:00:00
MC006,DPA - Catalogue Sales,act_123456789,Vitalis UK,GBP,2024-12-05,8221,293,85.12,0.29,10.35,3.571,6862,1.2,2024-12-06T00:00:00
MC001,Prospecting - Broad - CBD Oils,act_123456789,Vitalis UK,GBP,2024-12-06,10782,180,133.1,0.74,12.34,1.6725,8832,1.22,2024-12-07T00:00:00
MC002,Prospecting - Lookalike - Purchasers,act_123456789,Vitalis UK,GBP,2024-12-06,10997,221,131.78,0.6,11.98,2.0166,8099,1.36,2024-12-07T00:00:00
MC003,Retargeting - Website Visitors 30d,act_123456789,Vitalis UK,GBP,2024-12-06,6302,214,62.52,0.29,9.92,3.4111,5749,1.1,2024-12-07T00:00:00
MC004,Retargeting - Add to Cart 7d,act_123456789,Vitalis UK,GBP,2024-12-06,7235,226,62.16,0.28,8.59,3.1352,6658,1.09,2024-12-07T00:00:00
MC005,Prospecting - Interest - Wellness,act_123456789,Vitalis UK,GBP,2024-12-06,14502,271,135.51,0.5,9.34,1.8706,10768,1.35,2024-12-07T00:00:00
MC006,DPA - Catalogue Sales,act_123456789,Vitalis UK,GBP,2024-12-06,8264,277,77.66,0.28,9.4,3.3632,7132,1.16,2024-12-07T00:00:00
MC001,Prospecting - Broad - CBD Oils,act_123456789,Vitalis UK,GBP,2024-12-07,14365,238,141.18,0.59,9.83,1.6586,11627,1.24,2024-12-08T00:00:00
MC002,Prospecting - Lookalike - Purchasers,act_123456789,Vitalis UK,GBP,2024-12-07,14759,257,124.55,0.48,8.44,1.7433,12531,1.18,2024-12-08T00:00:00
MC003,Retargeting - Website Visitors 30d,act_123456789,Vitalis UK,GBP,2024-12-07,7714,262,65.51,0.25,8.49,3.3977,6022,1.28,2024-12-08T00:00:00
MC004,Retargeting - Add to Cart 7d,act_123456789,Vitalis UK,GBP,2024-12-07,7181,229,74.69,0.33,10.4,3.1928,5074,1.42,2024-12-08T00:00:00
MC005,Prospecting - Interest - Wellness,act_123456789,Vitalis UK,GBP,2024-12-07,12766,221,123.77,0.56,9.7,1.7371,10174,1.25,2024-12-08T00:00:00
MC006,DPA - Catalogue Sales,act_123456789,Vitalis UK,GBP,2024-12-07,8204,320,72.6,0.23,8.85,3.9125,7216,1.14,2024-12-08T00:00:00
MC001,Prospecting - Broad - CBD Oils,act_123456789,Vitalis UK,GBP,2024-12-08,10249,191,111.09,0.58,10.84,1.8716,7304,1.4,2024-12-09T00:00:00
MC002,Prospecting - Lookalike - Purchasers,act_123456789,Vitalis UK,GBP,2024-12-08,14889,248,146.24,0.59,9.82,1.6701,12857,1.16,2024-12-09T00:00:00
MC003,Retargeting - Website Visitors 30d,act_123456789,Vitalis UK,GBP,2024-12-08,7753,267,66.49,0.25,8.58,3.4555,6559,1.18,2024-12-09T00:00:00
MC004,Retargeting - Add to Cart 7d,act_123456789,Vitalis UK,GBP,2024-12-08,5657,203,66.55,0.33,11.76,3.5981,3972,1.42,2024-12-09T00:00:00
MC005,Prospecting - Interest - Wellness,act_123456789,Vitalis UK,GBP,2024-12-08,15480,296,132.08,0.45,8.53,1.9125,11078,1.4,2024-12-09T00:00:00
MC006,DPA - Catalogue Sales,act_123456789,Vitalis UK,GBP,2024-12-08,8047,247,70.7,0.29,8.79,3.0741,6276,1.28,2024-12-09T00:00:00
MC001,Prospecting - Broad - CBD Oils,act_123456789,Vitalis UK,GBP,2024-12-09,16131,264,150.61,0.57,9.34,1.6372,14747,1.09,2024-12-10T00:00:00
MC002,Prospecting - Lookalike - Purchasers,act_123456789,Vitalis UK,GBP,2024-12-09,12864,262,146.46,0.56,11.39,2.0396,10642,1.21,2024-12-10T00:00:00
MC003,Retargeting - Website Visitors 30d,act_123456789,Vitalis UK,GBP,2024-12-09,8580,266,71.73,0.27,8.36,3.1003,7535,1.14,2024-12-10T00:00:00
MC004,Retargeting - Add to Cart 7d,act_123456789,Vitalis UK,GBP,2024-12-09,7119,283,63.0,0.22,8.85,3.9814,6546,1.09,2024-12-10T00:00:00
MC005,Prospecting - Interest - Wellness,act_123456789,Vitalis UK,GBP,2024-12-09,11888,209,144.58,0.69,12.16,1.7661,9532,1.25,2024-12-10T00:00:00
MC006,DPA - Catalogue Sales,act_123456789,Vitalis UK,GBP,2024-12-09,6574,231,69.57,0.3,10.58,3.5239,6118,1.07,2024-12-10T00:00:00
MC001,Prospecting - Broad - CBD Oils,act_123456789,Vitalis UK,GBP,2024-12-10,16650,336,155.99,0.46,9.37,2.0211,12273,1.36,2024-12-11T00:00:00
MC002,Prospecting - Lookalike - Purchasers,act_123456789,Vitalis UK,GBP,2024-12-10,12278,223,135.03,0.61,11.0,1.8169,10813,1.14,2024-12-11T00:00:00
MC003,Retargeting - Website Visitors 30d,act_123456789,Vitalis UK,GBP,2024-12-10,7359,267,77.2,0.29,10.49,3.6371,5894,1.25,2024-12-11T00:00:00
MC004,Retargeting - Add to Cart 7d,act_123456789,Vitalis UK,GBP,2024-12-10,8295,248,76.02,0.31,9.16,2.9898,6904,1.2,2024-12-11T00:00:00
MC005,Prospecting - Interest - Wellness,act_123456789,Vitalis UK,GBP,2024-12-10,14752,274,147.97,0.54,10.03,1.8626,12397,1.19,2024-12-11T00:00:00
MC006,DPA - Catalogue Sales,act_123456789,Vitalis UK,GBP,2024-12-10,5876,197,63.72,0.32,10.84,3.3583,5359,1.1,2024-12-11T00:00:00
MC001,Prospecting - Broad - CBD Oils,act_123456789,Vitalis UK,GBP,2024-12-11,13231,247,136.09,0.55,10.29,1.8696,9792,1.35,2024-12-12T00:00:00
MC002,Prospecting - Lookalike - Purchasers,act_123456789,Vitalis UK,GBP,2024-12-11,14822,290,152.6,0.53,10.3,1.957,13973,1.06,2024-12-12T00:00:00
MC003,Retargeting - Website Visitors 30d,act_123456789,Vitalis UK,GBP,2024-12-11,5996,223,67.47,0.3,11.25,3.735,4977,1.2,2024-12-12T00:00:00
MC004,Retargeting - Add to Cart 7d,act_123456789,Vitalis UK,GBP,2024-12-11,6836,244,57.6,0.24,8.43,3.5751,5501,1.24,2024-12-12T00:00:00
MC005,Prospecting - Interest - Wellness,act_123456789,Vitalis UK,GBP,2024-12-11,15747,274,141.77,0.52,9.0,1.7437,14409,1.09,2024-12-12T00:00:00
MC006,DPA - Catalogue Sales,act_123456789,Vitalis UK,GBP,2024-12-11,6355,218,63.04,0.29,9.92,3.4417,5933,1.07,2024-12-12T00:00:00
MC001,Prospecting - Broad - CBD Oils,act_123456789,Vitalis UK,GBP,2024-12-12,11497,194,129.83,0.67,11.29,1.6881,10138,1.13,2024-12-13T00:00:00
MC002,Prospecting - Lookalike - Purchasers,act_123456789,Vitalis UK,GBP,2024-12-12,15655,307,158.21,0.52,10.11,1.9652,13877,1.13,2024-12-13T00:00:00
MC003,Retargeting - Website Visitors 30d,act_123456789,Vitalis UK,GBP,2024-12-12,9367,324,78.64,0.24,8.4,3.4691,7196,1.3,2024-12-13T00:00:00
MC004,Retargeting - Add to Cart 7d,act_123456789,Vitalis UK,GBP,2024-12-12,8540,281,80.93,0.29,9.48,3.2973,6232,1.37,2024-12-13T00:00:00
MC005,Prospecting - Interest - Wellness,act_123456789,Vitalis UK,GBP,2024-12-12,14683,276,143.47,0.52,9.77,1.8814,13550,1.08,2024-12-13T00:00:00
MC006,DPA - Catalogue Sales,act_123456789,Vitalis UK,GBP,2024-12-12,8376,313,74.5,0.24,8.89,3.7467,6798,1.23,2024-12-13T00:00:00
MC001,Prospecting - Broad - CBD Oils,act_123456789,Vitalis UK,GBP,2024-12-13,19876,375,175.96,0.47,8.85,1.8911,16378,1.21,2024-12-14T00:00:00
MC002,Prospecting - Lookalike - Purchasers,act_123456789,Vitalis UK,GBP,2024-12-13,12227,241,145.19,0.6,11.87,1.9764,10143,1.21,2024-12-14T00:00:00
MC003,Retargeting - Website Visitors 30d,act_123456789,Vitalis UK,GBP,2024-12-13,7341,237,74.82,0.32,10.19,3.2419,6495,1.13,2024-12-14T00:00:00
MC004,Retargeting - Add to Cart 7d,act_123456789,Vitalis UK,GBP,2024-12-13,7524,226,88.12,0.39,11.71,3.0155,6290,1.2,2024-12-14T00:00:00
MC005,Prospecting - Interest - Wellness,act_123456789,Vitalis UK,GBP,2024-12-13,12544,221,143.76,0.65,11.46,1.7691,11650,1.08,2024-12-14T00:00:00
MC006,DPA - Catalogue Sales,act_123456789,Vitalis UK,GBP,2024-12-13,8582,294,72.7,0.25,8.47,3.4323,6369,1.35,2024-12-14T00:00:00
MC001,Prospecting - Broad - CBD Oils,act_123456789,Vitalis UK,GBP,2024-12-14,15389,264,148.03,0.56,9.62,1.7212,13801,1.12,2024-12-15T00:00:00
MC002,Prospecting - Lookalike - Purchasers,act_123456789,Vitalis UK,GBP,2024-12-14,13388,207,113.87,0.55,8.51,1.5485,11466,1.17,2024-12-15T00:00:00
MC003,Retargeting - Website Visitors 30d,act_123456789,Vitalis UK,GBP,2024-12-14,6703,239,74.82,0.31,11.16,3.5763,4693,1.43,2024-12-15T00:00:00
MC004,Retargeting - Add to Cart 7d,act_123456789,Vitalis UK,GBP,2024-12-14,6416,257,67.67,0.26,10.55,4.0126,5369,1.2,2024-12-15T00:00:00
MC005,Prospecting - Interest - Wellness,act_123456789,Vitalis UK,GBP,2024-12-14,15571,255,146.78,0.58,9.43,1.6424,13277,1.17,2024-12-15T00:00:00
MC006,DPA - Catalogue Sales,act_123456789,Vitalis UK,GBP,2024-12-14,6950,257,62.12,0.24,8.94,3.7036,5639,1.23,2024-12-15T00:00:00
MC001,Prospecting - Broad - CBD Oils,act_123456789,Vitalis UK,GBP,2024-12-15,14065,219,130.81,0.6,9.3,1.5587,13164,1.07,2024-12-16T00:00:00
MC002,Prospecting - Lookalike - Purchasers,act_123456789,Vitalis UK,GBP,2024-12-15,11549,234,109.29,0.47,9.46,2.0344,10449,1.11,2024-12-16T00:00:00
MC003,Retargeting - Website Visitors 30d,act_123456789,Vitalis UK,GBP,2024-12-15,6761,259,62.38,0.24,9.23,3.8344,5331,1.27,2024-12-16T00:00:00
MC004,Retargeting - Add to Cart 7d,act_123456789,Vitalis UK,GBP,2024-12-15,6843,261,65.13,0.25,9.52,3.8145,5372,1.27,2024-12-16T00:00:00
MC005,Prospecting - Interest - Wellness,act_123456789,Vitalis UK,GBP,2024-12-15,12868,237,132.51,0.56,10.3,1.8477,9878,1.3,2024-12-16T00:00:00
MC006,DPA - Catalogue Sales,act_123456789,Vitalis UK,GBP,2024-12-15,5384,198,56.39,0.28,10.47,3.6833,4883,1.1,2024-12-16T00:00:00
MC001,Prospecting - Broad - CBD Oils,act_123456789,Vitalis UK,GBP,2024-12-16,15224,289,162.22,0.56,10.66,1.9001,11971,1.27,2024-12-17T00:00:00
MC002,Prospecting - Lookalike - Purchasers,act_123456789,Vitalis UK,GBP,2024-12-16,14587,278,156.31,0.56,10.72,1.9061,12843,1.14,2024-12-17T00:00:00
MC003,Retargeting - Website Visitors 30d,act_123456789,Vitalis UK,GBP,2024-12-16,6336,217,74.88,0.35,11.82,3.4406,4455,1.42,2024-12-17T00:00:00
MC004,Retargeting - Add to Cart 7d,act_123456789,Vitalis UK,GBP,2024-12-16,10090,305,85.5,0.28,8.47,3.026,8925,1.13,2024-12-17T00:00:00
MC005,Prospecting - Interest - Wellness,act_123456789,Vitalis UK,GBP,2024-12-16,12511,224,149.2,0.67,11.93,1.795,10109,1.24,2024-12-17T00:00:00
MC006,DPA - Catalogue Sales,act_123456789,Vitalis UK,GBP,2024-12-16,9828,333,85.13,0.26,8.66,3.3954,8718,1.13,2024-12-17T00:00:00
MC001,Prospecting - Broad - CBD Oils,act_123456789,Vitalis UK,GBP,2024-12-17,14184,279,147.81,0.53,10.42,1.9673,11414,1.24,2024-12-18T00:00:00
MC002,Prospecting - Lookalike - Purchasers,act_123456789,Vitalis UK,GBP,2024-12-17,14032,242,151.01,0.62,10.76,1.7253,12323,1.14,2024-12-18T00:00:00
MC003,Retargeting - Website Visitors 30d,act_123456789,Vitalis UK,GBP,2024-12-17,7964,313,89.59,0.29,11.25,3.9389,5627,1.42,2024-12-18T00:00:00
MC004,Retargeting - Add to Cart 7d,act_123456789,Vitalis UK,GBP,2024-12-17,7859,244,73.64,0.3,9.37,3.114,5737,1.37,2024-12-18T00:00:00
MC005,Prospecting - Interest - Wellness,act_123456789,Vitalis UK,GBP,2024-12-17,12966,242,136.64,0.56,10.54,1.8741,10521,1.23,2024-12-18T00:00:00
MC006,DPA - Catalogue Sales,act_123456789,Vitalis UK,GBP,2024-12-17,7996,317,69.0,0.22,8.63,3.968,7206,1.11,2024-12-18T00:00:00
MC001,Prospecting - Broad - CBD Oils,act_123456789,Vitalis UK,GBP,2024-12-18,17173,350,157.18,0.45,9.15,2.0429,14259,1.2,2024-12-19T00:00:00
MC002,Prospecting - Lookalike - Purchasers,act_123456789,Vitalis UK,GBP,2024-12-18,13012,211,144.5,0.68,11.11,1.623,12161,1.07,2024-12-19T00:00:00
MC003,Retargeting - Website Visitors 30d,act_123456789,Vitalis UK,GBP,2024-12-18,6266,247,64.31,0.26,10.26,3.9498,5601,1.12,2024-12-19T00:00:00
MC004,Retargeting - Add to Cart 7d,act_123456789,Vitalis UK,GBP,2024-12-18,6768,206,67.81,0.33,10.02,3.0459,6123,1.11,2024-12-19T00:00:00
MC005,Prospecting - Interest - Wellness,act_123456789,Vitalis UK,GBP,2024-12-18,15491,310,153.82,0.5,9.93,2.0047,14566,1.06,2024-12-19T00:00:00
MC006,DPA - Catalogue Sales,act_123456789,Vitalis UK,GBP,2024-12-18,8443,265,75.17,0.28,8.9,3.1485,6665,1.27,2024-12-19T00:00:00
MC001,Prospecting - Broad - CBD Oils,act_123456789,Vitalis UK,GBP,2024-12-19,12938,265,137.3,0.52,10.61,2.0524,11620,1.11,2024-12-20T00:00:00
MC002,Prospecting - Lookalike - Purchasers,act_123456789,Vitalis UK,GBP,2024-12-19,13523,227,134.93,0.59,9.98,1.6847,9479,1.43,2024-12-20T00:00:00
MC003,Retargeting - Website Visitors 30d,act_123456789,Vitalis UK,GBP,2024-12-19,6683,236,64.89,0.27,9.71,3.5455,6200,1.08,2024-12-20T00:00:00
MC004,Retargeting - Add to Cart 7d,act_123456789,Vitalis UK,GBP,2024-12-19,8042,320,74.52,0.23,9.27,3.9828,6767,1.19,2024-12-20T00:00:00
MC005,Prospecting - Interest - Wellness,act_123456789,Vitalis UK,GBP,2024-12-19,13282,203,157.36,0.78,11.85,1.5335,11139,1.19,2024-12-20T00:00:00
MC006,DPA - Catalogue Sales,act_123456789,Vitalis UK,GBP,2024-12-19,6750,202,78.84,0.39,11.68,2.9975,5354,1.26,2024-12-20T00:00:00
MC001,Prospecting - Broad - CBD Oils,act_123456789,Vitalis UK,GBP,2024-12-20,12422,241,135.55,0.56,10.91,1.9479,10085,1.23,2024-12-21T00:00:00
MC002,Prospecting - Lookalike - Purchasers,act_123456789,Vitalis UK,GBP,2024-12-20,9758,169,121.4,0.72,12.44,1.7409,9115,1.07,2024-12-21T00:00:00
MC003,Retargeting - Website Visitors 30d,act_123456789,Vitalis UK,GBP,2024-12-20,7009,234,61.63,0.26,8.79,3.3429,6184,1.13,2024-12-21T00:00:00
MC004,Retargeting - Add to Cart 7d,act_123456789,Vitalis UK,GBP,2024-12-20,6557,235,69.82,0.3,10.65,3.5929,5991,1.09,2024-12-21T00:00:00
MC005,Prospecting - Interest - Wellness,act_123456789,Vitalis UK,GBP,2024-12-20,15383,280,140.37,0.5,9.13,1.8218,11848,1.3,2024-12-21T00:00:00
MC006,DPA - Catalogue Sales,act_123456789,Vitalis UK,GBP,2024-12-20,6119,195,58.58,0.3,9.57,3.1915,5507,1.11,2024-12-21T00:00:00
MC001,Prospecting - Broad - CBD Oils,act_123456789,Vitalis UK,GBP,2024-12-21,5281,81,57.02,0.7,10.8,1.5369,4891,1.08,2024-12-22T00:00:00
MC002,Prospecting - Lookalike - Purchasers,act_123456789,Vitalis UK,GBP,2024-12-21,6352,131,60.38,0.46,9.51,2.0656,5443,1.17,2024-12-22T00:00:00
MC003,Retargeting - Website Visitors 30d,act_123456789,Vitalis UK,GBP,2024-12-21,3819,145,33.06,0.23,8.66,3.8122,3145,1.21,2024-12-22T00:00:00
MC004,Retargeting - Add to Cart 7d,act_123456789,Vitalis UK,GBP,2024-12-21,3250,113,34.05,0.3,10.48,3.4883,2974,1.09,2024-12-22T00:00:00
MC005,Prospecting - Interest - Wellness,act_123456789,Vitalis UK,GBP,2024-12-21,5748,101,60.47,0.6,10.52,1.7613,4465,1.29,2024-12-22T00:00:00
MC006,DPA - Catalogue Sales,act_123456789,Vitalis UK,GBP,2024-12-21,2473,78,27.8,0.36,11.24,3.1873,1770,1.4,2024-12-22T00:00:00
MC001,Prospecting - Broad - CBD Oils,act_123456789,Vitalis UK,GBP,2024-12-22,7663,139,63.96,0.46,8.35,1.8256,6853,1.12,2024-12-23T00:00:00
MC002,Prospecting - Lookalike - Purchasers,act_123456789,Vitalis UK,GBP,2024-12-22,6232,113,59.66,0.53,9.57,1.8248,5777,1.08,2024-12-23T00:00:00
MC003,Retargeting - Website Visitors 30d,act_123456789,Vitalis UK,GBP,2024-12-22,3177,110,32.13,0.29,10.11,3.4786,2711,1.17,2024-12-23T00:00:00
MC004,Retargeting - Add to Cart 7d,act_123456789,Vitalis UK,GBP,2024-12-22,3054,104,31.41,0.3,10.28,3.4355,2725,1.12,2024-12-23T00:00:00
MC005,Prospecting - Interest - Wellness,act_123456789,Vitalis UK,GBP,2024-12-22,5782,96,63.02,0.66,10.9,1.6752,4748,1.22,2024-12-23T00:00:00
MC006,DPA - Catalogue Sales,act_123456789,Vitalis UK,GBP,2024-12-22,2789,94,33.17,0.35,11.89,3.3927,2163,1.29,2024-12-23T00:00:00
MC001,Prospecting - Broad - CBD Oils,act_123456789,Vitalis UK,GBP,2024-12-23,5297,82,53.9,0.66,10.18,1.5556,4846,1.09,2024-12-24T00:00:00
MC002,Prospecting - Lookalike - Purchasers,act_123456789,Vitalis UK,GBP,2024-12-23,5647,91,53.45,0.59,9.47,1.6269,5344,1.06,2024-12-24T00:00:00
MC003,Retargeting - Website Visitors 30d,act_123456789,Vitalis UK,GBP,2024-12-23,3763,115,32.03,0.28,8.51,3.0785,3011,1.25,2024-12-24T00:00:00
MC004,Retargeting - Add to Cart 7d,act_123456789,Vitalis UK,GBP,2024-12-23,2343,88,27.13,0.31,11.58,3.7661,1740,1.35,2024-12-24T00:00:00
MC005,Prospecting - Interest - Wellness,act_123456789,Vitalis UK,GBP,2024-12-23,4294,79,49.87,0.63,11.61,1.8623,3159,1.36,2024-12-24T00:00:00
MC006,DPA - Catalogue Sales,act_123456789,Vitalis UK,GBP,2024-12-23,3138,103,29.01,0.28,9.24,3.3062,2406,1.3,2024-12-24T00:00:00
MC001,Prospecting - Broad - CBD Oils,act_123456789,Vitalis UK,GBP,2024-12-24,7360,117,70.45,0.6,9.57,1.5898,6938,1.06,2024-12-25T00:00:00
MC002,Prospecting - Lookalike - Purchasers,act_123456789,Vitalis UK,GBP,2024-12-24,8655,158,74.97,0.47,8.66,1.8365,7708,1.12,2024-12-25T00:00:00
MC003,Retargeting - Website Visitors 30d,act_123456789,Vitalis UK,GBP,2024-12-24,3175,112,34.49,0.31,10.86,3.5523,2347,1.35,2024-12-25T00:00:00
MC004,Retargeting - Add to Cart 7d,act_123456789,Vitalis UK,GBP,2024-12-24,3267,97,35.32,0.36,10.81,2.9834,3041,1.07,2024-12-25T00:00:00
MC005,Prospecting - Interest - Wellness,act_123456789,Vitalis UK,GBP,2024-12-24,9855,169,87.69,0.52,8.9,1.7223,7622,1.29,2024-12-25T00:00:00
MC006,DPA - Catalogue Sales,act_123456789,Vitalis UK,GBP,2024-12-24,3091,116,33.66,0.29,10.89,3.7834,2733,1.13,2024-12-25T00:00:00
MC001,Prospecting - Broad - CBD Oils,act_123456789,Vitalis UK,GBP,2024-12-25,5822,108,51.09,0.47,8.78,1.8608,4979,1.17,2024-12-26T00:00:00
MC002,Prospecting - Lookalike - Purchasers,act_123456789,Vitalis UK,GBP,2024-12-25,6030,101,61.03,0.6,10.12,1.689,5340,1.13,2024-12-26T00:00:00
MC003,Retargeting - Website Visitors 30d,act_123456789,Vitalis UK,GBP,2024-12-25,3198,114,31.86,0.28,9.96,3.5896,2856,1.12,2024-12-26T00:00:00
MC004,Retargeting - Add to Cart 7d,act_123456789,Vitalis UK,GBP,2024-12-25,2555,99,28.47,0.29,11.14,3.9055,1996,1.28,2024-12-26T00:00:00
MC005,Prospecting - Interest - Wellness,act_123456789,Vitalis UK,GBP,2024-12-25,6429,116,55.38,0.48,8.61,1.812,5493,1.17,2024-12-26T00:00:00
MC006,DPA - Catalogue Sales,act_123456789,Vitalis UK,GBP,2024-12-25,2348,75,28.43,0.38,12.11,3.22,2181,1.08,2024-12-26T00:00:00
MC001,Prospecting - Broad - CBD Oils,act_123456789,Vitalis UK,GBP,2024-12-26,4584,80,56.13,0.7,12.24,1.7642,4220,1.09,2024-12-27T00:00:00
MC002,Prospecting - Lookalike - Purchasers,act_123456789,Vitalis UK,GBP,2024-12-26,5939,119,60.93,0.51,10.26,2.0063,4796,1.24,2024-12-27T00:00:00
MC003,Retargeting - Website Visitors 30d,act_123456789,Vitalis UK,GBP,2024-12-26,2781,82,32.55,0.4,11.7,2.9823,1982,1.4,2024-12-27T00:00:00
MC004,Retargeting - Add to Cart 7d,act_123456789,Vitalis UK,GBP,2024-12-26,2980,105,34.4,0.33,11.54,3.5557,2492,1.2,2024-12-27T00:00:00
MC005,Prospecting - Interest - Wellness,act_123456789,Vitalis UK,GBP,2024-12-26,5778,99,57.94,0.59,10.03,1.7155,5290,1.09,2024-12-27T00:00:00
MC006,DPA - Catalogue Sales,act_123456789,Vitalis UK,GBP,2024-12-26,3008,106,30.15,0.28,10.02,3.5485,2532,1.19,2024-12-27T00:00:00
MC001,Prospecting - Broad - CBD Oils,act_123456789,Vitalis UK,GBP,2024-12-27,7110,135,67.54,0.5,9.5,1.9041,5943,1.2,2024-12-28T00:00:00
MC002,Prospecting - Lookalike - Purchasers,act_123456789,Vitalis UK,GBP,2024-12-27,6701,123,58.61,0.48,8.75,1.846,5162,1.3,2024-12-28T00:00:00
MC003,Retargeting - Website Visitors 30d,act_123456789,Vitalis UK,GBP,2024-12-27,2278,78,26.93,0.35,11.82,3.427,1623,1.4,2024-12-28T00:00:00
MC004,Retargeting - Add to Cart 7d,act_123456789,Vitalis UK,GBP,2024-12-27,2969,105,34.87,0.33,11.74,3.5555,2385,1.24,2024-12-28T00:00:00
MC005,Prospecting - Interest - Wellness,act_123456789,Vitalis UK,GBP,2024-12-27,4993,94,59.12,0.63,11.84,1.8968,3567,1.4,2024-12-28T00:00:00
MC006,DPA - Catalogue Sales,act_123456789,Vitalis UK,GBP,2024-12-27,2509,79,27.11,0.34,10.81,3.1668,1821,1.38,2024-12-28T00:00:00
MC001,Prospecting - Broad - CBD Oils,act_123456789,Vitalis UK,GBP,2024-12-28,9687,154,81.24,0.53,8.39,1.5984,8798,1.1,2024-12-29T00:00:00
MC002,Prospecting - Lookalike - Purchasers,act_123456789,Vitalis UK,GBP,2024-12-28,8879,182,77.5,0.43,8.73,2.0578,6319,1.41,2024-12-29T00:00:00
MC003,Retargeting - Website Visitors 30d,act_123456789,Vitalis UK,GBP,2024-12-28,3430,123,37.44,0.3,10.92,3.5951,2968,1.16,2024-12-29T00:00:00
MC004,Retargeting - Add to Cart 7d,act_123456789,Vitalis UK,GBP,2024-12-28,3712,142,35.66,0.25,9.61,3.8372,2660,1.4,2024-12-29T00:00:00
MC005,Prospecting - Interest - Wellness,act_123456789,Vitalis UK,GBP,2024-12-28,7878,150,76.76,0.51,9.74,1.9096,6842,1.15,2024-12-29T00:00:00
MC006,DPA - Catalogue Sales,act_123456789,Vitalis UK,GBP,2024-12-28,3513,124,41.25,0.33,11.74,3.5486,2591,1.36,2024-12-29T00:00:00
MC001,Prospecting - Broad - CBD Oils,act_123456789,Vitalis UK,GBP,2024-12-29,5113,102,59.96,0.59,11.73,2.0064,4320,1.18,2024-12-30T00:00:00
MC002,Prospecting - Lookalike - Purchasers,act_123456789,Vitalis UK,GBP,2024-12-29,6320,125,54.38,0.44,8.6,1.9844,4731,1.34,2024-12-30T00:00:00
MC003,Retargeting - Website Visitors 30d,act_123456789,Vitalis UK,GBP,2024-12-29,3928,131,33.56,0.26,8.54,3.3564,2865,1.37,2024-12-30T00:00:00
MC004,Retargeting - Add to Cart 7d,act_123456789,Vitalis UK,GBP,2024-12-29,2587,83,30.09,0.36,11.63,3.2422,2174,1.19,2024-12-30T00:00:00
MC005,Prospecting - Interest - Wellness,act_123456789,Vitalis UK,GBP,2024-12-29,6381,130,56.09,0.43,8.79,2.0428,5168,1.23,2024-12-30T00:00:00
MC006,DPA - Catalogue Sales,act_123456789,Vitalis UK,GBP,2024-12-29,2706,99,32.98,0.33,12.19,3.6928,1977,1.37,2024-12-30T00:00:00
MC001,Prospecting - Broad - CBD Oils,act_123456789,Vitalis UK,GBP,2024-12-30,7006,142,69.79,0.49,9.96,2.0304,4989,1.4,2024-12-31T00:00:00
MC002,Prospecting - Lookalike - Purchasers,act_123456789,Vitalis UK,GBP,2024-12-30,6754,126,65.68,0.52,9.72,1.8658,5206,1.3,2024-12-31T00:00:00
MC003,Retargeting - Website Visitors 30d,act_123456789,Vitalis UK,GBP,2024-12-30,2850,97,34.78,0.36,12.2,3.4381,2639,1.08,2024-12-31T00:00:00
MC004,Retargeting - Add to Cart 7d,act_123456789,Vitalis UK,GBP,2024-12-30,2994,120,31.7,0.26,10.59,4.0224,2494,1.2,2024-12-31T00:00:00
MC005,Prospecting - Interest - Wellness,act_123456789,Vitalis UK,GBP,2024-12-30,7576,116,65.08,0.56,8.59,1.5365,5585,1.36,2024-12-31T00:00:00
MC006,DPA - Catalogue Sales,act_123456789,Vitalis UK,GBP,2024-12-30,4023,160,36.01,0.23,8.95,3.9799,3530,1.14,2024-12-31T00:00:00
MC001,Prospecting - Broad - CBD Oils,act_123456789,Vitalis UK,GBP,2024-12-31,8560,143,81.38,0.57,9.51,1.6819,7515,1.14,2025-01-01T00:00:00
MC002,Prospecting - Lookalike - Purchasers,act_123456789,Vitalis UK,GBP,2024-12-31,8338,142,87.7,0.62,10.52,1.7039,6470,1.29,2025-01-01T00:00:00
MC003,Retargeting - Website Visitors 30d,act_123456789,Vitalis UK,GBP,2024-12-31,3676,141,41.39,0.29,11.26,3.8613,3018,1.22,2025-01-01T00:00:00
MC004,Retargeting - Add to Cart 7d,act_123456789,Vitalis UK,GBP,2024-12-31,3257,96,39.27,0.41,12.06,2.9762,3065,1.06,2025-01-01T00:00:00
MC005,Prospecting - Interest - Wellness,act_123456789,Vitalis UK,GBP,2024-12-31,8512,165,73.62,0.45,8.65,1.9413,6041,1.41,2025-01-01T00:00:00
MC006,DPA - Catalogue Sales,act_123456789,Vitalis UK,GBP,2024-12-31,4243,166,40.36,0.24,9.51,3.919,3650,1.16,2025-01-01T00:00:00
MC001,Prospecting - Broad - CBD Oils,act_123456789,Vitalis UK,GBP,2025-01-01,3860,71,41.95,0.59,10.87,1.848,3137,1.23,2025-01-02T00:00:00
MC002,Prospecting - Lookalike - Purchasers,act_123456789,Vitalis UK,GBP,2025-01-01,3961,66,43.86,0.66,11.07,1.6825,3605,1.1,2025-01-02T00:00:00
MC003,Retargeting - Website Visitors 30d,act_123456789,Vitalis UK,GBP,2025-01-01,2381,72,22.39,0.31,9.4,3.0372,2026,1.18,2025-01-02T00:00:00
MC004,Retargeting - Add to Cart 7d,act_123456789,Vitalis UK,GBP,2025-01-01,1989,61,20.0,0.33,10.06,3.0959,1508,1.32,2025-01-02T00:00:00
MC005,Prospecting - Interest - Wellness,act_123456789,Vitalis UK,GBP,2025-01-01,3213,56,36.74,0.66,11.43,1.7674,2458,1.31,2025-01-02T00:00:00
MC006,DPA - Catalogue Sales,act_123456789,Vitalis UK,GBP,2025-01-01,2325,87,19.81,0.23,8.52,3.7708,2170,1.07,2025-01-02T00:00:00
MC001,Prospecting - Broad - CBD Oils,act_123456789,Vitalis UK,GBP,2025-01-02,6574,116,57.49,0.5,8.75,1.7787,6169,1.07,2025-01-03T00:00:00
MC002,Prospecting - Lookalike - Purchasers,act_123456789,Vitalis UK,GBP,2025-01-02,5324,94,48.04,0.51,9.02,1.7657,3934,1.35,2025-01-03T00:00:00
MC003,Retargeting - Website Visitors 30d,act_123456789,Vitalis UK,GBP,2025-01-02,2454,91,24.78,0.27,10.1,3.734,1964,1.25,2025-01-03T00:00:00
MC004,Retargeting - Add to Cart 7d,act_123456789,Vitalis UK,GBP,2025-01-02,2947,102,29.09,0.29,9.87,3.4703,2737,1.08,2025-01-03T00:00:00
MC005,Prospecting - Interest - Wellness,act_123456789,Vitalis UK,GBP,2025-01-02,5523,110,54.09,0.49,9.79,1.9984,4938,1.12,2025-01-03T00:00:00
MC006,DPA - Catalogue Sales,act_123456789,Vitalis UK,GBP,2025-01-02,2227,76,25.75,0.34,11.56,3.4282,1641,1.36,2025-01-03T00:00:00
MC001,Prospecting - Broad - CBD Oils,act_123456789,Vitalis UK,GBP,2025-01-03,5377,106,45.63,0.43,8.49,1.9805,3965,1.36,2025-01-04T00:00:00
MC002,Prospecting - Lookalike - Purchasers,act_123456789,Vitalis UK,GBP,2025-01-03,4557,77,50.05,0.65,10.98,1.6932,3882,1.17,2025-01-04T00:00:00
MC003,Retargeting - Website Visitors 30d,act_123456789,Vitalis UK,GBP,2025-01-03,2219,77,22.33,0.29,10.06,3.5044,2033,1.09,2025-01-04T00:00:00
MC004,Retargeting - Add to Cart 7d,act_123456789,Vitalis UK,GBP,2025-01-03,2228,82,20.72,0.25,9.3,3.6918,1926,1.16,2025-01-04T00:00:00
MC005,Prospecting - Interest - Wellness,act_123456789,Vitalis UK,GBP,2025-01-03,5430,88,50.88,0.58,9.37,1.6336,4470,1.21,2025-01-04T00:00:00
MC006,DPA - Catalogue Sales,act_123456789,Vitalis UK,GBP,2025-01-03,1970,77,23.28,0.3,11.82,3.9453,1513,1.3,2025-01-04T00:00:00
MC001,Prospecting - Broad - CBD Oils,act_123456789,Vitalis UK,GBP,2025-01-04,5047,84,49.41,0.59,9.79,1.6723,4083,1.24,2025-01-05T00:00:00
MC002,Prospecting - Lookalike - Purchasers,act_123456789,Vitalis UK,GBP,2025-01-04,4717,91,58.95,0.65,12.5,1.9435,3966,1.19,2025-01-05T00:00:00
MC003,Retargeting - Website Visitors 30d,act_123456789,Vitalis UK,GBP,2025-01-04,2294,87,25.57,0.29,11.15,3.812,2123,1.08,2025-01-05T00:00:00
MC004,Retargeting - Add to Cart 7d,act_123456789,Vitalis UK,GBP,2025-01-04,2983,101,25.43,0.25,8.52,3.4181,2346,1.27,2025-01-05T00:00:00
MC005,Prospecting - Interest - Wellness,act_123456789,Vitalis UK,GBP,2025-01-04,6006,107,52.4,0.49,8.72,1.7959,5263,1.14,2025-01-05T00:00:00
MC006,DPA - Catalogue Sales,act_123456789,Vitalis UK,GBP,2025-01-04,2428,81,27.08,0.33,11.15,3.3762,2056,1.18,2025-01-05T00:00:00
MC001,Prospecting - Broad - CBD Oils,act_123456789,Vitalis UK,GBP,2025-01-05,6393,109,55.16,0.51,8.63,1.7116,4498,1.42,2025-01-06T00:00:00
MC002,Prospecting - Lookalike - Purchasers,act_123456789,Vitalis UK,GBP,2025-01-05,5888,92,57.87,0.63,9.83,1.5689,4146,1.42,2025-01-06T00:00:00
MC003,Retargeting - Website Visitors 30d,act_123456789,Vitalis UK,GBP,2025-01-05,2538,102,28.26,0.28,11.13,4.0218,2353,1.08,2025-01-06T00:00:00
MC004,Retargeting - Add to Cart 7d,act_123456789,Vitalis UK,GBP,2025-01-05,3345,128,31.19,0.24,9.32,3.8557,2450,1.37,2025-01-06T00:00:00
MC005,Prospecting - Interest - Wellness,act_123456789,Vitalis UK,GBP,2025-01-05,4338,79,54.05,0.68,12.46,1.8427,3691,1.18,2025-01-06T00:00:00
MC006,DPA - Catalogue Sales,act_123456789,Vitalis UK,GBP,2025-01-05,2580,78,29.89,0.38,11.59,3.0592,1874,1.38,2025-01-06T00:00:00
MC001,Prospecting - Broad - CBD Oils,act_123456789,Vitalis UK,GBP,2025-01-06,5824,113,51.95,0.46,8.92,1.9529,5014,1.16,2025-01-07T00:00:00
MC002,Prospecting - Lookalike - Purchasers,act_123456789,Vitalis UK,GBP,2025-01-06,5443,85,46.87,0.55,8.61,1.5638,3827,1.42,2025-01-07T00:00:00
MC003,Retargeting - Website Visitors 30d,act_123456789,Vitalis UK,GBP,2025-01-06,2376,83,27.94,0.34,11.76,3.5288,1958,1.21,2025-01-07T00:00:00
MC004,Retargeting - Add to Cart 7d,act_123456789,Vitalis UK,GBP,2025-01-06,2359,81,26.08,0.32,11.06,3.446,2158,1.09,2025-01-07T00:00:00
MC005,Prospecting - Interest - Wellness,act_123456789,Vitalis UK,GBP,2025-01-06,5079,95,55.26,0.58,10.88,1.8708,3837,1.32,2025-01-07T00:00:00
MC006,DPA - Catalogue Sales,act_123456789,Vitalis UK,GBP,2025-01-06,2444,77,27.72,0.36,11.34,3.1616,2148,1.14,2025-01-07T00:00:00
MC001,Prospecting - Broad - CBD Oils,act_123456789,Vitalis UK,GBP,2025-01-07,4599,85,43.15,0.51,9.38,1.8513,3904,1.18,2025-01-08T00:00:00
MC002,Prospecting - Lookalike - Purchasers,act_123456789,Vitalis UK,GBP,2025-01-07,4335,69,43.89,0.64,10.12,1.606,3231,1.34,2025-01-08T00:00:00
MC003,Retargeting - Website Visitors 30d,act_123456789,Vitalis UK,GBP,2025-01-07,2543,77,22.35,0.29,8.79,3.0354,2005,1.27,2025-01-08T00:00:00
MC004,Retargeting - Add to Cart 7d,act_123456789,Vitalis UK,GBP,2025-01-07,2205,87,20.48,0.24,9.29,3.9563,1933,1.14,2025-01-08T00:00:00
MC005,Prospecting - Interest - Wellness,act_123456789,Vitalis UK,GBP,2025-01-07,4899,88,43.95,0.5,8.97,1.816,4394,1.11,2025-01-08T00:00:00
MC006,DPA - Catalogue Sales,act_123456789,Vitalis UK,GBP,2025-01-07,1998,67,19.38,0.29,9.7,3.3788,1707,1.17,2025-01-08T00:00:00
MC001,Prospecting - Broad - CBD Oils,act_123456789,Vitalis UK,GBP,2025-01-08,7711,142,70.07,0.49,9.09,1.8516,6588,1.17,2025-01-09T00:00:00
MC002,Prospecting - Lookalike - Purchasers,act_123456789,Vitalis UK,GBP,2025-01-08,5701,115,67.84,0.59,11.9,2.0257,4872,1.17,2025-01-09T00:00:00
MC003,Retargeting - Website Visitors 30d,act_123456789,Vitalis UK,GBP,2025-01-08,3227,121,32.98,0.27,10.22,3.7792,2496,1.29,2025-01-09T00:00:00
MC004,Retargeting - Add to Cart 7d,act_123456789,Vitalis UK,GBP,2025-01-08,3305,102,36.55,0.36,11.06,3.1074,2646,1.25,2025-01-09T00:00:00
MC005,Prospecting - Interest - Wellness,act_123456789,Vitalis UK,GBP,2025-01-08,6712,116,75.11,0.65,11.19,1.7292,5633,1.19,2025-01-09T00:00:00
MC006,DPA - Catalogue Sales,act_123456789,Vitalis UK,GBP,2025-01-08,3325,125,36.4,0.29,10.95,3.7895,2771,1.2,2025-01-09T00:00:00
MC001,Prospecting - Broad - CBD Oils,act_123456789,Vitalis UK,GBP,2025-01-09,6937,142,67.81,0.48,9.78,2.0485,6329,1.1,2025-01-10T00:00:00
MC002,Prospecting - Lookalike - Purchasers,act_123456789,Vitalis UK,GBP,2025-01-09,7405,118,70.58,0.6,9.53,1.5955,5227,1.42,2025-01-10T00:00:00
MC003,Retargeting - Website Visitors 30d,act_123456789,Vitalis UK,GBP,2025-01-09,3636,117,35.0,0.3,9.63,3.2425,2763,1.32,2025-01-10T00:00:00
MC004,Retargeting - Add to Cart 7d,act_123456789,Vitalis UK,GBP,2025-01-09,3157,110,30.73,0.28,9.73,3.5031,2811,1.12,2025-01-10T00:00:00
MC005,Prospecting - Interest - Wellness,act_123456789,Vitalis UK,GBP,2025-01-09,9125,184,77.26,0.42,8.47,2.0247,7753,1.18,2025-01-10T00:00:00
MC006,DPA - Catalogue Sales,act_123456789,Vitalis UK,GBP,2025-01-09,3347,117,32.02,0.27,9.57,3.5002,2679,1.25,2025-01-10T00:00:00
MC001,Prospecting - Broad - CBD Oils,act_123456789,Vitalis UK,GBP,2025-01-10,7319,125,73.26,0.59,10.01,1.7089,5788,1.26,2025-01-11T00:00:00
MC002,Prospecting - Lookalike - Purchasers,act_123456789,Vitalis UK,GBP,2025-01-10,7107,147,59.44,0.4,8.36,2.0699,5018,1.42,2025-01-11T00:00:00
MC003,Retargeting - Website Visitors 30d,act_123456789,Vitalis UK,GBP,2025-01-10,2957,104,34.76,0.33,11.76,3.5383,2796,1.06,2025-01-11T00:00:00
MC004,Retargeting - Add to Cart 7d,act_123456789,Vitalis UK,GBP,2025-01-10,2899,104,30.23,0.29,10.43,3.6191,2448,1.18,2025-01-11T00:00:00
MC005,Prospecting - Interest - Wellness,act_123456789,Vitalis UK,GBP,2025-01-10,4940,101,55.73,0.55,11.28,2.0591,3761,1.31,2025-01-11T00:00:00
MC006,DPA - Catalogue Sales,act_123456789,Vitalis UK,GBP,2025-01-10,2980,108,35.75,0.33,12.0,3.646,2813,1.06,2025-01-11T00:00:00
MC001,Prospecting - Broad - CBD Oils,act_123456789,Vitalis UK,GBP,2025-01-11,8058,158,70.21,0.44,8.71,1.968,6204,1.3,2025-01-12T00:00:00
MC002,Prospecting - Lookalike - Purchasers,act_123456789,Vitalis UK,GBP,2025-01-11,6915,132,65.29,0.49,9.44,1.9094,5386,1.28,2025-01-12T00:00:00
MC003,Retargeting - Website Visitors 30d,act_123456789,Vitalis UK,GBP,2025-01-11,3192,124,39.01,0.31,12.22,3.8899,3028,1.05,2025-01-12T00:00:00
MC004,Retargeting - Add to Cart 7d,act_123456789,Vitalis UK,GBP,2025-01-11,2805,96,33.81,0.35,12.05,3.4485,2659,1.05,2025-01-12T00:00:00
MC005,Prospecting - Interest - Wellness,act_123456789,Vitalis UK,GBP,2025-01-11,8361,143,71.65,0.5,8.57,1.7171,6605,1.27,2025-01-12T00:00:00
MC006,DPA - Catalogue Sales,act_123456789,Vitalis UK,GBP,2025-01-11,3375,128,32.91,0.26,9.75,3.8115,3205,1.05,2025-01-12T00:00:00
MC001,Prospecting - Broad - CBD Oils,act_123456789,Vitalis UK,GBP,2025-01-12,7477,134,64.16,0.48,8.58,1.7925,5307,1.41,2025-01-13T00:00:00
MC002,Prospecting - Lookalike - Purchasers,act_123456789,Vitalis UK,GBP,2025-01-12,5802,93,60.89,0.65,10.49,1.604,5307,1.09,2025-01-13T00:00:00
MC003,Retargeting - Website Visitors 30d,act_123456789,Vitalis UK,GBP,2025-01-12,2601,98,30.36,0.31,11.67,3.7887,2060,1.26,2025-01-13T00:00:00
MC004,Retargeting - Add to Cart 7d,act_123456789,Vitalis UK,GBP,2025-01-12,3584,133,33.45,0.25,9.33,3.7306,2748,1.3,2025-01-13T00:00:00
MC005,Prospecting - Interest - Wellness,act_123456789,Vitalis UK,GBP,2025-01-12,7333,121,75.43,0.62,10.29,1.6548,5198,1.41,2025-01-13T00:00:00
MC006,DPA - Catalogue Sales,act_123456789,Vitalis UK,GBP,2025-01-12,4185,137,38.28,0.28,9.15,3.2944,3029,1.38,2025-01-13T00:00:00
MC001,Prospecting - Broad - CBD Oils,act_123456789,Vitalis UK,GBP,2025-01-13,5867,116,60.53,0.52,10.32,1.9825,4352,1.35,2025-01-14T00:00:00
MC002,Prospecting - Lookalike - Purchasers,act_123456789,Vitalis UK,GBP,2025-01-13,7200,124,61.46,0.5,8.54,1.7356,5282,1.36,2025-01-14T00:00:00
MC003,Retargeting - Website Visitors 30d,act_123456789,Vitalis UK,GBP,2025-01-13,2905,95,31.34,0.33,10.79,3.272,2572,1.13,2025-01-14T00:00:00
MC004,Retargeting - Add to Cart 7d,act_123456789,Vitalis UK,GBP,2025-01-13,2973,102,36.65,0.36,12.33,3.4636,2228,1.33,2025-01-14T00:00:00
MC005,Prospecting - Interest - Wellness,act_123456789,Vitalis UK,GBP,2025-01-13,5693,105,68.49,0.65,12.03,1.856,4667,1.22,2025-01-14T00:00:00
MC006,DPA - Catalogue Sales,act_123456789,Vitalis UK,GBP,2025-01-13,3229,129,28.97,0.22,8.97,4.0238,2563,1.26,2025-01-14T00:00:00
MC001,Prospecting - Broad - CBD Oils,act_123456789,Vitalis UK,GBP,2025-01-14,6787,135,72.73,0.54,10.72,1.9925,6028,1.13,2025-01-15T00:00:00
MC002,Prospecting - Lookalike - Purchasers,act_123456789,Vitalis UK,GBP,2025-01-14,6656,107,56.0,0.52,8.41,1.6102,5423,1.23,2025-01-15T00:00:00
MC003,Retargeting - Website Visitors 30d,act_123456789,Vitalis UK,GBP,2025-01-14,2872,101,35.59,0.35,12.39,3.5231,2475,1.16,2025-01-15T00:00:00
MC004,Retargeting - Add to Cart 7d,act_123456789,Vitalis UK,GBP,2025-01-14,3993,131,36.15,0.28,9.05,3.2937,3079,1.3,2025-01-15T00:00:00
MC005,Prospecting - Interest - Wellness,act_123456789,Vitalis UK,GBP,2025-01-14,7425,113,70.02,0.62,9.43,1.5308,6521,1.14,2025-01-15T00:00:00
MC006,DPA - Catalogue Sales,act_123456789,Vitalis UK,GBP,2025-01-14,3504,122,34.98,0.29,9.98,3.493,3115,1.12,2025-01-15T00:00:00
MC001,Prospecting - Broad - CBD Oils,act_123456789,Vitalis UK,GBP,2025-01-15,7257,142,74.6,0.53,10.28,1.9624,5736,1.27,2025-01-16T00:00:00
MC002,Prospecting - Lookalike - Purchasers,act_123456789,Vitalis UK,GBP,2025-01-15,7234,145,74.19,0.51,10.26,2.0157,6156,1.18,2025-01-16T00:00:00
MC003,Retargeting - Website Visitors 30d,act_123456789,Vitalis UK,GBP,2025-01-15,3300,114,30.76,0.27,9.32,3.4772,2831,1.17,2025-01-16T00:00:00
MC004,Retargeting - Add to Cart 7d,act_123456789,Vitalis UK,GBP,2025-01-15,4429,158,37.75,0.24,8.52,3.5732,3526,1.26,2025-01-16T00:00:00
MC005,Prospecting - Interest - Wellness,act_123456789,Vitalis UK,GBP,2025-01-15,6457,114,70.82,0.62,10.97,1.7753,5165,1.25,2025-01-16T00:00:00
MC006,DPA - Catalogue Sales,act_123456789,Vitalis UK,GBP,2025-01-15,3274,100,35.62,0.36,10.88,3.0837,2560,1.28,2025-01-16T00:00:00
MC001,Prospecting - Broad - CBD Oils,act_123456789,Vitalis UK,GBP,2025-01-16,6674,132,73.0,0.55,10.94,1.9788,4679,1.43,2025-01-17T00:00:00
MC002,Prospecting - Lookalike - Purchasers,act_123456789,Vitalis UK,GBP,2025-01-16,5632,93,63.45,0.68,11.27,1.6602,4460,1.26,2025-01-17T00:00:00
MC003,Retargeting - Website Visitors 30d,act_123456789,Vitalis UK,GBP,2025-01-16,3148,122,30.46,0.25,9.68,3.8991,2341,1.34,2025-01-17T00:00:00
MC004,Retargeting - Add to Cart 7d,act_123456789,Vitalis UK,GBP,2025-01-16,4261,159,38.23,0.24,8.97,3.7526,4018,1.06,2025-01-17T00:00:00
MC005,Prospecting - Interest - Wellness,act_123456789,Vitalis UK,GBP,2025-01-16,6098,111,69.51,0.63,11.4,1.8338,4525,1.35,2025-01-17T00:00:00
MC006,DPA - Catalogue Sales,act_123456789,Vitalis UK,GBP,2025-01-16,4013,124,35.96,0.29,8.96,3.1115,3409,1.18,2025-01-17T00:00:00
MC001,Prospecting - Broad - CBD Oils,act_123456789,Vitalis UK,GBP,2025-01-17,6042,98,73.45,0.75,12.16,1.6384,4842,1.25,2025-01-18T00:00:00
MC002,Prospecting - Lookalike - Purchasers,act_123456789,Vitalis UK,GBP,2025-01-17,6079,121,69.02,0.57,11.35,2.0024,5736,1.06,2025-01-18T00:00:00
MC003,Retargeting - Website Visitors 30d,act_123456789,Vitalis UK,GBP,2025-01-17,2496,88,30.29,0.34,12.14,3.5527,2256,1.11,2025-01-18T00:00:00
MC004,Retargeting - Add to Cart 7d,act_123456789,Vitalis UK,GBP,2025-01-17,3770,120,37.21,0.31,9.87,3.2032,3230,1.17,2025-01-18T00:00:00
MC005,Prospecting - Interest - Wellness,act_123456789,Vitalis UK,GBP,2025-01-17,5987,106,59.61,0.56,9.96,1.773,5665,1.06,2025-01-18T00:00:00
MC006,DPA - Catalogue Sales,act_123456789,Vitalis UK,GBP,2025-01-17,4390,155,36.64,0.24,8.35,3.5431,3234,1.36,2025-01-18T00:00:00
MC001,Prospecting - Broad - CBD Oils,act_123456789,Vitalis UK,GBP,2025-01-18,6992,114,69.13,0.61,9.89,1.6359,6157,1.14,2025-01-19T00:00:00
MC002,Prospecting - Lookalike - Purchasers,act_123456789,Vitalis UK,GBP,2025-01-18,6649,121,70.86,0.59,10.66,1.8275,5083,1.31,2025-01-19T00:00:00
MC003,Retargeting - Website Visitors 30d,act_123456789,Vitalis UK,GBP,2025-01-18,3171,111,31.44,0.28,9.91,3.515,2438,1.3,2025-01-19T00:00:00
MC004,Retargeting - Add to Cart 7d,act_123456789,Vitalis UK,GBP,2025-01-18,3915,148,35.4,0.24,9.04,3.7953,3605,1.09,2025-01-19T00:00:00
MC005,Prospecting - Interest - Wellness,act_123456789,Vitalis UK,GBP,2025-01-18,7475,149,73.96,0.5,9.89,1.994,5639,1.33,2025-01-19T00:00:00
MC006,DPA - Catalogue Sales,act_123456789,Vitalis UK,GBP,2025-01-18,3211,120,29.92,0.25,9.32,3.7383,2454,1.31,2025-01-19T00:00:00
MC001,Prospecting - Broad - CBD Oils,act_123456789,Vitalis UK,GBP,2025-01-19,6233,127,69.99,0.55,11.23,2.0507,5919,1.05,2025-01-20T00:00:00
MC002,Prospecting - Lookalike - Purchasers,act_123456789,Vitalis UK,GBP,2025-01-19,5981,112,68.51,0.61,11.45,1.8867,5086,1.18,2025-01-20T00:00:00
MC003,Retargeting - Website Visitors 30d,act_123456789,Vitalis UK,GBP,2025-01-19,3389,107,40.24,0.38,11.87,3.1627,2904,1.17,2025-01-20T00:00:00
MC004,Retargeting - Add to Cart 7d,act_123456789,Vitalis UK,GBP,2025-01-19,3733,117,36.73,0.31,9.84,3.1599,2962,1.26,2025-01-20T00:00:00
MC005,Prospecting - Interest - Wellness,act_123456789,Vitalis UK,GBP,2025-01-19,7447,130,76.8,0.59,10.31,1.7475,6973,1.07,2025-01-20T00:00:00
MC006,DPA - Catalogue Sales,act_123456789,Vitalis UK,GBP,2025-01-19,4705,149,40.33,0.27,8.57,3.1849,4145,1.14,2025-01-20T00:00:00
MC001,Prospecting - Broad - CBD Oils,act_123456789,Vitalis UK,GBP,2025-01-20,5112,100,60.93,0.61,11.92,1.9591,4087,1.25,2025-01-21T00:00:00
MC002,Prospecting - Lookalike - Purchasers,act_123456789,Vitalis UK,GBP,2025-01-20,6489,117,63.43,0.54,9.78,1.8048,5188,1.25,2025-01-21T00:00:00
MC003,Retargeting - Website Visitors 30d,act_123456789,Vitalis UK,GBP,2025-01-20,2808,90,30.65,0.34,10.92,3.2228,2099,1.34,2025-01-21T00:00:00
MC004,Retargeting - Add to Cart 7d,act_123456789,Vitalis UK,GBP,2025-01-20,2841,113,33.51,0.3,11.8,3.9959,2394,1.19,2025-01-21T00:00:00
MC005,Prospecting - Interest - Wellness,act_123456789,Vitalis UK,GBP,2025-01-20,6285,105,61.7,0.59,9.82,1.6762,4597,1.37,2025-01-21T00:00:00
MC006,DPA - Catalogue Sales,act_123456789,Vitalis UK,GBP,2025-01-20,2970,115,32.62,0.28,10.98,3.8865,2180,1.36,2025-01-21T00:00:00
MC001,Prospecting - Broad - CBD Oils,act_123456789,Vitalis UK,GBP,2025-01-21,6038,95,66.18,0.7,10.96,1.5829,5206,1.16,2025-01-22T00:00:00
MC002,Prospecting - Lookalike - Purchasers,act_123456789,Vitalis UK,GBP,2025-01-21,6562,126,69.16,0.55,10.54,1.9253,5695,1.15,2025-01-22T00:00:00
MC003,Retargeting - Website Visitors 30d,act_123456789,Vitalis UK,GBP,2025-01-21,3286,119,29.04,0.24,8.84,3.6461,3050,1.08,2025-01-22T00:00:00
MC004,Retargeting - Add to Cart 7d,act_123456789,Vitalis UK,GBP,2025-01-21,4031,141,34.56,0.25,8.57,3.5153,3620,1.11,2025-01-22T00:00:00
MC005,Prospecting - Interest - Wellness,act_123456789,Vitalis UK,GBP,2025-01-21,5132,78,62.86,0.81,12.25,1.537,4686,1.1,2025-01-22T00:00:00
MC006,DPA - Catalogue Sales,act_123456789,Vitalis UK,GBP,2025-01-21,2947,94,34.7,0.37,11.77,3.2187,2206,1.34,2025-01-22T00:00:00
MC001,Prospecting - Broad - CBD Oils,act_123456789,Vitalis UK,GBP,2025-01-22,6569,116,58.12,0.5,8.85,1.7702,5638,1.17,2025-01-23T00:00:00
MC002,Prospecting - Lookalike - Purchasers,act_123456789,Vitalis UK,GBP,2025-01-22,6238,110,65.0,0.59,10.42,1.7762,4783,1.3,2025-01-23T00:00:00
MC003,Retargeting - Website Visitors 30d,act_123456789,Vitalis UK,GBP,2025-01-22,3116,110,30.06,0.27,9.65,3.5514,2812,1.11,2025-01-23T00:00:00
MC004,Retargeting - Add to Cart 7d,act_123456789,Vitalis UK,GBP,2025-01-22,2941,94,32.56,0.35,11.07,3.2108,2325,1.26,2025-01-23T00:00:00
MC005,Prospecting - Interest - Wellness,act_123456789,Vitalis UK,GBP,2025-01-22,7288,125,63.39,0.51,8.7,1.7251,6901,1.06,2025-01-23T00:00:00
MC006,DPA - Catalogue Sales,act_123456789,Vitalis UK,GBP,2025-01-22,2884,105,32.25,0.31,11.18,3.6491,2336,1.23,2025-01-23T00:00:00
MC001,Prospecting - Broad - CBD Oils,act_123456789,Vitalis UK,GBP,2025-01-23,6575,135,62.51,0.46,9.51,2.0538,5499,1.2,2025-01-24T00:00:00
MC002,Prospecting - Lookalike - Purchasers,act_123456789,Vitalis UK,GBP,2025-01-23,5626,99,59.1,0.6,10.5,1.7648,5118,1.1,2025-01-24T00:00:00
MC003,Retargeting - Website Visitors 30d,act_123456789,Vitalis UK,GBP,2025-01-23,3100,105,28.0,0.27,9.03,3.4048,2336,1.33,2025-01-24T00:00:00
MC004,Retargeting - Add to Cart 7d,act_123456789,Vitalis UK,GBP,2025-01-23,4160,164,35.85,0.22,8.62,3.9563,3875,1.07,2025-01-24T00:00:00
MC005,Prospecting - Interest - Wellness,act_123456789,Vitalis UK,GBP,2025-01-23,4696,91,56.19,0.62,11.97,1.9501,3603,1.3,2025-01-24T00:00:00
MC006,DPA - Catalogue Sales,act_123456789,Vitalis UK,GBP,2025-01-23,2794,94,28.71,0.31,10.28,3.3866,2524,1.11,2025-01-24T00:00:00
MC001,Prospecting - Broad - CBD Oils,act_123456789,Vitalis UK,GBP,2025-01-24,8147,157,78.3,0.5,9.61,1.9346,6943,1.17,2025-01-25T00:00:00
MC002,Prospecting - Lookalike - Purchasers,act_123456789,Vitalis UK,GBP,2025-01-24,6966,112,72.0,0.64,10.34,1.6183,6363,1.09,2025-01-25T00:00:00
MC003,Retargeting - Website Visitors 30d,act_123456789,Vitalis UK,GBP,2025-01-24,2759,96,29.47,0.31,10.68,3.4909,2244,1.23,2025-01-25T00:00:00
MC004,Retargeting - Add to Cart 7d,act_123456789,Vitalis UK,GBP,2025-01-24,2968,98,30.69,0.31,10.34,3.3109,2813,1.06,2025-01-25T00:00:00
MC005,Prospecting - Interest - Wellness,act_123456789,Vitalis UK,GBP,2025-01-24,7765,119,66.8,0.56,8.6,1.5423,6620,1.17,2025-01-25T00:00:00
MC006,DPA - Catalogue Sales,act_123456789,Vitalis UK,GBP,2025-01-24,2946,88,31.87,0.36,10.82,3.006,2120,1.39,2025-01-25T00:00:00
MC001,Prospecting - Broad - CBD Oils,act_123456789,Vitalis UK,GBP,2025-01-25,5879,121,60.08,0.5,10.22,2.0699,4171,1.41,2025-01-26T00:00:00
MC002,Prospecting - Lookalike - Purchasers,act_123456789,Vitalis UK,GBP,2025-01-25,8430,159,74.72,0.47,8.86,1.891,7065,1.19,2025-01-26T00:00:00
MC003,Retargeting - Website Visitors 30d,act_123456789,Vitalis UK,GBP,2025-01-25,3923,136,33.98,0.25,8.66,3.4919,3066,1.28,2025-01-26T00:00:00
MC004,Retargeting - Add to Cart 7d,act_123456789,Vitalis UK,GBP,2025-01-25,3929,143,40.17,0.28,10.22,3.6563,3424,1.15,2025-01-26T00:00:00
MC005,Prospecting - Interest - Wellness,act_123456789,Vitalis UK,GBP,2025-01-25,7198,113,63.49,0.56,8.82,1.5753,6591,1.09,2025-01-26T00:00:00
MC006,DPA - Catalogue Sales,act_123456789,Vitalis UK,GBP,2025-01-25,3295,117,32.27,0.28,9.79,3.5558,2908,1.13,2025-01-26T00:00:00
MC001,Prospecting - Broad - CBD Oils,act_123456789,Vitalis UK,GBP,2025-01-26,5605,98,59.52,0.61,10.62,1.7493,5060,1.11,2025-01-27T00:00:00
MC002,Prospecting - Lookalike - Purchasers,act_123456789,Vitalis UK,GBP,2025-01-26,7491,130,68.34,0.53,9.12,1.7457,6320,1.19,2025-01-27T00:00:00
MC003,Retargeting - Website Visitors 30d,act_123456789,Vitalis UK,GBP,2025-01-26,3017,91,34.07,0.37,11.29,3.0491,2488,1.21,2025-01-27T00:00:00
MC004,Retargeting - Add to Cart 7d,act_123456789,Vitalis UK,GBP,2025-01-26,3917,137,34.4,0.25,8.78,3.5061,2968,1.32,2025-01-27T00:00:00
MC005,Prospecting - Interest - Wellness,act_123456789,Vitalis UK,GBP,2025-01-26,6260,119,62.95,0.53,10.06,1.9025,4813,1.3,2025-01-27T00:00:00
MC006,DPA - Catalogue Sales,act_123456789,Vitalis UK,GBP,2025-01-26,3966,145,33.36,0.23,8.41,3.6603,3472,1.14,2025-01-27T00:00:00
MC001,Prospecting - Broad - CBD Oils,act_123456789,Vitalis UK,GBP,2025-01-27,6649,124,69.92,0.56,10.52,1.8785,5541,1.2,2025-01-28T00:00:00
MC002,Prospecting - Lookalike - Purchasers,act_123456789,Vitalis UK,GBP,2025-01-27,7551,127,78.54,0.62,10.4,1.6864,5747,1.31,2025-01-28T00:00:00
MC003,Retargeting - Website Visitors 30d,act_123456789,Vitalis UK,GBP,2025-01-27,2845,103,33.64,0.33,11.82,3.6344,2327,1.22,2025-01-28T00:00:00
MC004,Retargeting - Add to Cart 7d,act_123456789,Vitalis UK,GBP,2025-01-27,4012,121,34.48,0.28,8.59,3.0237,2845,1.41,2025-01-28T00:00:00
MC005,Prospecting - Interest - Wellness,act_123456789,Vitalis UK,GBP,2025-01-27,8225,166,79.91,0.48,9.72,2.0296,6501,1.27,2025-01-28T00:00:00
MC006,DPA - Catalogue Sales,act_123456789,Vitalis UK,GBP,2025-01-27,3689,140,37.69,0.27,10.22,3.8087,2854,1.29,2025-01-28T00:00:00
MC001,Prospecting - Broad - CBD Oils,act_123456789,Vitalis UK,GBP,2025-01-28,5212,97,60.41,0.62,11.59,1.869,4324,1.21,2025-01-29T00:00:00
MC002,Prospecting - Lookalike - Purchasers,act_123456789,Vitalis UK,GBP,2025-01-28,6018,113,55.36,0.49,9.2,1.8822,5066,1.19,2025-01-29T00:00:00
MC003,Retargeting - Website Visitors 30d,act_123456789,Vitalis UK,GBP,2025-01-28,2734,90,29.69,0.33,10.86,3.3168,2495,1.1,2025-01-29T00:00:00
MC004,Retargeting - Add to Cart 7d,act_123456789,Vitalis UK,GBP,2025-01-28,3002,105,29.74,0.28,9.91,3.5284,2505,1.2,2025-01-29T00:00:00
MC005,Prospecting - Interest - Wellness,act_123456789,Vitalis UK,GBP,2025-01-28,5813,101,61.6,0.61,10.6,1.7416,4657,1.25,2025-01-29T00:00:00
MC006,DPA - Catalogue Sales,act_123456789,Vitalis UK,GBP,2025-01-28,3691,127,30.96,0.24,8.39,3.4556,3059,1.21,2025-01-29T00:00:00
MC001,Prospecting - Broad - CBD Oils,act_123456789,Vitalis UK,GBP,2025-01-29,9257,179,77.31,0.43,8.35,1.9343,7027,1.32,2025-01-30T00:00:00
MC002,Prospecting - Lookalike - Purchasers,act_123456789,Vitalis UK,GBP,2025-01-29,7638,144,65.49,0.45,8.57,1.888,6096,1.25,2025-01-30T00:00:00
MC003,Retargeting - Website Visitors 30d,act_123456789,Vitalis UK,GBP,2025-01-29,3522,107,34.86,0.33,9.9,3.051,2845,1.24,2025-01-30T00:00:00
MC004,Retargeting - Add to Cart 7d,act_123456789,Vitalis UK,GBP,2025-01-29,3390,130,40.34,0.31,11.9,3.8568,3089,1.1,2025-01-30T00:00:00
MC005,Prospecting - Interest - Wellness,act_123456789,Vitalis UK,GBP,2025-01-29,6336,131,71.89,0.55,11.35,2.0699,4504,1.41,2025-01-30T00:00:00
MC006,DPA - Catalogue Sales,act_123456789,Vitalis UK,GBP,2025-01-29,4284,129,39.69,0.31,9.26,3.0291,3909,1.1,2025-01-30T00:00:00
MC001,Prospecting - Broad - CBD Oils,act_123456789,Vitalis UK,GBP,2025-01-30,4992,76,56.98,0.75,11.41,1.5395,4727,1.06,2025-01-31T00:00:00
MC002,Prospecting - Lookalike - Purchasers,act_123456789,Vitalis UK,GBP,2025-01-30,6124,102,60.98,0.6,9.96,1.6742,4894,1.25,2025-01-31T00:00:00
MC003,Retargeting - Website Visitors 30d,act_123456789,Vitalis UK,GBP,2025-01-30,3357,114,30.82,0.27,9.18,3.4253,3183,1.05,2025-01-31T00:00:00
MC004,Retargeting - Add to Cart 7d,act_123456789,Vitalis UK,GBP,2025-01-30,3532,117,36.8,0.31,10.42,3.3168,2896,1.22,2025-01-31T00:00:00
MC005,Prospecting - Interest - Wellness,act_123456789,Vitalis UK,GBP,2025-01-30,8594,149,72.17,0.48,8.4,1.7348,6815,1.26,2025-01-31T00:00:00
MC006,DPA - Catalogue Sales,act_123456789,Vitalis UK,GBP,2025-01-30,2409,82,29.49,0.36,12.24,3.4102,1987,1.21,2025-01-31T00:00:00
MC001,Prospecting - Broad - CBD Oils,act_123456789,Vitalis UK,GBP,2025-01-31,6081,104,55.1,0.53,9.06,1.714,4259,1.43,2025-02-01T00:00:00
MC002,Prospecting - Lookalike - Purchasers,act_123456789,Vitalis UK,GBP,2025-01-31,5715,96,66.51,0.69,11.64,1.6881,5429,1.05,2025-02-01T00:00:00
MC003,Retargeting - Website Visitors 30d,act_123456789,Vitalis UK,GBP,2025-01-31,3566,108,31.85,0.29,8.93,3.0516,3208,1.11,2025-02-01T00:00:00
MC004,Retargeting - Add to Cart 7d,act_123456789,Vitalis UK,GBP,2025-01-31,3195,105,30.33,0.29,9.49,3.2992,2959,1.08,2025-02-01T00:00:00
MC005,Prospecting - Interest - Wellness,act_123456789,Vitalis UK,GBP,2025-01-31,6065,112,58.62,0.52,9.67,1.861,5301,1.14,2025-02-01T00:00:00
MC006,DPA - Catalogue Sales,act_123456789,Vitalis UK,GBP,2025-01-31,2652,83,31.7,0.38,11.95,3.1494,2055,1.29,2025-02-01T00:00:00
MC001,Prospecting - Broad - CBD Oils,act_123456789,Vitalis UK,GBP,2025-02-01,8462,139,86.35,0.62,10.2,1.6515,7450,1.14,2025-02-02T00:00:00
MC002,Prospecting - Lookalike - Purchasers,act_123456789,Vitalis UK,GBP,2025-02-01,8732,152,80.38,0.53,9.21,1.7487,7984,1.09,2025-02-02T00:00:00
MC003,Retargeting - Website Visitors 30d,act_123456789,Vitalis UK,GBP,2025-02-01,3621,133,39.17,0.29,10.82,3.6838,3000,1.21,2025-02-02T00:00:00
MC004,Retargeting - Add to Cart 7d,act_123456789,Vitalis UK,GBP,2025-02-01,3938,150,34.96,0.23,8.88,3.8295,3382,1.16,2025-02-02T00:00:00
MC005,Prospecting - Interest - Wellness,act_123456789,Vitalis UK,GBP,2025-02-01,9289,171,82.2,0.48,8.85,1.8496,7073,1.31,2025-02-02T00:00:00
MC006,DPA - Catalogue Sales,act_123456789,Vitalis UK,GBP,2025-02-01,3771,142,33.32,0.23,8.84,3.784,3219,1.17,2025-02-02T00:00:00
MC001,Prospecting - Broad - CBD Oils,act_123456789,Vitalis UK,GBP,2025-02-02,8224,145,84.62,0.58,10.29,1.7674,7061,1.16,2025-02-03T00:00:00
MC002,Prospecting - Lookalike - Purchasers,act_123456789,Vitalis UK,GBP,2025-02-02,7084,140,76.63,0.55,10.82,1.9811,5295,1.34,2025-02-03T00:00:00
MC003,Retargeting - Website Visitors 30d,act_123456789,Vitalis UK,GBP,2025-02-02,3387,129,37.38,0.29,11.04,3.8355,2559,1.32,2025-02-03T00:00:00
MC004,Retargeting - Add to Cart 7d,act_123456789,Vitalis UK,GBP,2025-02-02,3365,118,33.95,0.29,10.09,3.515,2497,1.35,2025-02-03T00:00:00
MC005,Prospecting - Interest - Wellness,act_123456789,Vitalis UK,GBP,2025-02-02,6187,109,74.29,0.68,12.01,1.7735,4695,1.32,2025-02-03T00:00:00
MC006,DPA - Catalogue Sales,act_123456789,Vitalis UK,GBP,2025-02-02,3927,127,42.31,0.33,10.77,3.2494,3503,1.12,2025-02-03T00:00:00
MC001,Prospecting - Broad - CBD Oils,act_123456789,Vitalis UK,GBP,2025-02-03,8118,139,76.95,0.55,9.48,1.716,5850,1.39,2025-02-04T00:00:00
MC002,Prospecting - Lookalike - Purchasers,act_123456789,Vitalis UK,GBP,2025-02-03,6660,103,77.22,0.75,11.59,1.5571,5100,1.31,2025-02-04T00:00:00
MC003,Retargeting - Website Visitors 30d,act_123456789,Vitalis UK,GBP,2025-02-03,3337,124,36.48,0.29,10.93,3.7291,2552,1.31,2025-02-04T00:00:00
MC004,Retargeting - Add to Cart 7d,act_123456789,Vitalis UK,GBP,2025-02-03,2486,81,29.64,0.37,11.92,3.2616,2279,1.09,2025-02-04T00:00:00
MC005,Prospecting - Interest - Wellness,act_123456789,Vitalis UK,GBP,2025-02-03,7064,130,78.99,0.61,11.18,1.8426,6613,1.07,2025-02-04T00:00:00
MC006,DPA - Catalogue Sales,act_123456789,Vitalis UK,GBP,2025-02-03,4059,162,35.75,0.22,8.81,4.014,3617,1.12,2025-02-04T00:00:00
MC001,Prospecting - Broad - CBD Oils,act_123456789,Vitalis UK,GBP,2025-02-04,9030,163,76.63,0.47,8.49,1.8145,8004,1.13,2025-02-05T00:00:00
MC002,Prospecting - Lookalike - Purchasers,act_123456789,Vitalis UK,GBP,2025-02-04,5962,111,63.76,0.57,10.69,1.8754,4754,1.25,2025-02-05T00:00:00
MC003,Retargeting - Website Visitors 30d,act_123456789,Vitalis UK,GBP,2025-02-04,2603,98,31.11,0.32,11.95,3.7979,2254,1.15,2025-02-05T00:00:00
MC004,Retargeting - Add to Cart 7d,act_123456789,Vitalis UK,GBP,2025-02-04,4484,147,39.07,0.27,8.71,3.3004,3565,1.26,2025-02-05T00:00:00
MC005,Prospecting - Interest - Wellness,act_123456789,Vitalis UK,GBP,2025-02-04,4928,76,59.0,0.78,11.97,1.552,4567,1.08,2025-02-05T00:00:00
MC006,DPA - Catalogue Sales,act_123456789,Vitalis UK,GBP,2025-02-04,3422,130,34.33,0.26,10.03,3.8142,2900,1.18,2025-02-05T00:00:00
MC001,Prospecting - Broad - CBD Oils,act_123456789,Vitalis UK,GBP,2025-02-05,9531,164,81.5,0.5,8.55,1.7266,7341,1.3,2025-02-06T00:00:00
MC002,Prospecting - Lookalike - Purchasers,act_123456789,Vitalis UK,GBP,2025-02-05,5398,98,64.92,0.66,12.03,1.8339,4158,1.3,2025-02-06T00:00:00
MC003,Retargeting - Website Visitors 30d,act_123456789,Vitalis UK,GBP,2025-02-05,3775,127,32.57,0.26,8.63,3.3856,3429,1.1,2025-02-06T00:00:00
MC004,Retargeting - Add to Cart 7d,act_123456789,Vitalis UK,GBP,2025-02-05,3533,113,36.42,0.32,10.31,3.1998,3144,1.12,2025-02-06T00:00:00
MC005,Prospecting - Interest - Wellness,act_123456789,Vitalis UK,GBP,2025-02-05,6061,119,67.58,0.57,11.15,1.9771,5380,1.13,2025-02-06T00:00:00
MC006,DPA - Catalogue Sales,act_123456789,Vitalis UK,GBP,2025-02-05,3345,118,37.27,0.32,11.14,3.5279,2461,1.36,2025-02-06T00:00:00
MC001,Prospecting - Broad - CBD Oils,act_123456789,Vitalis UK,GBP,2025-02-06,7461,131,68.45,0.52,9.17,1.7679,5846,1.28,2025-02-07T00:00:00
MC002,Prospecting - Lookalike - Purchasers,act_123456789,Vitalis UK,GBP,2025-02-06,7654,152,72.47,0.48,9.47,1.993,5693,1.34,2025-02-07T00:00:00
MC003,Retargeting - Website Visitors 30d,act_123456789,Vitalis UK,GBP,2025-02-06,3653,129,38.18,0.3,10.45,3.5453,2616,1.4,2025-02-07T00:00:00
MC004,Retargeting - Add to Cart 7d,act_123456789,Vitalis UK,GBP,2025-02-06,3988,144,35.88,0.25,9.0,3.635,3441,1.16,2025-02-07T00:00:00
MC005,Prospecting - Interest - Wellness,act_123456789,Vitalis UK,GBP,2025-02-06,6306,102,71.46,0.7,11.33,1.6312,5394,1.17,2025-02-07T00:00:00
MC006,DPA - Catalogue Sales,act_123456789,Vitalis UK,GBP,2025-02-06,3452,136,36.93,0.27,10.7,3.9641,2552,1.35,2025-02-07T00:00:00
MC001,Prospecting - Broad - CBD Oils,act_123456789,Vitalis UK,GBP,2025-02-07,8334,169,79.39,0.47,9.53,2.0381,6188,1.35,2025-02-08T00:00:00
MC002,Prospecting - Lookalike - Purchasers,act_123456789,Vitalis UK,GBP,2025-02-07,5751,104,65.03,0.63,11.31,1.8218,5018,1.15,2025-02-08T00:00:00
MC003,Retargeting - Website Visitors 30d,act_123456789,Vitalis UK,GBP,2025-02-07,3602,110,41.08,0.37,11.4,3.0671,2536,1.42,2025-02-08T00:00:00
MC004,Retargeting - Add to Cart 7d,act_123456789,Vitalis UK,GBP,2025-02-07,3404,121,38.13,0.32,11.2,3.5805,2839,1.2,2025-02-08T00:00:00
MC005,Prospecting - Interest - Wellness,act_123456789,Vitalis UK,GBP,2025-02-07,6622,133,81.72,0.61,12.34,2.0221,6138,1.08,2025-02-08T00:00:00
MC006,DPA - Catalogue Sales,act_123456789,Vitalis UK,GBP,2025-02-07,4234,145,37.53,0.26,8.86,3.4312,3891,1.09,2025-02-08T00:00:00
MC001,Prospecting - Broad - CBD Oils,act_123456789,Vitalis UK,GBP,2025-02-08,6982,141,68.83,0.49,9.86,2.0303,5303,1.32,2025-02-09T00:00:00
MC002,Prospecting - Lookalike - Purchasers,act_123456789,Vitalis UK,GBP,2025-02-08,8021,122,71.35,0.58,8.9,1.5304,6557,1.22,2025-02-09T00:00:00
MC003,Retargeting - Website Visitors 30d,act_123456789,Vitalis UK,GBP,2025-02-08,3509,132,38.33,0.29,10.92,3.7857,2555,1.37,2025-02-09T00:00:00
MC004,Retargeting - Add to Cart 7d,act_123456789,Vitalis UK,GBP,2025-02-08,3157,113,33.57,0.3,10.63,3.5808,2960,1.07,2025-02-09T00:00:00
MC005,Prospecting - Interest - Wellness,act_123456789,Vitalis UK,GBP,2025-02-08,7926,161,72.11,0.45,9.1,2.0426,5965,1.33,2025-02-09T00:00:00
MC006,DPA - Catalogue Sales,act_123456789,Vitalis UK,GBP,2025-02-08,3724,117,33.14,0.28,8.9,3.1548,2828,1.32,2025-02-09T00:00:00
MC001,Prospecting - Broad - CBD Oils,act_123456789,Vitalis UK,GBP,2025-02-09,9741,153,84.43,0.55,8.67,1.5795,8134,1.2,2025-02-10T00:00:00
MC002,Prospecting - Lookalike - Purchasers,act_123456789,Vitalis UK,GBP,2025-02-09,8389,139,90.18,0.65,10.75,1.6575,7548,1.11,2025-02-10T00:00:00
MC003,Retargeting - Website Visitors 30d,act_123456789,Vitalis UK,GBP,2025-02-09,3874,153,36.83,0.24,9.51,3.9612,3444,1.12,2025-02-10T00:00:00
MC004,Retargeting - Add to Cart 7d,act_123456789,Vitalis UK,GBP,2025-02-09,4966,192,41.99,0.22,8.46,3.8838,3644,1.36,2025-02-10T00:00:00
MC005,Prospecting - Interest - Wellness,act_123456789,Vitalis UK,GBP,2025-02-09,6424,130,73.55,0.57,11.45,2.0279,5874,1.09,2025-02-10T00:00:00
MC006,DPA - Catalogue Sales,act_123456789,Vitalis UK,GBP,2025-02-09,3159,110,37.72,0.34,11.94,3.5033,2603,1.21,2025-02-10T00:00:00
MC001,Prospecting - Broad - CBD Oils,act_123456789,Vitalis UK,GBP,2025-02-10,6031,116,68.79,0.59,11.41,1.9336,4391,1.37,2025-02-11T00:00:00
MC002,Prospecting - Lookalike - Purchasers,act_123456789,Vitalis UK,GBP,2025-02-10,9010,160,84.25,0.53,9.35,1.7779,8530,1.06,2025-02-11T00:00:00
MC003,Retargeting - Website Visitors 30d,act_123456789,Vitalis UK,GBP,2025-02-10,4346,166,41.08,0.25,9.45,3.8349,4093,1.06,2025-02-11T00:00:00
MC004,Retargeting - Add to Cart 7d,act_123456789,Vitalis UK,GBP,2025-02-10,3875,137,35.4,0.26,9.14,3.5542,2723,1.42,2025-02-11T00:00:00
MC005,Prospecting - Interest - Wellness,act_123456789,Vitalis UK,GBP,2025-02-10,9661,185,88.13,0.48,9.12,1.918,8675,1.11,2025-02-11T00:00:00
MC006,DPA - Catalogue Sales,act_123456789,Vitalis UK,GBP,2025-02-10,4121,159,35.6,0.22,8.64,3.8649,3698,1.11,2025-02-11T00:00:00
MC001,Prospecting - Broad - CBD Oils,act_123456789,Vitalis UK,GBP,2025-02-11,6205,102,71.52,0.7,11.53,1.6488,4685,1.32,2025-02-12T00:00:00
MC002,Prospecting - Lookalike - Purchasers,act_123456789,Vitalis UK,GBP,2025-02-11,7874,123,76.96,0.63,9.77,1.5706,5688,1.38,2025-02-12T00:00:00
MC003,Retargeting - Website Visitors 30d,act_123456789,Vitalis UK,GBP,2025-02-11,3365,109,41.92,0.38,12.46,3.2487,2383,1.41,2025-02-12T00:00:00
MC004,Retargeting - Add to Cart 7d,act_123456789,Vitalis UK,GBP,2025-02-11,4365,143,43.15,0.3,9.89,3.292,3314,1.32,2025-02-12T00:00:00
MC005,Prospecting - Interest - Wellness,act_123456789,Vitalis UK,GBP,2025-02-11,10026,183,86.31,0.47,8.61,1.8332,9224,1.09,2025-02-12T00:00:00
MC006,DPA - Catalogue Sales,act_123456789,Vitalis UK,GBP,2025-02-11,3353,106,36.11,0.34,10.77,3.1781,2700,1.24,2025-02-12T00:00:00
MC001,Prospecting - Broad - CBD Oils,act_123456789,Vitalis UK,GBP,2025-02-12,9047,173,76.69,0.44,8.48,1.9166,7310,1.24,2025-02-13T00:00:00
MC002,Prospecting - Lookalike - Purchasers,act_123456789,Vitalis UK,GBP,2025-02-12,8126,130,70.85,0.54,8.72,1.6009,6618,1.23,2025-02-13T00:00:00
MC003,Retargeting - Website Visitors 30d,act_123456789,Vitalis UK,GBP,2025-02-12,3946,126,36.63,0.29,9.28,3.2124,3317,1.19,2025-02-13T00:00:00
MC004,Retargeting - Add to Cart 7d,act_123456789,Vitalis UK,GBP,2025-02-12,3881,139,37.07,0.27,9.55,3.5893,3486,1.11,2025-02-13T00:00:00
MC005,Prospecting - Interest - Wellness,act_123456789,Vitalis UK,GBP,2025-02-12,7784,144,77.3,0.54,9.93,1.8627,5453,1.43,2025-02-13T00:00:00
MC006,DPA - Catalogue Sales,act_123456789,Vitalis UK,GBP,2025-02-12,3558,132,41.52,0.31,11.67,3.7315,2679,1.33,2025-02-13T00:00:00
MC001,Prospecting - Broad - CBD Oils,act_123456789,Vitalis UK,GBP,2025-02-13,8528,143,88.75,0.62,10.41,1.6804,6439,1.32,2025-02-14T00:00:00
MC002,Prospecting - Lookalike - Purchasers,act_123456789,Vitalis UK,GBP,2025-02-13,5966,99,67.28,0.68,11.28,1.671,5339,1.12,2025-02-14T00:00:00
MC003,Retargeting - Website Visitors 30d,act_123456789,Vitalis UK,GBP,2025-02-13,4780,165,40.82,0.25,8.54,3.464,4352,1.1,2025-02-14T00:00:00
MC004,Retargeting - Add to Cart 7d,act_123456789,Vitalis UK,GBP,2025-02-13,3986,145,38.0,0.26,9.53,3.6519,3024,1.32,2025-02-14T00:00:00
MC005,Prospecting - Interest - Wellness,act_123456789,Vitalis UK,GBP,2025-02-13,8084,149,83.28,0.56,10.3,1.8492,6869,1.18,2025-02-14T00:00:00
MC006,DPA - Catalogue Sales,act_123456789,Vitalis UK,GBP,2025-02-13,4212,159,35.96,0.23,8.54,3.7924,3222,1.31,2025-02-14T00:00:00
MC001,Prospecting - Broad - CBD Oils,act_123456789,Vitalis UK,GBP,2025-02-14,8192,156,75.84,0.49,9.26,1.9096,7669,1.07,2025-02-15T00:00:00
MC002,Prospecting - Lookalike - Purchasers,act_123456789,Vitalis UK,GBP,2025-02-14,7097,139,60.22,0.43,8.49,1.969,6703,1.06,2025-02-15T00:00:00
MC003,Retargeting - Website Visitors 30d,act_123456789,Vitalis UK,GBP,2025-02-14,2564,84,30.22,0.36,11.79,3.2916,2359,1.09,2025-02-15T00:00:00
MC004,Retargeting - Add to Cart 7d,act_123456789,Vitalis UK,GBP,2025-02-14,3666,131,37.88,0.29,10.33,3.5842,3196,1.15,2025-02-15T00:00:00
MC005,Prospecting - Interest - Wellness,act_123456789,Vitalis UK,GBP,2025-02-14,5435,89,63.66,0.72,11.71,1.6484,3898,1.39,2025-02-15T00:00:00
MC006,DPA - Catalogue Sales,act_123456789,Vitalis UK,GBP,2025-02-14,3955,134,34.65,0.26,8.76,3.3885,2780,1.42,2025-02-15T00:00:00
MC001,Prospecting - Broad - CBD Oils,act_123456789,Vitalis UK,GBP,2025-02-15,9317,153,79.17,0.52,8.5,1.6445,6819,1.37,2025-02-16T00:00:00
MC002,Prospecting - Lookalike - Purchasers,act_123456789,Vitalis UK,GBP,2025-02-15,6505,100,68.69,0.69,10.56,1.5513,5008,1.3,2025-02-16T00:00:00
MC003,Retargeting - Website Visitors 30d,act_123456789,Vitalis UK,GBP,2025-02-15,4040,154,39.7,0.26,9.83,3.8339,3142,1.29,2025-02-16T00:00:00
MC004,Retargeting - Add to Cart 7d,act_123456789,Vitalis UK,GBP,2025-02-15,3855,142,35.89,0.25,9.31,3.6971,2914,1.32,2025-02-16T00:00:00
MC005,Prospecting - Interest - Wellness,act_123456789,Vitalis UK,GBP,2025-02-15,9430,189,85.29,0.45,9.04,2.0126,7416,1.27,2025-02-16T00:00:00
MC006,DPA - Catalogue Sales,act_123456789,Vitalis UK,GBP,2025-02-15,4906,155,42.35,0.27,8.63,3.1634,4652,1.05,2025-02-16T00:00:00
MC001,Prospecting - Broad - CBD Oils,act_123456789,Vitalis UK,GBP,2025-02-16,6578,113,71.37,0.63,10.85,1.7218,5535,1.19,2025-02-17T00:00:00
MC002,Prospecting - Lookalike - Purchasers,act_123456789,Vitalis UK,GBP,2025-02-16,6034,118,70.51,0.6,11.69,1.972,5600,1.08,2025-02-17T00:00:00
MC003,Retargeting - Website Visitors 30d,act_123456789,Vitalis UK,GBP,2025-02-16,2821,94,33.76,0.36,11.97,3.363,2317,1.22,2025-02-17T00:00:00
MC004,Retargeting - Add to Cart 7d,act_123456789,Vitalis UK,GBP,2025-02-16,3721,135,33.31,0.25,8.95,3.6293,3462,1.07,2025-02-17T00:00:00
MC005,Prospecting - Interest - Wellness,act_123456789,Vitalis UK,GBP,2025-02-16,6504,117,81.25,0.69,12.49,1.8079,5361,1.21,2025-02-17T00:00:00
MC006,DPA - Catalogue Sales,act_123456789,Vitalis UK,GBP,2025-02-16,4340,129,38.47,0.3,8.86,2.9798,3240,1.34,2025-02-17T00:00:00
MC001,Prospecting - Broad - CBD Oils,act_123456789,Vitalis UK,GBP,2025-02-17,5287,103,61.39,0.6,11.61,1.9509,4704,1.12,2025-02-18T00:00:00
MC002,Prospecting - Lookalike - Purchasers,act_123456789,Vitalis UK,GBP,2025-02-17,5952,119,66.1,0.56,11.11,2.0062,4555,1.31,2025-02-18T00:00:00
MC003,Retargeting - Website Visitors 30d,act_123456789,Vitalis UK,GBP,2025-02-17,3383,131,35.23,0.27,10.41,3.8958,3137,1.08,2025-02-18T00:00:00
MC004,Retargeting - Add to Cart 7d,act_123456789,Vitalis UK,GBP,2025-02-17,2925,92,35.97,0.39,12.3,3.1649,2411,1.21,2025-02-18T00:00:00
MC005,Prospecting - Interest - Wellness,act_123456789,Vitalis UK,GBP,2025-02-17,7975,146,67.93,0.47,8.52,1.8349,6535,1.22,2025-02-18T00:00:00
MC006,DPA - Catalogue Sales,act_123456789,Vitalis UK,GBP,2025-02-17,2989,107,35.22,0.33,11.78,3.5986,2798,1.07,2025-02-18T00:00:00
MC001,Prospecting - Broad - CBD Oils,act_123456789,Vitalis UK,GBP,2025-02-18,7388,132,77.78,0.59,10.53,1.7899,6870,1.08,2025-02-19T00:00:00
MC002,Prospecting - Lookalike - Purchasers,act_123456789,Vitalis UK,GBP,2025-02-18,7742,149,82.95,0.56,10.71,1.9312,6332,1.22,2025-02-19T00:00:00
MC003,Retargeting - Website Visitors 30d,act_123456789,Vitalis UK,GBP,2025-02-18,3300,107,35.26,0.33,10.68,3.2623,2316,1.42,2025-02-19T00:00:00
MC004,Retargeting - Add to Cart 7d,act_123456789,Vitalis UK,GBP,2025-02-18,3396,128,35.8,0.28,10.54,3.7864,3003,1.13,2025-02-19T00:00:00
MC005,Prospecting - Interest - Wellness,act_123456789,Vitalis UK,GBP,2025-02-18,8840,168,77.34,0.46,8.75,1.9063,7428,1.19,2025-02-19T00:00:00
MC006,DPA - Catalogue Sales,act_123456789,Vitalis UK,GBP,2025-02-18,3439,106,39.99,0.38,11.63,3.094,2632,1.31,2025-02-19T00:00:00
MC001,Prospecting - Broad - CBD Oils,act_123456789,Vitalis UK,GBP,2025-02-19,7184,113,71.9,0.64,10.01,1.5777,6782,1.06,2025-02-20T00:00:00
MC002,Prospecting - Lookalike - Purchasers,act_123456789,Vitalis UK,GBP,2025-02-19,7467,129,67.78,0.53,9.08,1.7331,6825,1.09,2025-02-20T00:00:00
MC003,Retargeting - Website Visitors 30d,act_123456789,Vitalis UK,GBP,2025-02-19,3534,130,42.57,0.33,12.05,3.6851,2541,1.39,2025-02-20T00:00:00
MC004,Retargeting - Add to Cart 7d,act_123456789,Vitalis UK,GBP,2025-02-19,3324,106,36.83,0.35,11.08,3.2084,2525,1.32,2025-02-20T00:00:00
MC005,Prospecting - Interest - Wellness,act_123456789,Vitalis UK,GBP,2025-02-19,6372,101,70.17,0.69,11.01,1.5938,6020,1.06,2025-02-20T00:00:00
MC006,DPA - Catalogue Sales,act_123456789,Vitalis UK,GBP,2025-02-19,2710,103,32.92,0.32,12.15,3.8027,1902,1.42,2025-02-20T00:00:00
MC001,Prospecting - Broad - CBD Oils,act_123456789,Vitalis UK,GBP,2025-02-20,7330,129,78.34,0.61,10.69,1.7635,6241,1.17,2025-02-21T00:00:00
MC002,Prospecting - Lookalike - Purchasers,act_123456789,Vitalis UK,GBP,2025-02-20,7465,149,66.85,0.45,8.96,2.0025,5955,1.25,2025-02-21T00:00:00
MC003,Retargeting - Website Visitors 30d,act_123456789,Vitalis UK,GBP,2025-02-20,3107,99,31.15,0.31,10.03,3.1949,2922,1.06,2025-02-21T00:00:00
MC004,Retargeting - Add to Cart 7d,act_123456789,Vitalis UK,GBP,2025-02-20,3432,137,33.73,0.25,9.83,4.0164,2902,1.18,2025-02-21T00:00:00
MC005,Prospecting - Interest - Wellness,act_123456789,Vitalis UK,GBP,2025-02-20,7633,131,64.71,0.49,8.48,1.7258,6115,1.25,2025-02-21T00:00:00
MC006,DPA - Catalogue Sales,act_123456789,Vitalis UK,GBP,2025-02-20,2821,109,33.46,0.31,11.86,3.8921,2423,1.16,2025-02-21T00:00:00
MC001,Prospecting - Broad - CBD Oils,act_123456789,Vitalis UK,GBP,2025-02-21,8606,164,87.31,0.53,10.15,1.9059,7270,1.18,2025-02-22T00:00:00
MC002,Prospecting - Lookalike - Purchasers,act_123456789,Vitalis UK,GBP,2025-02-21,8515,138,84.12,0.61,9.88,1.6287,6424,1.33,2025-02-22T00:00:00
MC003,Retargeting - Website Visitors 30d,act_123456789,Vitalis UK,GBP,2025-02-21,3560,116,32.81,0.28,9.22,3.2609,2532,1.41,2025-02-22T00:00:00
MC004,Retargeting - Add to Cart 7d,act_123456789,Vitalis UK,GBP,2025-02-21,3628,108,39.4,0.36,10.86,3.0003,2601,1.39,2025-02-22T00:00:00
MC005,Prospecting - Interest - Wellness,act_123456789,Vitalis UK,GBP,2025-02-21,9928,155,84.78,0.55,8.54,1.5665,7001,1.42,2025-02-22T00:00:00
MC006,DPA - Catalogue Sales,act_123456789,Vitalis UK,GBP,2025-02-21,3518,139,33.36,0.24,9.48,3.9722,3070,1.15,2025-02-22T00:00:00
MC001,Prospecting - Broad - CBD Oils,act_123456789,Vitalis UK,GBP,2025-02-22,9336,161,80.33,0.5,8.6,1.7333,8811,1.06,2025-02-23T00:00:00
MC002,Prospecting - Lookalike - Purchasers,act_123456789,Vitalis UK,GBP,2025-02-22,7838,135,87.7,0.65,11.19,1.7305,6683,1.17,2025-02-23T00:00:00
MC003,Retargeting - Website Visitors 30d,act_123456789,Vitalis UK,GBP,2025-02-22,4387,140,38.44,0.27,8.76,3.2008,3816,1.15,2025-02-23T00:00:00
MC004,Retargeting - Add to Cart 7d,act_123456789,Vitalis UK,GBP,2025-02-22,3754,122,36.62,0.3,9.75,3.2741,3437,1.09,2025-02-23T00:00:00
MC005,Prospecting - Interest - Wellness,act_123456789,Vitalis UK,GBP,2025-02-22,6965,142,83.75,0.59,12.02,2.0519,6479,1.08,2025-02-23T00:00:00
MC006,DPA - Catalogue Sales,act_123456789,Vitalis UK,GBP,2025-02-22,4492,151,45.18,0.3,10.06,3.3632,3324,1.35,2025-02-23T00:00:00
MC001,Prospecting - Broad - CBD Oils,act_123456789,Vitalis UK,GBP,2025-02-23,7805,125,82.37,0.66,10.55,1.6116,6383,1.22,2025-02-24T00:00:00
MC002,Prospecting - Lookalike - Purchasers,act_123456789,Vitalis UK,GBP,2025-02-23,8507,167,84.84,0.51,9.97,1.9661,6927,1.23,2025-02-24T00:00:00
MC003,Retargeting - Website Visitors 30d,act_123456789,Vitalis UK,GBP,2025-02-23,4051,125,42.66,0.34,10.53,3.0911,3265,1.24,2025-02-24T00:00:00
MC004,Retargeting - Add to Cart 7d,act_123456789,Vitalis UK,GBP,2025-02-23,4068,146,43.45,0.3,10.68,3.6034,3810,1.07,2025-02-24T00:00:00
MC005,Prospecting - Interest - Wellness,act_123456789,Vitalis UK,GBP,2025-02-23,7390,124,81.53,0.66,11.03,1.6806,6507,1.14,2025-02-24T00:00:00
MC006,DPA - Catalogue Sales,act_123456789,Vitalis UK,GBP,2025-02-23,3248,102,37.57,0.37,11.57,3.1588,2754,1.18,2025-02-24T00:00:00
MC001,Prospecting - Broad - CBD Oils,act_123456789,Vitalis UK,GBP,2025-02-24,7073,140,83.98,0.6,11.87,1.9842,6676,1.06,2025-02-25T00:00:00
MC002,Prospecting - Lookalike - Purchasers,act_123456789,Vitalis UK,GBP,2025-02-24,8088,142,73.47,0.52,9.08,1.7578,5684,1.42,2025-02-25T00:00:00
MC003,Retargeting - Website Visitors 30d,act_123456789,Vitalis UK,GBP,2025-02-24,4757,182,42.38,0.23,8.91,3.843,3594,1.32,2025-02-25T00:00:00
MC004,Retargeting - Add to Cart 7d,act_123456789,Vitalis UK,GBP,2025-02-24,3798,121,33.54,0.28,8.83,3.1929,3317,1.15,2025-02-25T00:00:00
MC005,Prospecting - Interest - Wellness,act_123456789,Vitalis UK,GBP,2025-02-24,7870,149,68.07,0.46,8.65,1.896,6004,1.31,2025-02-25T00:00:00
MC006,DPA - Catalogue Sales,act_123456789,Vitalis UK,GBP,2025-02-24,3966,131,39.23,0.3,9.89,3.3254,3672,1.08,2025-02-25T00:00:00
MC001,Prospecting - Broad - CBD Oils,act_123456789,Vitalis UK,GBP,2025-02-25,7916,141,74.43,0.53,9.4,1.7824,6001,1.32,2025-02-26T00:00:00
MC002,Prospecting - Lookalike - Purchasers,act_123456789,Vitalis UK,GBP,2025-02-25,6769,125,69.16,0.55,10.22,1.8491,5519,1.23,2025-02-26T00:00:00
MC003,Retargeting - Website Visitors 30d,act_123456789,Vitalis UK,GBP,2025-02-25,3805,150,33.78,0.23,8.88,3.9446,3512,1.08,2025-02-26T00:00:00
MC004,Retargeting - Add to Cart 7d,act_123456789,Vitalis UK,GBP,2025-02-25,4477,178,37.58,0.21,8.39,3.984,3738,1.2,2025-02-26T00:00:00
MC005,Prospecting - Interest - Wellness,act_123456789,Vitalis UK,GBP,2025-02-25,9094,184,78.91,0.43,8.68,2.025,8198,1.11,2025-02-26T00:00:00
MC006,DPA - Catalogue Sales,act_123456789,Vitalis UK,GBP,2025-02-25,3259,119,36.47,0.31,11.19,3.6745,2281,1.43,2025-02-26T00:00:00
MC001,Prospecting - Broad - CBD Oils,act_123456789,Vitalis UK,GBP,2025-02-26,7196,141,74.29,0.53,10.32,1.9681,5682,1.27,2025-02-27T00:00:00
MC002,Prospecting - Lookalike - Purchasers,act_123456789,Vitalis UK,GBP,2025-02-26,8952,150,74.66,0.5,8.34,1.6808,8438,1.06,2025-02-27T00:00:00
MC003,Retargeting - Website Visitors 30d,act_123456789,Vitalis UK,GBP,2025-02-26,4571,183,40.45,0.22,8.85,4.0202,4218,1.08,2025-02-27T00:00:00
MC004,Retargeting - Add to Cart 7d,act_123456789,Vitalis UK,GBP,2025-02-26,3462,109,33.59,0.31,9.7,3.1764,2532,1.37,2025-02-27T00:00:00
MC005,Prospecting - Interest - Wellness,act_123456789,Vitalis UK,GBP,2025-02-26,6556,118,76.9,0.65,11.73,1.8028,4774,1.37,2025-02-27T00:00:00
MC006,DPA - Catalogue Sales,act_123456789,Vitalis UK,GBP,2025-02-26,3010,96,34.28,0.36,11.39,3.2201,2487,1.21,2025-02-27T00:00:00
MC001,Prospecting - Broad - CBD Oils,act_123456789,Vitalis UK,GBP,2025-02-27,6131,99,75.41,0.76,12.3,1.6279,5187,1.18,2025-02-28T00:00:00
MC002,Prospecting - Lookalike - Purchasers,act_123456789,Vitalis UK,GBP,2025-02-27,8544,144,89.58,0.62,10.48,1.6908,7822,1.09,2025-02-28T00:00:00
MC003,Retargeting - Website Visitors 30d,act_123456789,Vitalis UK,GBP,2025-02-27,3097,106,34.55,0.33,11.16,3.4322,2261,1.37,2025-02-28T00:00:00
MC004,Retargeting - Add to Cart 7d,act_123456789,Vitalis UK,GBP,2025-02-27,4942,183,43.3,0.24,8.76,3.7074,4402,1.12,2025-02-28T00:00:00
MC005,Prospecting - Interest - Wellness,act_123456789,Vitalis UK,GBP,2025-02-27,9271,179,89.33,0.5,9.64,1.9315,6893,1.34,2025-02-28T00:00:00
MC006,DPA - Catalogue Sales,act_123456789,Vitalis UK,GBP,2025-02-27,5086,195,44.17,0.23,8.68,3.837,4374,1.16,2025-02-28T00:00:00
MC001,Prospecting - Broad - CBD Oils,act_123456789,Vitalis UK,GBP,2025-02-28,7668,145,66.3,0.46,8.65,1.9024,7077,1.08,2025-03-01T00:00:00
MC002,Prospecting - Lookalike - Purchasers,act_123456789,Vitalis UK,GBP,2025-02-28,6900,119,67.05,0.56,9.72,1.7298,5841,1.18,2025-03-01T00:00:00
MC003,Retargeting - Website Visitors 30d,act_123456789,Vitalis UK,GBP,2025-02-28,3219,129,33.02,0.26,10.26,4.0185,2475,1.3,2025-03-01T00:00:00
MC004,Retargeting - Add to Cart 7d,act_123456789,Vitalis UK,GBP,2025-02-28,3243,98,37.99,0.39,11.71,3.0465,2810,1.15,2025-03-01T00:00:00
MC005,Prospecting - Interest - Wellness,act_123456789,Vitalis UK,GBP,2025-02-28,6123,121,67.71,0.56,11.06,1.9849,5366,1.14,2025-03-01T00:00:00
MC006,DPA - Catalogue Sales,act_123456789,Vitalis UK,GBP,2025-02-28,3417,131,41.46,0.32,12.13,3.8418,2689,1.27,2025-03-01T00:00:00
MC001,Prospecting - Broad - CBD Oils,act_123456789,Vitalis UK,GBP,2025-03-01,7074,117,80.0,0.68,11.31,1.6554,6528,1.08,2025-03-02T00:00:00
MC002,Prospecting - Lookalike - Purchasers,act_123456789,Vitalis UK,GBP,2025-03-01,8411,141,81.25,0.58,9.66,1.6821,7077,1.19,2025-03-02T00:00:00
MC003,Retargeting - Website Visitors 30d,act_123456789,Vitalis UK,GBP,2025-03-01,4859,172,42.47,0.25,8.74,3.5603,4449,1.09,2025-03-02T00:00:00
MC004,Retargeting - Add to Cart 7d,act_123456789,Vitalis UK,GBP,2025-03-01,4580,153,40.26,0.26,8.79,3.3529,4236,1.08,2025-03-02T00:00:00
MC005,Prospecting - Interest - Wellness,act_123456789,Vitalis UK,GBP,2025-03-01,8918,138,90.54,0.66,10.15,1.5512,6329,1.41,2025-03-02T00:00:00
MC006,DPA - Catalogue Sales,act_123456789,Vitalis UK,GBP,2025-03-01,4603,180,45.44,0.25,9.87,3.9165,3898,1.18,2025-03-02T00:00:00
MC001,Prospecting - Broad - CBD Oils,act_123456789,Vitalis UK,GBP,2025-03-02,7616,132,73.36,0.56,9.63,1.7378,5396,1.41,2025-03-03T00:00:00
MC002,Prospecting - Lookalike - Purchasers,act_123456789,Vitalis UK,GBP,2025-03-02,6970,120,80.35,0.67,11.53,1.7345,5760,1.21,2025-03-03T00:00:00
MC003,Retargeting - Website Visitors 30d,act_123456789,Vitalis UK,GBP,2025-03-02,4417,167,39.15,0.23,8.86,3.7897,4132,1.07,2025-03-03T00:00:00
MC004,Retargeting - Add to Cart 7d,act_123456789,Vitalis UK,GBP,2025-03-02,3055,116,33.82,0.29,11.07,3.7992,2269,1.35,2025-03-03T00:00:00
MC005,Prospecting - Interest - Wellness,act_123456789,Vitalis UK,GBP,2025-03-02,10066,173,86.05,0.5,8.55,1.7189,8950,1.12,2025-03-03T00:00:00
MC006,DPA - Catalogue Sales,act_123456789,Vitalis UK,GBP,2025-03-02,4919,172,41.41,0.24,8.42,3.4969,3992,1.23,2025-03-03T00:00:00
MC001,Prospecting - Broad - CBD Oils,act_123456789,Vitalis UK,GBP,2025-03-03,6590,134,77.29,0.58,11.73,2.0409,4740,1.39,2025-03-04T00:00:00
MC002,Prospecting - Lookalike - Purchasers,act_123456789,Vitalis UK,GBP,2025-03-03,6804,110,77.45,0.7,11.38,1.625,5360,1.27,2025-03-04T00:00:00
MC003,Retargeting - Website Visitors 30d,act_123456789,Vitalis UK,GBP,2025-03-03,4235,163,35.96,0.22,8.49,3.8596,3026,1.4,2025-03-04T00:00:00
MC004,Retargeting - Add to Cart 7d,act_123456789,Vitalis UK,GBP,2025-03-03,4051,121,34.02,0.28,8.4,2.993,3077,1.32,2025-03-04T00:00:00
MC005,Prospecting - Interest - Wellness,act_123456789,Vitalis UK,GBP,2025-03-03,6852,109,69.72,0.64,10.18,1.6052,5116,1.34,2025-03-04T00:00:00
MC006,DPA - Catalogue Sales,act_123456789,Vitalis UK,GBP,2025-03-03,4067,143,42.06,0.29,10.34,3.5164,3020,1.35,2025-03-04T00:00:00
MC001,Prospecting - Broad - CBD Oils,act_123456789,Vitalis UK,GBP,2025-03-04,8503,152,85.17,0.56,10.02,1.7902,6036,1.41,2025-03-05T00:00:00
MC002,Prospecting - Lookalike - Purchasers,act_123456789,Vitalis UK,GBP,2025-03-04,6731,137,80.94,0.59,12.02,2.0463,5107,1.32,2025-03-05T00:00:00
MC003,Retargeting - Website Visitors 30d,act_123456789,Vitalis UK,GBP,2025-03-04,4357,144,45.4,0.32,10.42,3.312,4010,1.09,2025-03-05T00:00:00
MC004,Retargeting - Add to Cart 7d,act_123456789,Vitalis UK,GBP,2025-03-04,4112,156,38.25,0.25,9.3,3.7951,3499,1.18,2025-03-05T00:00:00
MC005,Prospecting - Interest - Wellness,act_123456789,Vitalis UK,GBP,2025-03-04,8414,131,79.24,0.6,9.42,1.5591,7587,1.11,2025-03-05T00:00:00
MC006,DPA - Catalogue Sales,act_123456789,Vitalis UK,GBP,2025-03-04,3416,103,42.65,0.41,12.49,3.0266,2554,1.34,2025-03-05T00:00:00
MC001,Prospecting - Broad - CBD Oils,act_123456789,Vitalis UK,GBP,2025-03-05,7435,117,88.6,0.76,11.92,1.5858,5341,1.39,2025-03-06T00:00:00
MC002,Prospecting - Lookalike - Purchasers,act_123456789,Vitalis UK,GBP,2025-03-05,6949,123,82.77,0.67,11.91,1.7798,5958,1.17,2025-03-06T00:00:00
MC003,Retargeting - Website Visitors 30d,act_123456789,Vitalis UK,GBP,2025-03-05,4512,146,39.32,0.27,8.71,3.2373,4280,1.05,2025-03-06T00:00:00
MC004,Retargeting - Add to Cart 7d,act_123456789,Vitalis UK,GBP,2025-03-05,4601,150,47.31,0.32,10.28,3.2776,3765,1.22,2025-03-06T00:00:00
MC005,Prospecting - Interest - Wellness,act_123456789,Vitalis UK,GBP,2025-03-05,6779,137,78.67,0.57,11.6,2.0321,6401,1.06,2025-03-06T00:00:00
MC006,DPA - Catalogue Sales,act_123456789,Vitalis UK,GBP,2025-03-05,5361,160,48.3,0.3,9.01,3.0003,4342,1.23,2025-03-06T00:00:00
MC001,Prospecting - Broad - CBD Oils,act_123456789,Vitalis UK,GBP,2025-03-06,6921,120,77.04,0.64,11.13,1.734,4981,1.39,2025-03-07T00:00:00
MC002,Prospecting - Lookalike - Purchasers,act_123456789,Vitalis UK,GBP,2025-03-06,9642,178,83.39,0.47,8.65,1.8562,6935,1.39,2025-03-07T00:00:00
MC003,Retargeting - Website Visitors 30d,act_123456789,Vitalis UK,GBP,2025-03-06,4346,157,40.3,0.26,9.27,3.6128,3139,1.38,2025-03-07T00:00:00
MC004,Retargeting - Add to Cart 7d,act_123456789,Vitalis UK,GBP,2025-03-06,2858,110,35.59,0.32,12.45,3.8527,2667,1.07,2025-03-07T00:00:00
MC005,Prospecting - Interest - Wellness,act_123456789,Vitalis UK,GBP,2025-03-06,6834,134,65.34,0.49,9.56,1.9695,6054,1.13,2025-03-07T00:00:00
MC006,DPA - Catalogue Sales,act_123456789,Vitalis UK,GBP,2025-03-06,3447,105,36.53,0.35,10.6,3.0599,2966,1.16,2025-03-07T00:00:00
MC001,Prospecting - Broad - CBD Oils,act_123456789,Vitalis UK,GBP,2025-03-07,7797,158,90.82,0.57,11.65,2.0265,7136,1.09,2025-03-08T00:00:00
MC002,Prospecting - Lookalike - Purchasers,act_123456789,Vitalis UK,GBP,2025-03-07,8179,125,87.11,0.7,10.65,1.5342,7711,1.06,2025-03-08T00:00:00
MC003,Retargeting - Website Visitors 30d,act_123456789,Vitalis UK,GBP,2025-03-07,3539,131,41.47,0.32,11.72,3.7208,2987,1.18,2025-03-08T00:00:00
MC004,Retargeting - Add to Cart 7d,act_123456789,Vitalis UK,GBP,2025-03-07,4491,174,49.1,0.28,10.93,3.8804,3946,1.14,2025-03-08T00:00:00
MC005,Prospecting - Interest - Wellness,act_123456789,Vitalis UK,GBP,2025-03-07,10732,192,93.82,0.49,8.74,1.7918,7983,1.34,2025-03-08T00:00:00
MC006,DPA - Catalogue Sales,act_123456789,Vitalis UK,GBP,2025-03-07,4505,173,40.98,0.24,9.1,3.8582,3509,1.28,2025-03-08T00:00:00
MC001,Prospecting - Broad - CBD Oils,act_123456789,Vitalis UK,GBP,2025-03-08,8130,159,80.3,0.51,9.88,1.9613,7430,1.09,2025-03-09T00:00:00
MC002,Prospecting - Lookalike - Purchasers,act_123456789,Vitalis UK,GBP,2025-03-08,8103,140,84.66,0.6,10.45,1.731,6827,1.19,2025-03-09T00:00:00
MC003,Retargeting - Website Visitors 30d,act_123456789,Vitalis UK,GBP,2025-03-08,4261,169,37.94,0.22,8.9,3.9698,3501,1.22,2025-03-09T00:00:00
MC004,Retargeting - Add to Cart 7d,act_123456789,Vitalis UK,GBP,2025-03-08,4372,142,39.37,0.28,9.01,3.248,4119,1.06,2025-03-09T00:00:00
MC005,Prospecting - Interest - Wellness,act_123456789,Vitalis UK,GBP,2025-03-08,8674,136,81.77,0.6,9.43,1.5711,6508,1.33,2025-03-09T00:00:00
MC006,DPA - Catalogue Sales,act_123456789,Vitalis UK,GBP,2025-03-08,4478,145,45.28,0.31,10.11,3.2442,3664,1.22,2025-03-09T00:00:00
MC001,Prospecting - Broad - CBD Oils,act_123456789,Vitalis UK,GBP,2025-03-09,8881,138,78.7,0.57,8.86,1.5625,8307,1.07,2025-03-10T00:00:00
MC002,Prospecting - Lookalike - Purchasers,act_123456789,Vitalis UK,GBP,2025-03-09,7468,154,79.15,0.51,10.6,2.0644,5289,1.41,2025-03-10T00:00:00
MC003,Retargeting - Website Visitors 30d,act_123456789,Vitalis UK,GBP,2025-03-09,3690,120,40.63,0.34,11.01,3.2749,3190,1.16,2025-03-10T00:00:00
MC004,Retargeting - Add to Cart 7d,act_123456789,Vitalis UK,GBP,2025-03-09,4809,168,42.12,0.25,8.76,3.5048,3894,1.23,2025-03-10T00:00:00
MC005,Prospecting - Interest - Wellness,act_123456789,Vitalis UK,GBP,2025-03-09,8159,128,74.88,0.58,9.18,1.5692,5763,1.42,2025-03-10T00:00:00
MC006,DPA - Catalogue Sales,act_123456789,Vitalis UK,GBP,2025-03-09,4776,156,41.49,0.27,8.69,3.2858,4242,1.13,2025-03-10T00:00:00
MC001,Prospecting - Broad - CBD Oils,act_123456789,Vitalis UK,GBP,2025-03-10,7950,145,79.02,0.54,9.94,1.8321,7398,1.07,2025-03-11T00:00:00
MC002,Prospecting - Lookalike - Purchasers,act_123456789,Vitalis UK,GBP,2025-03-10,8857,181,94.34,0.52,10.65,2.0448,6200,1.43,2025-03-11T00:00:00
MC003,Retargeting - Website Visitors 30d,act_123456789,Vitalis UK,GBP,2025-03-10,4361,153,36.59,0.24,8.39,3.5193,3993,1.09,2025-03-11T00:00:00
MC004,Retargeting - Add to Cart 7d,act_123456789,Vitalis UK,GBP,2025-03-10,3959,136,43.13,0.32,10.89,3.4498,3606,1.1,2025-03-11T00:00:00
MC005,Prospecting - Interest - Wellness,act_123456789,Vitalis UK,GBP,2025-03-10,7103,139,84.23,0.61,11.86,1.9631,5688,1.25,2025-03-11T00:00:00
MC006,DPA - Catalogue Sales,act_123456789,Vitalis UK,GBP,2025-03-10,3641,133,39.81,0.3,10.93,3.658,3359,1.08,2025-03-11T00:00:00
MC001,Prospecting - Broad - CBD Oils,act_123456789,Vitalis UK,GBP,2025-03-11,8998,173,79.8,0.46,8.87,1.9308,7755,1.16,2025-03-12T00:00:00
MC002,Prospecting - Lookalike - Purchasers,act_123456789,Vitalis UK,GBP,2025-03-11,10666,219,92.5,0.42,8.67,2.0595,9726,1.1,2025-03-12T00:00:00
MC003,Retargeting - Website Visitors 30d,act_123456789,Vitalis UK,GBP,2025-03-11,5304,169,46.16,0.27,8.7,3.2018,4283,1.24,2025-03-12T00:00:00
MC004,Retargeting - Add to Cart 7d,act_123456789,Vitalis UK,GBP,2025-03-11,4821,178,43.55,0.24,9.03,3.7124,4573,1.05,2025-03-12T00:00:00
MC005,Prospecting - Interest - Wellness,act_123456789,Vitalis UK,GBP,2025-03-11,8047,144,78.34,0.54,9.74,1.7939,6070,1.33,2025-03-12T00:00:00
MC006,DPA - Catalogue Sales,act_123456789,Vitalis UK,GBP,2025-03-11,4744,173,44.05,0.25,9.29,3.66,3559,1.33,2025-03-12T00:00:00
MC001,Prospecting - Broad - CBD Oils,act_123456789,Vitalis UK,GBP,2025-03-12,7663,117,88.44,0.76,11.54,1.5367,7177,1.07,2025-03-13T00:00:00
MC002,Prospecting - Lookalike - Purchasers,act_123456789,Vitalis UK,GBP,2025-03-12,9838,154,82.99,0.54,8.44,1.5744,7198,1.37,2025-03-13T00:00:00
MC003,Retargeting - Website Visitors 30d,act_123456789,Vitalis UK,GBP,2025-03-12,3464,117,39.84,0.34,11.5,3.4051,2698,1.28,2025-03-13T00:00:00
MC004,Retargeting - Add to Cart 7d,act_123456789,Vitalis UK,GBP,2025-03-12,4028,146,49.35,0.34,12.25,3.6301,3246,1.24,2025-03-13T00:00:00
MC005,Prospecting - Interest - Wellness,act_123456789,Vitalis UK,GBP,2025-03-12,7878,161,98.03,0.61,12.44,2.0483,7447,1.06,2025-03-13T00:00:00
MC006,DPA - Catalogue Sales,act_123456789,Vitalis UK,GBP,2025-03-12,4471,142,47.53,0.33,10.63,3.1981,3221,1.39,2025-03-13T00:00:00
MC001,Prospecting - Broad - CBD Oils,act_123456789,Vitalis UK,GBP,2025-03-13,8390,139,72.94,0.52,8.69,1.666,7962,1.05,2025-03-14T00:00:00
MC002,Prospecting - Lookalike - Purchasers,act_123456789,Vitalis UK,GBP,2025-03-13,6607,131,73.48,0.56,11.12,1.9957,5727,1.15,2025-03-14T00:00:00
MC003,Retargeting - Website Visitors 30d,act_123456789,Vitalis UK,GBP,2025-03-13,3978,123,39.98,0.33,10.05,3.1051,2879,1.38,2025-03-14T00:00:00
MC004,Retargeting - Add to Cart 7d,act_123456789,Vitalis UK,GBP,2025-03-13,4736,171,41.16,0.24,8.69,3.63,4422,1.07,2025-03-14T00:00:00
MC005,Prospecting - Interest - Wellness,act_123456789,Vitalis UK,GBP,2025-03-13,8739,172,83.36,0.48,9.54,1.9751,7276,1.2,2025-03-14T00:00:00
MC006,DPA - Catalogue Sales,act_123456789,Vitalis UK,GBP,2025-03-13,4966,149,41.68,0.28,8.39,3.0077,3483,1.43,2025-03-14T00:00:00
MC001,Prospecting - Broad - CBD Oils,act_123456789,Vitalis UK,GBP,2025-03-14,9451,165,81.44,0.49,8.62,1.7524,8655,1.09,2025-03-15T00:00:00
MC002,Prospecting - Lookalike - Purchasers,act_123456789,Vitalis UK,GBP,2025-03-14,9438,153,87.28,0.57,9.25,1.6258,7444,1.27,2025-03-15T00:00:00
MC003,Retargeting - Website Visitors 30d,act_123456789,Vitalis UK,GBP,2025-03-14,3811,131,34.17,0.26,8.97,3.4458,3268,1.17,2025-03-15T00:00:00
MC004,Retargeting - Add to Cart 7d,act_123456789,Vitalis UK,GBP,2025-03-14,3449,134,34.38,0.26,9.97,3.8857,2978,1.16,2025-03-15T00:00:00
MC005,Prospecting - Interest - Wellness,act_123456789,Vitalis UK,GBP,2025-03-14,7269,117,83.54,0.71,11.49,1.6131,5804,1.25,2025-03-15T00:00:00
MC006,DPA - Catalogue Sales,act_123456789,Vitalis UK,GBP,2025-03-14,3468,124,36.71,0.3,10.59,3.5987,2726,1.27,2025-03-15T00:00:00
MC001,Prospecting - Broad - CBD Oils,act_123456789,Vitalis UK,GBP,2025-03-17,10963,169,91.85,0.54,8.38,1.5456,8279,1.32,2025-03-18T00:00:00
MC002,Prospecting - Lookalike - Purchasers,act_123456789,Vitalis UK,GBP,2025-03-17,8276,142,85.69,0.6,10.35,1.7268,6690,1.24,2025-03-18T00:00:00
MC003,Retargeting - Website Visitors 30d,act_123456789,Vitalis UK,GBP,2025-03-17,5422,173,48.28,0.28,8.9,3.1999,5045,1.07,2025-03-18T00:00:00
MC004,Retargeting - Add to Cart 7d,act_123456789,Vitalis UK,GBP,2025-03-17,3886,143,38.58,0.27,9.93,3.6982,3116,1.25,2025-03-18T00:00:00
MC005,Prospecting - Interest - Wellness,act_123456789,Vitalis UK,GBP,2025-03-17,6166,116,75.54,0.65,12.25,1.8908,5711,1.08,2025-03-18T00:00:00
MC006,DPA - Catalogue Sales,act_123456789,Vitalis UK,GBP,2025-03-17,3651,118,45.22,0.38,12.39,3.2461,3453,1.06,2025-03-18T00:00:00
MC001,Prospecting - Broad - CBD Oils,act_123456789,Vitalis UK,GBP,2025-03-18,8773,151,73.52,0.49,8.38,1.7276,7215,1.22,2025-03-19T00:00:00
MC002,Prospecting - Lookalike - Purchasers,act_123456789,Vitalis UK,GBP,2025-03-18,8857,159,87.55,0.55,9.88,1.7962,6272,1.41,2025-03-19T00:00:00
MC003,Retargeting - Website Visitors 30d,act_123456789,Vitalis UK,GBP,2025-03-18,3201,98,35.78,0.37,11.18,3.0801,2576,1.24,2025-03-19T00:00:00
MC004,Retargeting - Add to Cart 7d,act_123456789,Vitalis UK,GBP,2025-03-18,3624,116,39.41,0.34,10.87,3.2107,2787,1.3,2025-03-19T00:00:00
MC005,Prospecting - Interest - Wellness,act_123456789,Vitalis UK,GBP,2025-03-18,6757,138,73.51,0.53,10.88,2.0565,6323,1.07,2025-03-19T00:00:00
MC006,DPA - Catalogue Sales,act_123456789,Vitalis UK,GBP,2025-03-18,3811,142,43.17,0.3,11.33,3.7462,2706,1.41,2025-03-19T00:00:00
MC001,Prospecting - Broad - CBD Oils,act_123456789,Vitalis UK,GBP,2025-03-19,7939,150,69.02,0.46,8.69,1.9012,6233,1.27,2025-03-20T00:00:00
MC002,Prospecting - Lookalike - Purchasers,act_123456789,Vitalis UK,GBP,2025-03-19,8894,173,87.96,0.51,9.89,1.9506,8424,1.06,2025-03-20T00:00:00
MC003,Retargeting - Website Visitors 30d,act_123456789,Vitalis UK,GBP,2025-03-19,3289,132,36.12,0.27,10.98,4.0158,3047,1.08,2025-03-20T00:00:00
MC004,Retargeting - Add to Cart 7d,act_123456789,Vitalis UK,GBP,2025-03-19,4593,175,38.82,0.22,8.45,3.8283,3843,1.2,2025-03-20T00:00:00
MC005,Prospecting - Interest - Wellness,act_123456789,Vitalis UK,GBP,2025-03-19,8890,140,83.94,0.6,9.44,1.5858,8284,1.07,2025-03-20T00:00:00
MC006,DPA - Catalogue Sales,act_123456789,Vitalis UK,GBP,2025-03-19,4327,144,40.64,0.28,9.39,3.3471,4062,1.07,2025-03-20T00:00:00
MC001,Prospecting - Broad - CBD Oils,act_123456789,Vitalis UK,GBP,2025-03-20,7884,121,96.64,0.8,12.26,1.5451,5901,1.34,2025-03-21T00:00:00
MC002,Prospecting - Lookalike - Purchasers,act_123456789,Vitalis UK,GBP,2025-03-20,9218,165,93.18,0.56,10.11,1.7914,8517,1.08,2025-03-21T00:00:00
MC003,Retargeting - Website Visitors 30d,act_123456789,Vitalis UK,GBP,2025-03-20,4635,161,42.67,0.27,9.21,3.4772,3351,1.38,2025-03-21T00:00:00
MC004,Retargeting - Add to Cart 7d,act_123456789,Vitalis UK,GBP,2025-03-20,3466,134,36.61,0.27,10.56,3.8668,3143,1.1,2025-03-21T00:00:00
MC005,Prospecting - Interest - Wellness,act_123456789,Vitalis UK,GBP,2025-03-20,7276,125,82.0,0.66,11.27,1.7209,6338,1.15,2025-03-21T00:00:00
MC006,DPA - Catalogue Sales,act_123456789,Vitalis UK,GBP,2025-03-20,5190,196,47.41,0.24,9.13,3.7863,4591,1.13,2025-03-21T00:00:00
MC001,Prospecting - Broad - CBD Oils,act_123456789,Vitalis UK,GBP,2025-03-21,7927,153,89.41,0.58,11.28,1.9372,7041,1.13,2025-03-22T00:00:00
MC002,Prospecting - Lookalike - Purchasers,act_123456789,Vitalis UK,GBP,2025-03-21,7658,123,94.1,0.77,12.29,1.6174,5624,1.36,2025-03-22T00:00:00
MC003,Retargeting - Website Visitors 30d,act_123456789,Vitalis UK,GBP,2025-03-21,3958,156,38.84,0.25,9.81,3.9624,2992,1.32,2025-03-22T00:00:00
MC004,Retargeting - Add to Cart 7d,act_123456789,Vitalis UK,GBP,2025-03-21,3248,107,38.53,0.36,11.86,3.3047,2533,1.28,2025-03-22T00:00:00
MC005,Prospecting - Interest - Wellness,act_123456789,Vitalis UK,GBP,2025-03-21,9367,173,92.2,0.53,9.84,1.8478,6930,1.35,2025-03-22T00:00:00
MC006,DPA - Catalogue Sales,act_123456789,Vitalis UK,GBP,2025-03-21,3366,129,37.67,0.29,11.19,3.8592,3188,1.06,2025-03-22T00:00:00
MC001,Prospecting - Broad - CBD Oils,act_123456789,Vitalis UK,GBP,2025-03-22,9119,142,81.76,0.58,8.97,1.5673,7333,1.24,2025-03-23T00:00:00
MC002,Prospecting - Lookalike - Purchasers,act_123456789,Vitalis UK,GBP,2025-03-22,5721,97,66.27,0.68,11.58,1.7124,4764,1.2,2025-03-23T00:00:00
MC003,Retargeting - Website Visitors 30d,act_123456789,Vitalis UK,GBP,2025-03-22,3341,102,41.73,0.41,12.49,3.0755,3139,1.06,2025-03-23T00:00:00
MC004,Retargeting - Add to Cart 7d,act_123456789,Vitalis UK,GBP,2025-03-22,3748,137,40.48,0.3,10.8,3.6554,3086,1.21,2025-03-23T00:00:00
MC005,Prospecting - Interest - Wellness,act_123456789,Vitalis UK,GBP,2025-03-22,7182,139,74.31,0.53,10.35,1.9404,6538,1.1,2025-03-23T00:00:00
MC006,DPA - Catalogue Sales,act_123456789,Vitalis UK,GBP,2025-03-22,3547,134,41.62,0.31,11.73,3.7889,2590,1.37,2025-03-23T00:00:00
MC001,Prospecting - Broad - CBD Oils,act_123456789,Vitalis UK,GBP,2025-03-23,7644,141,95.44,0.68,12.49,1.8532,6750,1.13,2025-03-24T00:00:00
MC002,Prospecting - Lookalike - Purchasers,act_123456789,Vitalis UK,GBP,2025-03-23,11460,205,96.72,0.47,8.44,1.7935,9953,1.15,2025-03-24T00:00:00
MC003,Retargeting - Website Visitors 30d,act_123456789,Vitalis UK,GBP,2025-03-23,4021,154,48.04,0.31,11.95,3.8502,3529,1.14,2025-03-24T00:00:00
MC004,Retargeting - Add to Cart 7d,act_123456789,Vitalis UK,GBP,2025-03-23,4989,151,44.33,0.29,8.89,3.0304,3672,1.36,2025-03-24T00:00:00
MC005,Prospecting - Interest - Wellness,act_123456789,Vitalis UK,GBP,2025-03-23,6781,106,78.36,0.74,11.56,1.5751,4910,1.38,2025-03-24T00:00:00
MC006,DPA - Catalogue Sales,act_123456789,Vitalis UK,GBP,2025-03-23,4773,160,48.81,0.31,10.23,3.3592,3523,1.35,2025-03-24T00:00:00
MC001,Prospecting - Broad - CBD Oils,act_123456789,Vitalis UK,GBP,2025-03-24,11028,178,92.75,0.52,8.41,1.6153,9268,1.19,2025-03-25T00:00:00
MC002,Prospecting - Lookalike - Purchasers,act_123456789,Vitalis UK,GBP,2025-03-24,7416,124,70.97,0.57,9.57,1.6769,5960,1.24,2025-03-25T00:00:00
MC003,Retargeting - Website Visitors 30d,act_123456789,Vitalis UK,GBP,2025-03-24,4294,149,43.65,0.29,10.17,3.4795,3315,1.3,2025-03-25T00:00:00
MC004,Retargeting - Add to Cart 7d,act_123456789,Vitalis UK,GBP,2025-03-24,5015,171,44.05,0.26,8.78,3.427,3910,1.28,2025-03-25T00:00:00
MC005,Prospecting - Interest - Wellness,act_123456789,Vitalis UK,GBP,2025-03-24,7262,136,76.55,0.56,10.54,1.8801,6178,1.18,2025-03-25T00:00:00
MC006,DPA - Catalogue Sales,act_123456789,Vitalis UK,GBP,2025-03-24,4329,174,44.82,0.26,10.35,4.0196,3130,1.38,2025-03-25T00:00:00
MC001,Prospecting - Broad - CBD Oils,act_123456789,Vitalis UK,GBP,2025-03-25,8072,154,78.18,0.51,9.69,1.912,7136,1.13,2025-03-26T00:00:00
MC002,Prospecting - Lookalike - Purchasers,act_123456789,Vitalis UK,GBP,2025-03-25,7983,135,77.36,0.57,9.69,1.6918,7517,1.06,2025-03-26T00:00:00
MC003,Retargeting - Website Visitors 30d,act_123456789,Vitalis UK,GBP,2025-03-25,4853,173,43.99,0.25,9.06,3.5664,4357,1.11,2025-03-26T00:00:00
MC004,Retargeting - Add to Cart 7d,act_123456789,Vitalis UK,GBP,2025-03-25,3390,114,38.19,0.33,11.27,3.3782,2844,1.19,2025-03-26T00:00:00
MC005,Prospecting - Interest - Wellness,act_123456789,Vitalis UK,GBP,2025-03-25,8807,172,79.68,0.46,9.05,1.958,6790,1.3,2025-03-26T00:00:00
MC006,DPA - Catalogue Sales,act_123456789,Vitalis UK,GBP,2025-03-25,4563,151,49.42,0.33,10.83,3.3188,3881,1.18,2025-03-26T00:00:00
MC001,Prospecting - Broad - CBD Oils,act_123456789,Vitalis UK,GBP,2025-03-26,7484,129,86.25,0.67,11.52,1.7248,6513,1.15,2025-03-27T00:00:00
MC002,Prospecting - Lookalike - Purchasers,act_123456789,Vitalis UK,GBP,2025-03-26,7921,153,90.5,0.59,11.43,1.943,7509,1.05,2025-03-27T00:00:00
MC003,Retargeting - Website Visitors 30d,act_123456789,Vitalis UK,GBP,2025-03-26,4003,145,45.88,0.32,11.46,3.6387,3756,1.07,2025-03-27T00:00:00
MC004,Retargeting - Add to Cart 7d,act_123456789,Vitalis UK,GBP,2025-03-26,4442,159,39.71,0.25,8.94,3.5975,3255,1.36,2025-03-27T00:00:00
MC005,Prospecting - Interest - Wellness,act_123456789,Vitalis UK,GBP,2025-03-26,9661,148,82.39,0.56,8.53,1.5379,7766,1.24,2025-03-27T00:00:00
MC006,DPA - Catalogue Sales,act_123456789,Vitalis UK,GBP,2025-03-26,4461,135,39.38,0.29,8.83,3.0423,3186,1.4,2025-03-27T00:00:00
MC001,Prospecting - Broad - CBD Oils,act_123456789,Vitalis UK,GBP,2025-03-27,6045,122,73.11,0.6,12.09,2.0243,4733,1.28,2025-03-28T00:00:00
MC002,Prospecting - Lookalike - Purchasers,act_123456789,Vitalis UK,GBP,2025-03-27,10463,169,91.89,0.54,8.78,1.6163,8882,1.18,2025-03-28T00:00:00
MC003,Retargeting - Website Visitors 30d,act_123456789,Vitalis UK,GBP,2025-03-27,4492,172,40.81,0.24,9.09,3.845,3773,1.19,2025-03-28T00:00:00
MC004,Retargeting - Add to Cart 7d,act_123456789,Vitalis UK,GBP,2025-03-27,3728,132,46.29,0.35,12.42,3.5603,3541,1.05,2025-03-28T00:00:00
MC005,Prospecting - Interest - Wellness,act_123456789,Vitalis UK,GBP,2025-03-27,7501,138,87.1,0.63,11.61,1.8512,6512,1.15,2025-03-28T00:00:00
MC006,DPA - Catalogue Sales,act_123456789,Vitalis UK,GBP,2025-03-27,3600,138,37.26,0.27,10.35,3.8336,3165,1.14,2025-03-28T00:00:00
MC001,Prospecting - Broad - CBD Oils,act_123456789,Vitalis UK,GBP,2025-03-28,8178,146,81.65,0.56,9.98,1.7875,5974,1.37,2025-03-29T00:00:00
MC002,Prospecting - Lookalike - Purchasers,act_123456789,Vitalis UK,GBP,2025-03-28,8352,140,76.09,0.54,9.11,1.6827,6756,1.24,2025-03-29T00:00:00
MC003,Retargeting - Website Visitors 30d,act_123456789,Vitalis UK,GBP,2025-03-28,3741,144,41.67,0.29,11.14,3.8644,3191,1.17,2025-03-29T00:00:00
MC004,Retargeting - Add to Cart 7d,act_123456789,Vitalis UK,GBP,2025-03-28,4219,158,36.18,0.23,8.58,3.7672,3205,1.32,2025-03-29T00:00:00
MC005,Prospecting - Interest - Wellness,act_123456789,Vitalis UK,GBP,2025-03-28,8627,159,87.4,0.55,10.13,1.8492,8131,1.06,2025-03-29T00:00:00
MC006,DPA - Catalogue Sales,act_123456789,Vitalis UK,GBP,2025-03-28,4102,137,37.6,0.27,9.17,3.3427,3445,1.19,2025-03-29T00:00:00
MC001,Prospecting - Broad - CBD Oils,act_123456789,Vitalis UK,GBP,2025-03-29,9031,170,87.35,0.51,9.67,1.8858,7307,1.24,2025-03-30T00:00:00
MC002,Prospecting - Lookalike - Purchasers,act_123456789,Vitalis UK,GBP,2025-03-29,6689,107,74.19,0.69,11.09,1.6142,5084,1.32,2025-03-30T00:00:00
MC003,Retargeting - Website Visitors 30d,act_123456789,Vitalis UK,GBP,2025-03-29,3796,151,34.97,0.23,9.21,3.9871,2920,1.3,2025-03-30T00:00:00
MC004,Retargeting - Add to Cart 7d,act_123456789,Vitalis UK,GBP,2025-03-29,4222,166,40.27,0.24,9.54,3.9507,3148,1.34,2025-03-30T00:00:00
MC005,Prospecting - Interest - Wellness,act_123456789,Vitalis UK,GBP,2025-03-29,8609,163,90.2,0.55,10.48,1.8953,6112,1.41,2025-03-30T00:00:00
MC006,DPA - Catalogue Sales,act_123456789,Vitalis UK,GBP,2025-03-29,4213,135,42.57,0.32,10.1,3.2188,3868,1.09,2025-03-30T00:00:00
MC001,Prospecting - Broad - CBD Oils,act_123456789,Vitalis UK,GBP,2025-03-30,8278,136,81.24,0.6,9.81,1.646,7009,1.18,2025-03-31T00:00:00
MC002,Prospecting - Lookalike - Purchasers,act_123456789,Vitalis UK,GBP,2025-03-30,8842,166,84.25,0.51,9.53,1.8868,6534,1.35,2025-03-31T00:00:00
MC003,Retargeting - Website Visitors 30d,act_123456789,Vitalis UK,GBP,2025-03-30,4316,155,47.11,0.3,10.92,3.5947,3688,1.17,2025-03-31T00:00:00
MC004,Retargeting - Add to Cart 7d,act_123456789,Vitalis UK,GBP,2025-03-30,4147,140,37.05,0.26,8.93,3.3935,3808,1.09,2025-03-31T00:00:00
MC005,Prospecting - Interest - Wellness,act_123456789,Vitalis UK,GBP,2025-03-30,6096,118,72.54,0.61,11.9,1.9477,5672,1.07,2025-03-31T00:00:00
MC006,DPA - Catalogue Sales,act_123456789,Vitalis UK,GBP,2025-03-30,3804,113,39.36,0.35,10.35,2.9956,2745,1.39,2025-03-31T00:00:00
MC001,Prospecting - Broad - CBD Oils,act_123456789,Vitalis UK,GBP,2025-03-31,8543,137,86.0,0.63,10.07,1.6071,7024,1.22,2025-04-01T00:00:00
MC002,Prospecting - Lookalike - Purchasers,act_123456789,Vitalis UK,GBP,2025-03-31,7769,125,76.66,0.61,9.87,1.6193,5728,1.36,2025-04-01T00:00:00
MC003,Retargeting - Website Visitors 30d,act_123456789,Vitalis UK,GBP,2025-03-31,4507,173,45.5,0.26,10.1,3.8492,3236,1.39,2025-04-01T00:00:00
MC004,Retargeting - Add to Cart 7d,act_123456789,Vitalis UK,GBP,2025-03-31,4929,160,47.8,0.3,9.7,3.2537,3951,1.25,2025-04-01T00:00:00
MC005,Prospecting - Interest - Wellness,act_123456789,Vitalis UK,GBP,2025-03-31,8557,150,92.62,0.62,10.82,1.7612,6291,1.36,2025-04-01T00:00:00
MC006,DPA - Catalogue Sales,act_123456789,Vitalis UK,GBP,2025-03-31,5082,152,49.33,0.32,9.71,3.0079,4395,1.16,2025-04-01T00:00:00
MC001,Prospecting - Broad - CBD Oils,act_123456789,Vitalis UK,GBP,2025-04-01,8638,163,93.36,0.57,10.81,1.8946,7257,1.19,2025-04-02T00:00:00
MC002,Prospecting - Lookalike - Purchasers,act_123456789,Vitalis UK,GBP,2025-04-01,9173,184,83.97,0.46,9.15,2.0128,8312,1.1,2025-04-02T00:00:00
MC003,Retargeting - Website Visitors 30d,act_123456789,Vitalis UK,GBP,2025-04-01,5437,211,46.78,0.22,8.6,3.891,4374,1.24,2025-04-02T00:00:00
MC004,Retargeting - Add to Cart 7d,act_123456789,Vitalis UK,GBP,2025-04-01,4966,155,42.41,0.27,8.54,3.1264,4276,1.16,2025-04-02T00:00:00
MC005,Prospecting - Interest - Wellness,act_123456789,Vitalis UK,GBP,2025-04-01,9164,180,94.87,0.53,10.35,1.9679,7885,1.16,2025-04-02T00:00:00
MC006,DPA - Catalogue Sales,act_123456789,Vitalis UK,GBP,2025-04-01,3732,149,43.14,0.29,11.56,4.0149,2832,1.32,2025-04-02T00:00:00
MC001,Prospecting - Broad - CBD Oils,act_123456789,Vitalis UK,GBP,2025-04-02,8946,136,90.47,0.67,10.11,1.5306,7121,1.26,2025-04-03T00:00:00
MC002,Prospecting - Lookalike - Purchasers,act_123456789,Vitalis UK,GBP,2025-04-02,8450,145,91.09,0.63,10.78,1.7224,6216,1.36,2025-04-03T00:00:00
MC003,Retargeting - Website Visitors 30d,act_123456789,Vitalis UK,GBP,2025-04-02,4856,143,45.1,0.32,9.29,2.9574,4248,1.14,2025-04-03T00:00:00
MC004,Retargeting - Add to Cart 7d,act_123456789,Vitalis UK,GBP,2025-04-02,5412,170,46.91,0.28,8.67,3.1484,4456,1.21,2025-04-03T00:00:00
MC005,Prospecting - Interest - Wellness,act_123456789,Vitalis UK,GBP,2025-04-02,11009,197,98.65,0.5,8.96,1.7967,8704,1.26,2025-04-03T00:00:00
MC006,DPA - Catalogue Sales,act_123456789,Vitalis UK,GBP,2025-04-02,3617,123,39.81,0.32,11.01,3.4036,2849,1.27,2025-04-03T00:00:00
MC001,Prospecting - Broad - CBD Oils,act_123456789,Vitalis UK,GBP,2025-04-03,7636,132,71.74,0.54,9.39,1.7287,6052,1.26,2025-04-04T00:00:00
MC002,Prospecting - Lookalike - Purchasers,act_123456789,Vitalis UK,GBP,2025-04-03,9414,179,85.38,0.48,9.07,1.9049,8604,1.09,2025-04-04T00:00:00
MC003,Retargeting - Website Visitors 30d,act_123456789,Vitalis UK,GBP,2025-04-03,3286,103,40.74,0.4,12.4,3.1407,3073,1.07,2025-04-04T00:00:00
MC004,Retargeting - Add to Cart 7d,act_123456789,Vitalis UK,GBP,2025-04-03,3268,118,38.72,0.33,11.85,3.6353,2994,1.09,2025-04-04T00:00:00
MC005,Prospecting - Interest - Wellness,act_123456789,Vitalis UK,GBP,2025-04-03,8030,153,74.97,0.49,9.34,1.9172,7002,1.15,2025-04-04T00:00:00
MC006,DPA - Catalogue Sales,act_123456789,Vitalis UK,GBP,2025-04-03,3739,120,36.96,0.31,9.88,3.2173,2620,1.43,2025-04-04T00:00:00
MC001,Prospecting - Broad - CBD Oils,act_123456789,Vitalis UK,GBP,2025-04-04,10107,193,87.02,0.45,8.61,1.912,7584,1.33,2025-04-05T00:00:00
MC002,Prospecting - Lookalike - Purchasers,act_123456789,Vitalis UK,GBP,2025-04-04,8235,146,71.99,0.49,8.74,1.7816,7470,1.1,2025-04-05T00:00:00
MC003,Retargeting - Website Visitors 30d,act_123456789,Vitalis UK,GBP,2025-04-04,3701,134,36.96,0.28,9.99,3.623,2774,1.33,2025-04-05T00:00:00
MC004,Retargeting - Add to Cart 7d,act_123456789,Vitalis UK,GBP,2025-04-04,3805,117,41.23,0.35,10.84,3.0845,3269,1.16,2025-04-05T00:00:00
MC005,Prospecting - Interest - Wellness,act_123456789,Vitalis UK,GBP,2025-04-04,6861,116,79.2,0.68,11.54,1.6929,5672,1.21,2025-04-05T00:00:00
MC006,DPA - Catalogue Sales,act_123456789,Vitalis UK,GBP,2025-04-04,3655,127,42.87,0.34,11.73,3.4779,3104,1.18,2025-04-05T00:00:00
MC001,Prospecting - Broad - CBD Oils,act_123456789,Vitalis UK,GBP,2025-04-05,8116,153,90.1,0.59,11.1,1.8969,6865,1.18,2025-04-06T00:00:00
MC002,Prospecting - Lookalike - Purchasers,act_123456789,Vitalis UK,GBP,2025-04-05,10068,189,89.56,0.47,8.9,1.8779,7109,1.42,2025-04-06T00:00:00
MC003,Retargeting - Website Visitors 30d,act_123456789,Vitalis UK,GBP,2025-04-05,3525,133,36.77,0.28,10.43,3.7956,3184,1.11,2025-04-06T00:00:00
MC004,Retargeting - Add to Cart 7d,act_123456789,Vitalis UK,GBP,2025-04-05,4296,150,46.2,0.31,10.75,3.498,3654,1.18,2025-04-06T00:00:00
MC005,Prospecting - Interest - Wellness,act_123456789,Vitalis UK,GBP,2025-04-05,10033,181,87.12,0.48,8.68,1.8079,9035,1.11,2025-04-06T00:00:00
MC006,DPA - Catalogue Sales,act_123456789,Vitalis UK,GBP,2025-04-05,3682,125,39.71,0.32,10.78,3.3983,3144,1.17,2025-04-06T00:00:00
MC001,Prospecting - Broad - CBD Oils,act_123456789,Vitalis UK,GBP,2025-04-06,6263,102,71.26,0.7,11.38,1.6371,4424,1.42,2025-04-07T00:00:00
MC002,Prospecting - Lookalike - Purchasers,act_123456789,Vitalis UK,GBP,2025-04-06,8020,152,89.88,0.59,11.21,1.9057,6770,1.18,2025-04-07T00:00:00
MC003,Retargeting - Website Visitors 30d,act_123456789,Vitalis UK,GBP,2025-04-06,4059,127,46.81,0.37,11.53,3.145,3320,1.22,2025-04-07T00:00:00
MC004,Retargeting - Add to Cart 7d,act_123456789,Vitalis UK,GBP,2025-04-06,3936,142,36.46,0.26,9.26,3.6307,2910,1.35,2025-04-07T00:00:00
MC005,Prospecting - Interest - Wellness,act_123456789,Vitalis UK,GBP,2025-04-06,7229,117,71.33,0.61,9.87,1.6198,6115,1.18,2025-04-07T00:00:00
MC006,DPA - Catalogue Sales,act_123456789,Vitalis UK,GBP,2025-04-06,3961,128,36.51,0.29,9.22,3.2391,2904,1.36,2025-04-07T00:00:00
MC001,Prospecting - Broad - CBD Oils,act_123456789,Vitalis UK,GBP,2025-04-07,8329,163,89.41,0.55,10.73,1.9617,6790,1.23,2025-04-08T00:00:00
MC002,Prospecting - Lookalike - Purchasers,act_123456789,Vitalis UK,GBP,2025-04-07,8495,153,87.03,0.57,10.24,1.8086,7756,1.1,2025-04-08T00:00:00
MC003,Retargeting - Website Visitors 30d,act_123456789,Vitalis UK,GBP,2025-04-07,4952,184,43.76,0.24,8.84,3.7188,4408,1.12,2025-04-08T00:00:00
MC004,Retargeting - Add to Cart 7d,act_123456789,Vitalis UK,GBP,2025-04-07,3946,131,38.79,0.3,9.83,3.3374,3118,1.27,2025-04-08T00:00:00
MC005,Prospecting - Interest - Wellness,act_123456789,Vitalis UK,GBP,2025-04-07,9195,152,91.89,0.6,9.99,1.6534,8713,1.06,2025-04-08T00:00:00
MC006,DPA - Catalogue Sales,act_123456789,Vitalis UK,GBP,2025-04-07,5117,155,48.59,0.31,9.5,3.0451,4241,1.21,2025-04-08T00:00:00
MC001,Prospecting - Broad - CBD Oils,act_123456789,Vitalis UK,GBP,2025-04-08,9494,153,86.7,0.57,9.13,1.6173,8009,1.19,2025-04-09T00:00:00
MC002,Prospecting - Lookalike - Purchasers,act_123456789,Vitalis UK,GBP,2025-04-08,6207,102,75.57,0.74,12.17,1.6436,5791,1.07,2025-04-09T00:00:00
MC003,Retargeting - Website Visitors 30d,act_123456789,Vitalis UK,GBP,2025-04-08,2822,89,34.86,0.39,12.35,3.1804,2164,1.3,2025-04-09T00:00:00
MC004,Retargeting - Add to Cart 7d,act_123456789,Vitalis UK,GBP,2025-04-08,3679,124,40.24,0.32,10.94,3.3916,3290,1.12,2025-04-09T00:00:00
MC005,Prospecting - Interest - Wellness,act_123456789,Vitalis UK,GBP,2025-04-08,7941,130,71.86,0.55,9.05,1.6383,6677,1.19,2025-04-09T00:00:00
MC006,DPA - Catalogue Sales,act_123456789,Vitalis UK,GBP,2025-04-08,3363,114,37.74,0.33,11.22,3.4192,2908,1.16,2025-04-09T00:00:00
MC001,Prospecting - Broad - CBD Oils,act_123456789,Vitalis UK,GBP,2025-04-09,9249,135,84.94,0.63,9.18,1.4684,7761,1.19,2025-04-10T00:00:00
MC002,Prospecting - Lookalike - Purchasers,act_123456789,Vitalis UK,GBP,2025-04-09,7637,133,68.47,0.51,8.97,1.7466,5401,1.41,2025-04-10T00:00:00
MC003,Retargeting - Website Visitors 30d,act_123456789,Vitalis UK,GBP,2025-04-09,3032,106,39.15,0.37,12.91,3.4992,2785,1.09,2025-04-10T00:00:00
MC004,Retargeting - Add to Cart 7d,act_123456789,Vitalis UK,GBP,2025-04-09,3648,127,44.96,0.35,12.32,3.5046,2845,1.28,2025-04-10T00:00:00
MC005,Prospecting - Interest - Wellness,act_123456789,Vitalis UK,GBP,2025-04-09,8865,153,84.09,0.55,9.49,1.7274,8100,1.09,2025-04-10T00:00:00
MC006,DPA - Catalogue Sales,act_123456789,Vitalis UK,GBP,2025-04-09,3271,94,41.8,0.44,12.78,2.88,3047,1.07,2025-04-10T00:00:00
MC001,Prospecting - Broad - CBD Oils,act_123456789,Vitalis UK,GBP,2025-04-10,10174,153,91.77,0.6,9.02,1.5044,8377,1.21,2025-04-11T00:00:00
MC002,Prospecting - Lookalike - Purchasers,act_123456789,Vitalis UK,GBP,2025-04-10,7718,117,82.35,0.7,10.67,1.5214,6213,1.24,2025-04-11T00:00:00
MC003,Retargeting - Website Visitors 30d,act_123456789,Vitalis UK,GBP,2025-04-10,5185,184,49.9,0.27,9.62,3.5594,3703,1.4,2025-04-11T00:00:00
MC004,Retargeting - Add to Cart 7d,act_123456789,Vitalis UK,GBP,2025-04-10,3398,103,39.69,0.39,11.68,3.046,2598,1.31,2025-04-11T00:00:00
MC005,Prospecting - Interest - Wellness,act_123456789,Vitalis UK,GBP,2025-04-10,7660,144,80.67,0.56,10.53,1.8841,7052,1.09,2025-04-11T00:00:00
MC006,DPA - Catalogue Sales,act_123456789,Vitalis UK,GBP,2025-04-10,3685,118,42.08,0.36,11.42,3.2202,2625,1.4,2025-04-11T00:00:00
MC001,Prospecting - Broad - CBD Oils,act_123456789,Vitalis UK,GBP,2025-04-11,10376,198,92.4,0.47,8.91,1.911,7401,1.4,2025-04-12T00:00:00
MC002,Prospecting - Lookalike - Purchasers,act_123456789,Vitalis UK,GBP,2025-04-11,7096,116,90.49,0.78,12.75,1.635,5048,1.41,2025-04-12T00:00:00
MC003,Retargeting - Website Visitors 30d,act_123456789,Vitalis UK,GBP,2025-04-11,4142,129,52.27,0.41,12.62,3.1145,3148,1.32,2025-04-12T00:00:00
MC004,Retargeting - Add to Cart 7d,act_123456789,Vitalis UK,GBP,2025-04-11,3505,111,39.2,0.35,11.18,3.1927,2853,1.23,2025-04-12T00:00:00
MC005,Prospecting - Interest - Wellness,act_123456789,Vitalis UK,GBP,2025-04-11,8477,156,96.81,0.62,11.42,1.8446,5955,1.42,2025-04-12T00:00:00
MC006,DPA - Catalogue Sales,act_123456789,Vitalis UK,GBP,2025-04-11,3740,124,45.96,0.37,12.29,3.3212,3315,1.13,2025-04-12T00:00:00
MC001,Prospecting - Broad - CBD Oils,act_123456789,Vitalis UK,GBP,2025-04-12,7699,141,88.19,0.63,11.45,1.8349,6987,1.1,2025-04-13T00:00:00
MC002,Prospecting - Lookalike - Purchasers,act_123456789,Vitalis UK,GBP,2025-04-12,8745,137,84.1,0.61,9.62,1.5708,6837,1.28,2025-04-13T00:00:00
MC003,Retargeting - Website Visitors 30d,act_123456789,Vitalis UK,GBP,2025-04-12,4012,130,48.83,0.38,12.17,3.2502,3105,1.29,2025-04-13T00:00:00
MC004,Retargeting - Add to Cart 7d,act_123456789,Vitalis UK,GBP,2025-04-12,5565,166,50.35,0.3,9.05,2.9935,4430,1.26,2025-04-13T00:00:00
MC005,Prospecting - Interest - Wellness,act_123456789,Vitalis UK,GBP,2025-04-12,8142,121,87.79,0.73,10.78,1.4962,6510,1.25,2025-04-13T00:00:00
MC006,DPA - Catalogue Sales,act_123456789,Vitalis UK,GBP,2025-04-12,5571,207,50.79,0.25,9.12,3.7311,4703,1.18,2025-04-13T00:00:00
MC001,Prospecting - Broad - CBD Oils,act_123456789,Vitalis UK,GBP,2025-04-13,8862,127,84.54,0.67,9.54,1.4358,6464,1.37,2025-04-14T00:00:00
MC002,Prospecting - Lookalike - Purchasers,act_123456789,Vitalis UK,GBP,2025-04-13,8662,164,94.63,0.58,10.92,1.8949,6578,1.32,2025-04-14T00:00:00
MC003,Retargeting - Website Visitors 30d,act_123456789,Vitalis UK,GBP,2025-04-13,5136,144,48.9,0.34,9.52,2.8083,4331,1.19,2025-04-14T00:00:00
MC004,Retargeting - Add to Cart 7d,act_123456789,Vitalis UK,GBP,2025-04-13,3814,125,38.4,0.31,10.07,3.2946,3417,1.12,2025-04-14T00:00:00
MC005,Prospecting - Interest - Wellness,act_123456789,Vitalis UK,GBP,2025-04-13,7389,114,87.98,0.77,11.91,1.5563,5244,1.41,2025-04-14T00:00:00
MC006,DPA - Catalogue Sales,act_123456789,Vitalis UK,GBP,2025-04-13,3386,117,40.36,0.34,11.92,3.4733,2425,1.4,2025-04-14T00:00:00
MC001,Prospecting - Broad - CBD Oils,act_123456789,Vitalis UK,GBP,2025-04-14,6779,116,72.49,0.62,10.69,1.7162,6260,1.08,2025-04-15T00:00:00
MC002,Prospecting - Lookalike - Purchasers,act_123456789,Vitalis UK,GBP,2025-04-14,8294,120,77.1,0.64,9.3,1.4493,5858,1.42,2025-04-15T00:00:00
MC003,Retargeting - Website Visitors 30d,act_123456789,Vitalis UK,GBP,2025-04-14,4184,143,38.86,0.27,9.29,3.4216,3556,1.18,2025-04-15T00:00:00
MC004,Retargeting - Add to Cart 7d,act_123456789,Vitalis UK,GBP,2025-04-14,3811,115,40.23,0.35,10.56,3.0338,3123,1.22,2025-04-15T00:00:00
MC005,Prospecting - Interest - Wellness,act_123456789,Vitalis UK,GBP,2025-04-14,7723,123,92.1,0.75,11.93,1.6022,7251,1.07,2025-04-15T00:00:00
MC006,DPA - Catalogue Sales,act_123456789,Vitalis UK,GBP,2025-04-14,3604,111,37.31,0.34,10.35,3.0811,3095,1.16,2025-04-15T00:00:00
MC001,Prospecting - Broad - CBD Oils,act_123456789,Vitalis UK,GBP,2025-04-15,6578,100,89.53,0.9,13.61,1.5284,6170,1.07,2025-04-16T00:00:00
MC002,Prospecting - Lookalike - Purchasers,act_123456789,Vitalis UK,GBP,2025-04-15,6892,114,78.29,0.69,11.36,1.658,5205,1.32,2025-04-16T00:00:00
MC003,Retargeting - Website Visitors 30d,act_123456789,Vitalis UK,GBP,2025-04-15,4627,147,49.22,0.33,10.64,3.1889,3578,1.29,2025-04-16T00:00:00
MC004,Retargeting - Add to Cart 7d,act_123456789,Vitalis UK,GBP,2025-04-15,4378,146,43.83,0.3,10.01,3.3485,3108,1.41,2025-04-16T00:00:00
MC005,Prospecting - Interest - Wellness,act_123456789,Vitalis UK,GBP,2025-04-15,8645,143,92.23,0.64,10.67,1.6559,6622,1.31,2025-04-16T00:00:00
MC006,DPA - Catalogue Sales,act_123456789,Vitalis UK,GBP,2025-04-15,3832,112,46.31,0.41,12.09,2.9373,3223,1.19,2025-04-16T00:00:00
MC001,Prospecting - Broad - CBD Oils,act_123456789,Vitalis UK,GBP,2025-04-16,7703,107,89.46,0.84,11.61,1.3969,7246,1.06,2025-04-17T00:00:00
MC002,Prospecting - Lookalike - Purchasers,act_123456789,Vitalis UK,GBP,2025-04-16,8034,134,84.35,0.63,10.5,1.6793,7580,1.06,2025-04-17T00:00:00
MC003,Retargeting - Website Visitors 30d,act_123456789,Vitalis UK,GBP,2025-04-16,4050,119,43.43,0.36,10.72,2.9432,3686,1.1,2025-04-17T00:00:00
MC004,Retargeting - Add to Cart 7d,act_123456789,Vitalis UK,GBP,2025-04-16,3349,91,36.95,0.41,11.03,2.7454,3070,1.09,2025-04-17T00:00:00
MC005,Prospecting - Interest - Wellness,act_123456789,Vitalis UK,GBP,2025-04-16,9045,146,84.79,0.58,9.37,1.6241,7577,1.19,2025-04-17T00:00:00
MC006,DPA - Catalogue Sales,act_123456789,Vitalis UK,GBP,2025-04-16,3540,101,39.92,0.4,11.28,2.8643,3213,1.1,2025-04-17T00:00:00
MC001,Prospecting - Broad - CBD Oils,act_123456789,Vitalis UK,GBP,2025-04-17,7518,117,75.24,0.64,10.01,1.562,6357,1.18,2025-04-18T00:00:00
MC002,Prospecting - Lookalike - Purchasers,act_123456789,Vitalis UK,GBP,2025-04-17,6327,117,77.43,0.66,12.24,1.8621,4581,1.38,2025-04-18T00:00:00
MC003,Retargeting - Website Visitors 30d,act_123456789,Vitalis UK,GBP,2025-04-17,3803,116,41.61,0.36,10.94,3.0584,3238,1.17,2025-04-18T00:00:00
MC004,Retargeting - Add to Cart 7d,act_123456789,Vitalis UK,GBP,2025-04-17,4239,140,48.39,0.35,11.42,3.3158,3003,1.41,2025-04-18T00:00:00
MC005,Prospecting - Interest - Wellness,act_123456789,Vitalis UK,GBP,2025-04-17,8732,143,95.64,0.67,10.95,1.6392,6444,1.36,2025-04-18T00:00:00
MC006,DPA - Catalogue Sales,act_123456789,Vitalis UK,GBP,2025-04-17,4359,156,48.87,0.31,11.21,3.5941,3711,1.17,2025-04-18T00:00:00
MC001,Prospecting - Broad - CBD Oils,act_123456789,Vitalis UK,GBP,2025-04-18,8017,141,84.43,0.6,10.53,1.7661,6088,1.32,2025-04-19T00:00:00
MC002,Prospecting - Lookalike - Purchasers,act_123456789,Vitalis UK,GBP,2025-04-18,6875,120,92.72,0.77,13.49,1.7484,5724,1.2,2025-04-19T00:00:00
MC003,Retargeting - Website Visitors 30d,act_123456789,Vitalis UK,GBP,2025-04-18,3176,108,35.93,0.33,11.31,3.4149,3011,1.05,2025-04-19T00:00:00
MC004,Retargeting - Add to Cart 7d,act_123456789,Vitalis UK,GBP,2025-04-18,4487,148,42.63,0.29,9.5,3.3146,3984,1.13,2025-04-19T00:00:00
MC005,Prospecting - Interest - Wellness,act_123456789,Vitalis UK,GBP,2025-04-18,6132,94,85.23,0.91,13.9,1.5394,4624,1.33,2025-04-19T00:00:00
MC006,DPA - Catalogue Sales,act_123456789,Vitalis UK,GBP,2025-04-18,3921,138,38.36,0.28,9.78,3.5286,3374,1.16,2025-04-19T00:00:00
MC001,Prospecting - Broad - CBD Oils,act_123456789,Vitalis UK,GBP,2025-04-19,8634,141,90.19,0.64,10.45,1.6438,6839,1.26,2025-04-20T00:00:00
MC002,Prospecting - Lookalike - Purchasers,act_123456789,Vitalis UK,GBP,2025-04-19,5802,90,81.2,0.9,14.0,1.5514,4763,1.22,2025-04-20T00:00:00
MC003,Retargeting - Website Visitors 30d,act_123456789,Vitalis UK,GBP,2025-04-19,3823,116,40.0,0.34,10.46,3.048,3152,1.21,2025-04-20T00:00:00
MC004,Retargeting - Add to Cart 7d,act_123456789,Vitalis UK,GBP,2025-04-19,2875,79,37.65,0.48,13.1,2.7756,2380,1.21,2025-04-20T00:00:00
MC005,Prospecting - Interest - Wellness,act_123456789,Vitalis UK,GBP,2025-04-19,9629,148,97.84,0.66,10.16,1.5376,7180,1.34,2025-04-20T00:00:00
MC006,DPA - Catalogue Sales,act_123456789,Vitalis UK,GBP,2025-04-19,4118,125,49.34,0.39,11.98,3.0395,3764,1.09,2025-04-20T00:00:00
MC001,Prospecting - Broad - CBD Oils,act_123456789,Vitalis UK,GBP,2025-04-20,6324,91,81.03,0.89,12.81,1.4531,5007,1.26,2025-04-21T00:00:00
MC002,Prospecting - Lookalike - Purchasers,act_123456789,Vitalis UK,GBP,2025-04-20,8002,139,79.99,0.58,10.0,1.7477,6916,1.16,2025-04-21T00:00:00
MC003,Retargeting - Website Visitors 30d,act_123456789,Vitalis UK,GBP,2025-04-20,3513,105,39.55,0.38,11.26,2.9921,3012,1.17,2025-04-21T00:00:00
MC004,Retargeting - Add to Cart 7d,act_123456789,Vitalis UK,GBP,2025-04-20,3848,119,46.38,0.39,12.05,3.0994,3257,1.18,2025-04-21T00:00:00
MC005,Prospecting - Interest - Wellness,act_123456789,Vitalis UK,GBP,2025-04-20,7401,119,77.87,0.65,10.52,1.6136,6640,1.11,2025-04-21T00:00:00
MC006,DPA - Catalogue Sales,act_123456789,Vitalis UK,GBP,2025-04-20,3515,117,40.59,0.35,11.55,3.3315,3135,1.12,2025-04-21T00:00:00
MC001,Prospecting - Broad - CBD Oils,act_123456789,Vitalis UK,GBP,2025-04-21,8163,131,89.02,0.68,10.91,1.6139,6159,1.33,2025-04-22T00:00:00
MC002,Prospecting - Lookalike - Purchasers,act_123456789,Vitalis UK,GBP,2025-04-21,7215,107,81.7,0.76,11.32,1.4843,5232,1.38,2025-04-22T00:00:00
MC003,Retargeting - Website Visitors 30d,act_123456789,Vitalis UK,GBP,2025-04-21,3912,118,47.05,0.4,12.03,3.0194,3576,1.09,2025-04-22T00:00:00
MC004,Retargeting - Add to Cart 7d,act_123456789,Vitalis UK,GBP,2025-04-21,4699,140,53.91,0.39,11.47,2.9865,3378,1.39,2025-04-22T00:00:00
MC005,Prospecting - Interest - Wellness,act_123456789,Vitalis UK,GBP,2025-04-21,8137,140,86.22,0.62,10.6,1.7256,5909,1.38,2025-04-22T00:00:00
MC006,DPA - Catalogue Sales,act_123456789,Vitalis UK,GBP,2025-04-21,5743,194,54.62,0.28,9.51,3.3862,4848,1.18,2025-04-22T00:00:00
MC001,Prospecting - Broad - CBD Oils,act_123456789,Vitalis UK,GBP,2025-04-22,9287,137,92.57,0.68,9.97,1.4754,7090,1.31,2025-04-23T00:00:00
MC002,Prospecting - Lookalike - Purchasers,act_123456789,Vitalis UK,GBP,2025-04-22,7653,132,80.82,0.61,10.56,1.7297,5732,1.34,2025-04-23T00:00:00
MC003,Retargeting - Website Visitors 30d,act_123456789,Vitalis UK,GBP,2025-04-22,3554,101,49.2,0.49,13.84,2.8443,3082,1.15,2025-04-23T00:00:00
MC004,Retargeting - Add to Cart 7d,act_123456789,Vitalis UK,GBP,2025-04-22,2948,86,36.91,0.43,12.52,2.9207,2658,1.11,2025-04-23T00:00:00
MC005,Prospecting - Interest - Wellness,act_123456789,Vitalis UK,GBP,2025-04-22,6777,95,92.67,0.98,13.67,1.4146,5571,1.22,2025-04-23T00:00:00
MC006,DPA - Catalogue Sales,act_123456789,Vitalis UK,GBP,2025-04-22,3491,113,43.25,0.38,12.39,3.2399,2738,1.28,2025-04-23T00:00:00
MC001,Prospecting - Broad - CBD Oils,act_123456789,Vitalis UK,GBP,2025-04-23,7792,131,76.52,0.58,9.82,1.6882,6219,1.25,2025-04-24T00:00:00
MC002,Prospecting - Lookalike - Purchasers,act_123456789,Vitalis UK,GBP,2025-04-23,8965,159,92.83,0.58,10.35,1.7758,7945,1.13,2025-04-24T00:00:00
MC003,Retargeting - Website Visitors 30d,act_123456789,Vitalis UK,GBP,2025-04-23,3149,97,44.01,0.45,13.98,3.0953,2588,1.22,2025-04-24T00:00:00
MC004,Retargeting - Add to Cart 7d,act_123456789,Vitalis UK,GBP,2025-04-23,3300,89,43.2,0.49,13.09,2.709,2746,1.2,2025-04-24T00:00:00
MC005,Prospecting - Interest - Wellness,act_123456789,Vitalis UK,GBP,2025-04-23,9525,148,99.81,0.67,10.48,1.5605,6914,1.38,2025-04-24T00:00:00
MC006,DPA - Catalogue Sales,act_123456789,Vitalis UK,GBP,2025-04-23,3848,109,47.91,0.44,12.45,2.8562,3275,1.17,2025-04-24T00:00:00
MC001,Prospecting - Broad - CBD Oils,act_123456789,Vitalis UK,GBP,2025-04-24,7854,133,99.2,0.75,12.63,1.6977,7221,1.09,2025-04-25T00:00:00
MC002,Prospecting - Lookalike - Purchasers,act_123456789,Vitalis UK,GBP,2025-04-24,6990,105,93.05,0.89,13.31,1.5028,5526,1.26,2025-04-25T00:00:00
MC003,Retargeting - Website Visitors 30d,act_123456789,Vitalis UK,GBP,2025-04-24,3971,131,41.89,0.32,10.55,3.3183,3643,1.09,2025-04-25T00:00:00
MC004,Retargeting - Add to Cart 7d,act_123456789,Vitalis UK,GBP,2025-04-24,4202,129,41.33,0.32,9.84,3.0725,3385,1.24,2025-04-25T00:00:00
MC005,Prospecting - Interest - Wellness,act_123456789,Vitalis UK,GBP,2025-04-24,7168,95,96.78,1.02,13.5,1.3295,5917,1.21,2025-04-25T00:00:00
MC006,DPA - Catalogue Sales,act_123456789,Vitalis UK,GBP,2025-04-24,4327,147,44.47,0.3,10.28,3.4187,3754,1.15,2025-04-25T00:00:00
MC001,Prospecting - Broad - CBD Oils,act_123456789,Vitalis UK,GBP,2025-04-25,7962,117,85.02,0.73,10.68,1.4728,6254,1.27,2025-04-26T00:00:00
MC002,Prospecting - Lookalike - Purchasers,act_123456789,Vitalis UK,GBP,2025-04-25,6834,117,99.44,0.85,14.55,1.7178,6409,1.07,2025-04-26T00:00:00
MC003,Retargeting - Website Visitors 30d,act_123456789,Vitalis UK,GBP,2025-04-25,3671,114,41.87,0.37,11.41,3.1249,3210,1.14,2025-04-26T00:00:00
MC004,Retargeting - Add to Cart 7d,act_123456789,Vitalis UK,GBP,2025-04-25,4533,131,49.27,0.38,10.87,2.9108,3936,1.15,2025-04-26T00:00:00
MC005,Prospecting - Interest - Wellness,act_123456789,Vitalis UK,GBP,2025-04-25,8038,122,100.14,0.82,12.46,1.523,6125,1.31,2025-04-26T00:00:00
MC006,DPA - Catalogue Sales,act_123456789,Vitalis UK,GBP,2025-04-25,3889,107,46.26,0.43,11.9,2.7724,3575,1.09,2025-04-26T00:00:00
MC001,Prospecting - Broad - CBD Oils,act_123456789,Vitalis UK,GBP,2025-04-26,9732,161,100.46,0.62,10.32,1.6598,7682,1.27,2025-04-27T00:00:00
MC002,Prospecting - Lookalike - Purchasers,act_123456789,Vitalis UK,GBP,2025-04-26,7849,136,92.27,0.68,11.76,1.7454,6857,1.14,2025-04-27T00:00:00
MC003,Retargeting - Website Visitors 30d,act_123456789,Vitalis UK,GBP,2025-04-26,4173,135,41.95,0.31,10.05,3.2413,3132,1.33,2025-04-27T00:00:00
MC004,Retargeting - Add to Cart 7d,act_123456789,Vitalis UK,GBP,2025-04-26,3964,123,41.15,0.33,10.38,3.1271,3580,1.11,2025-04-27T00:00:00
MC005,Prospecting - Interest - Wellness,act_123456789,Vitalis UK,GBP,2025-04-26,9266,122,106.96,0.88,11.54,1.326,7334,1.26,2025-04-27T00:00:00
MC006,DPA - Catalogue Sales,act_123456789,Vitalis UK,GBP,2025-04-26,4424,143,48.58,0.34,10.98,3.2324,3672,1.2,2025-04-27T00:00:00
MC001,Prospecting - Broad - CBD Oils,act_123456789,Vitalis UK,GBP,2025-04-27,7767,122,81.47,0.67,10.49,1.5776,6605,1.18,2025-04-28T00:00:00
MC002,Prospecting - Lookalike - Purchasers,act_123456789,Vitalis UK,GBP,2025-04-27,8142,132,105.26,0.8,12.93,1.6291,6818,1.19,2025-04-28T00:00:00
MC003,Retargeting - Website Visitors 30d,act_123456789,Vitalis UK,GBP,2025-04-27,4181,121,52.68,0.44,12.6,2.9087,3214,1.3,2025-04-28T00:00:00
MC004,Retargeting - Add to Cart 7d,act_123456789,Vitalis UK,GBP,2025-04-27,3124,104,46.02,0.44,14.73,3.3304,2746,1.14,2025-04-28T00:00:00
MC005,Prospecting - Interest - Wellness,act_123456789,Vitalis UK,GBP,2025-04-27,8433,115,84.23,0.73,9.99,1.3702,7060,1.19,2025-04-28T00:00:00
MC006,DPA - Catalogue Sales,act_123456789,Vitalis UK,GBP,2025-04-27,3973,113,48.76,0.43,12.27,2.8635,3566,1.11,2025-04-28T00:00:00
MC001,Prospecting - Broad - CBD Oils,act_123456789,Vitalis UK,GBP,2025-04-28,5679,92,83.09,0.9,14.63,1.6223,4583,1.24,2025-04-29T00:00:00
MC002,Prospecting - Lookalike - Purchasers,act_123456789,Vitalis UK,GBP,2025-04-28,6280,93,78.31,0.84,12.47,1.4894,4929,1.27,2025-04-29T00:00:00
MC003,Retargeting - Website Visitors 30d,act_123456789,Vitalis UK,GBP,2025-04-28,3336,94,42.25,0.45,12.66,2.833,3007,1.11,2025-04-29T00:00:00
MC004,Retargeting - Add to Cart 7d,act_123456789,Vitalis UK,GBP,2025-04-28,2896,72,40.17,0.56,13.87,2.5037,2030,1.43,2025-04-29T00:00:00
MC005,Prospecting - Interest - Wellness,act_123456789,Vitalis UK,GBP,2025-04-28,5880,91,78.71,0.86,13.39,1.5568,5094,1.15,2025-04-29T00:00:00
MC006,DPA - Catalogue Sales,act_123456789,Vitalis UK,GBP,2025-04-28,4953,161,50.18,0.31,10.13,3.2672,3839,1.29,2025-04-29T00:00:00
MC001,Prospecting - Broad - CBD Oils,act_123456789,Vitalis UK,GBP,2025-04-29,7035,103,100.51,0.98,14.29,1.4769,5383,1.31,2025-04-30T00:00:00
MC002,Prospecting - Lookalike - Purchasers,act_123456789,Vitalis UK,GBP,2025-04-29,8453,134,101.4,0.76,12.0,1.5863,7369,1.15,2025-04-30T00:00:00
MC003,Retargeting - Website Visitors 30d,act_123456789,Vitalis UK,GBP,2025-04-29,4521,132,45.43,0.34,10.05,2.9317,3652,1.24,2025-04-30T00:00:00
MC004,Retargeting - Add to Cart 7d,act_123456789,Vitalis UK,GBP,2025-04-29,3316,86,46.07,0.54,13.89,2.6095,2640,1.26,2025-04-30T00:00:00
MC005,Prospecting - Interest - Wellness,act_123456789,Vitalis UK,GBP,2025-04-29,9654,127,108.32,0.85,11.22,1.3199,7029,1.37,2025-04-30T00:00:00
MC006,DPA - Catalogue Sales,act_123456789,Vitalis UK,GBP,2025-04-29,3327,89,42.38,0.48,12.74,2.6861,3149,1.06,2025-04-30T00:00:00
MC001,Prospecting - Broad - CBD Oils,act_123456789,Vitalis UK,GBP,2025-04-30,6243,82,78.92,0.96,12.64,1.3137,5425,1.15,2025-05-01T00:00:00
MC002,Prospecting - Lookalike - Purchasers,act_123456789,Vitalis UK,GBP,2025-04-30,7072,107,100.03,0.93,14.14,1.5262,5832,1.21,2025-05-01T00:00:00
MC003,Retargeting - Website Visitors 30d,act_123456789,Vitalis UK,GBP,2025-04-30,4160,102,45.12,0.44,10.85,2.4736,3649,1.14,2025-05-01T00:00:00
MC004,Retargeting - Add to Cart 7d,act_123456789,Vitalis UK,GBP,2025-04-30,3721,103,43.0,0.42,11.56,2.7863,2607,1.43,2025-05-01T00:00:00
MC005,Prospecting - Interest - Wellness,act_123456789,Vitalis UK,GBP,2025-04-30,6724,85,90.02,1.06,13.39,1.2692,6362,1.06,2025-05-01T00:00:00
MC006,DPA - Catalogue Sales,act_123456789,Vitalis UK,GBP,2025-04-30,4521,145,48.09,0.33,10.64,3.2153,3861,1.17,2025-05-01T00:00:00
MC001,Prospecting - Broad - CBD Oils,act_123456789,Vitalis UK,GBP,2025-05-01,5835,74,87.35,1.18,14.97,1.2813,4841,1.21,2025-05-02T00:00:00
MC002,Prospecting - Lookalike - Purchasers,act_123456789,Vitalis UK,GBP,2025-05-01,7329,111,107.56,0.97,14.68,1.5271,6915,1.06,2025-05-02T00:00:00
MC003,Retargeting - Website Visitors 30d,act_123456789,Vitalis UK,GBP,2025-05-01,4876,147,54.8,0.37,11.24,3.0193,4179,1.17,2025-05-02T00:00:00
MC004,Retargeting - Add to Cart 7d,act_123456789,Vitalis UK,GBP,2025-05-01,4829,121,53.52,0.44,11.08,2.5186,3944,1.22,2025-05-02T00:00:00
MC005,Prospecting - Interest - Wellness,act_123456789,Vitalis UK,GBP,2025-05-01,8175,129,87.05,0.67,10.65,1.5815,6903,1.18,2025-05-02T00:00:00
MC006,DPA - Catalogue Sales,act_123456789,Vitalis UK,GBP,2025-05-01,3332,95,45.14,0.48,13.55,2.8516,2462,1.35,2025-05-02T00:00:00
MC001,Prospecting - Broad - CBD Oils,act_123456789,Vitalis UK,GBP,2025-05-02,9958,155,108.44,0.7,10.89,1.5613,9151,1.09,2025-05-03T00:00:00
MC002,Prospecting - Lookalike - Purchasers,act_123456789,Vitalis UK,GBP,2025-05-02,10364,164,109.67,0.67,10.58,1.5833,8455,1.23,2025-05-03T00:00:00
MC003,Retargeting - Website Visitors 30d,act_123456789,Vitalis UK,GBP,2025-05-02,4046,117,41.46,0.35,10.25,2.906,3342,1.21,2025-05-03T00:00:00
MC004,Retargeting - Add to Cart 7d,act_123456789,Vitalis UK,GBP,2025-05-02,3967,99,43.98,0.44,11.09,2.498,3164,1.25,2025-05-03T00:00:00
MC005,Prospecting - Interest - Wellness,act_123456789,Vitalis UK,GBP,2025-05-02,7547,98,92.64,0.95,12.28,1.3002,5549,1.36,2025-05-03T00:00:00
MC006,DPA - Catalogue Sales,act_123456789,Vitalis UK,GBP,2025-05-02,4379,142,54.45,0.38,12.43,3.2567,3588,1.22,2025-05-03T00:00:00
MC001,Prospecting - Broad - CBD Oils,act_123456789,Vitalis UK,GBP,2025-05-03,7448,121,80.6,0.67,10.82,1.6309,5928,1.26,2025-05-04T00:00:00
MC002,Prospecting - Lookalike - Purchasers,act_123456789,Vitalis UK,GBP,2025-05-03,5799,79,85.63,1.08,14.77,1.3631,4556,1.27,2025-05-04T00:00:00
MC003,Retargeting - Website Visitors 30d,act_123456789,Vitalis UK,GBP,2025-05-03,2977,85,44.19,0.52,14.84,2.8731,2750,1.08,2025-05-04T00:00:00
MC004,Retargeting - Add to Cart 7d,act_123456789,Vitalis UK,GBP,2025-05-03,3992,103,50.19,0.49,12.57,2.5959,3456,1.16,2025-05-04T00:00:00
MC005,Prospecting - Interest - Wellness,act_123456789,Vitalis UK,GBP,2025-05-03,6518,107,94.16,0.88,14.45,1.6516,5078,1.28,2025-05-04T00:00:00
MC006,DPA - Catalogue Sales,act_123456789,Vitalis UK,GBP,2025-05-03,4309,110,46.57,0.42,10.81,2.5637,3996,1.08,2025-05-04T00:00:00
MC001,Prospecting - Broad - CBD Oils,act_123456789,Vitalis UK,GBP,2025-05-04,9288,130,98.95,0.76,10.65,1.408,8196,1.13,2025-05-05T00:00:00
MC002,Prospecting - Lookalike - Purchasers,act_123456789,Vitalis UK,GBP,2025-05-04,6537,81,94.58,1.17,14.47,1.24,5708,1.15,2025-05-05T00:00:00
MC003,Retargeting - Website Visitors 30d,act_123456789,Vitalis UK,GBP,2025-05-04,4614,134,48.82,0.36,10.58,2.918,3509,1.31,2025-05-05T00:00:00
MC004,Retargeting - Add to Cart 7d,act_123456789,Vitalis UK,GBP,2025-05-04,3787,111,43.83,0.39,11.57,2.9403,2856,1.33,2025-05-05T00:00:00
MC005,Prospecting - Interest - Wellness,act_123456789,Vitalis UK,GBP,2025-05-04,9300,125,107.2,0.86,11.53,1.3508,8247,1.13,2025-05-05T00:00:00
MC006,DPA - Catalogue Sales,act_123456789,Vitalis UK,GBP,2025-05-04,3851,104,44.39,0.43,11.53,2.7222,3226,1.19,2025-05-05T00:00:00
MC001,Prospecting - Broad - CBD Oils,act_123456789,Vitalis UK,GBP,2025-05-05,6371,104,86.23,0.83,13.53,1.6446,5180,1.23,2025-05-06T00:00:00
MC002,Prospecting - Lookalike - Purchasers,act_123456789,Vitalis UK,GBP,2025-05-05,6326,97,96.82,1.0,15.31,1.5336,4431,1.43,2025-05-06T00:00:00
MC003,Retargeting - Website Visitors 30d,act_123456789,Vitalis UK,GBP,2025-05-05,3634,103,52.11,0.51,14.34,2.8362,3178,1.14,2025-05-06T00:00:00
MC004,Retargeting - Add to Cart 7d,act_123456789,Vitalis UK,GBP,2025-05-05,3882,106,47.8,0.45,12.31,2.7556,2796,1.39,2025-05-06T00:00:00
MC005,Prospecting - Interest - Wellness,act_123456789,Vitalis UK,GBP,2025-05-05,6260,77,86.49,1.12,13.82,1.2317,5896,1.06,2025-05-06T00:00:00
MC006,DPA - Catalogue Sales,act_123456789,Vitalis UK,GBP,2025-05-05,3969,112,45.89,0.41,11.56,2.8428,3510,1.13,2025-05-06T00:00:00
MC001,Prospecting - Broad - CBD Oils,act_123456789,Vitalis UK,GBP,2025-05-06,9974,161,106.11,0.66,10.64,1.6241,9403,1.06,2025-05-07T00:00:00
MC002,Prospecting - Lookalike - Purchasers,act_123456789,Vitalis UK,GBP,2025-05-06,8292,119,91.98,0.77,11.09,1.4411,6830,1.21,2025-05-07T00:00:00
MC003,Retargeting - Website Visitors 30d,act_123456789,Vitalis UK,GBP,2025-05-06,2874,89,43.63,0.49,15.18,3.1261,2040,1.41,2025-05-07T00:00:00
MC004,Retargeting - Add to Cart 7d,act_123456789,Vitalis UK,GBP,2025-05-06,3167,95,49.94,0.53,15.77,3.0118,2911,1.09,2025-05-07T00:00:00
MC005,Prospecting - Interest - Wellness,act_123456789,Vitalis UK,GBP,2025-05-06,8366,129,89.21,0.69,10.66,1.5465,6086,1.37,2025-05-07T00:00:00
MC006,DPA - Catalogue Sales,act_123456789,Vitalis UK,GBP,2025-05-06,4148,98,51.01,0.52,12.3,2.384,3739,1.11,2025-05-07T00:00:00
MC001,Prospecting - Broad - CBD Oils,act_123456789,Vitalis UK,GBP,2025-05-07,7555,105,86.26,0.82,11.42,1.3987,5684,1.33,2025-05-08T00:00:00
MC002,Prospecting - Lookalike - Purchasers,act_123456789,Vitalis UK,GBP,2025-05-07,6276,91,78.18,0.86,12.46,1.4546,4916,1.28,2025-05-08T00:00:00
MC003,Retargeting - Website Visitors 30d,act_123456789,Vitalis UK,GBP,2025-05-07,4357,128,49.25,0.38,11.3,2.9488,3496,1.25,2025-05-08T00:00:00
MC004,Retargeting - Add to Cart 7d,act_123456789,Vitalis UK,GBP,2025-05-07,3898,90,46.06,0.51,11.82,2.3342,3651,1.07,2025-05-08T00:00:00
MC005,Prospecting - Interest - Wellness,act_123456789,Vitalis UK,GBP,2025-05-07,7462,115,82.03,0.71,10.99,1.5509,6782,1.1,2025-05-08T00:00:00
MC006,DPA - Catalogue Sales,act_123456789,Vitalis UK,GBP,2025-05-07,3312,94,42.62,0.45,12.87,2.8404,2900,1.14,2025-05-08T00:00:00
MC001,Prospecting - Broad - CBD Oils,act_123456789,Vitalis UK,GBP,2025-05-08,5903,80,83.6,1.04,14.16,1.3721,4664,1.27,2025-05-09T00:00:00
MC002,Prospecting - Lookalike - Purchasers,act_123456789,Vitalis UK,GBP,2025-05-08,9213,132,100.07,0.76,10.86,1.4371,7869,1.17,2025-05-09T00:00:00
MC003,Retargeting - Website Visitors 30d,act_123456789,Vitalis UK,GBP,2025-05-08,4249,124,53.03,0.43,12.48,2.9228,3776,1.13,2025-05-09T00:00:00
MC004,Retargeting - Add to Cart 7d,act_123456789,Vitalis UK,GBP,2025-05-08,3353,99,50.51,0.51,15.06,2.9746,2997,1.12,2025-05-09T00:00:00
MC005,Prospecting - Interest - Wellness,act_123456789,Vitalis UK,GBP,2025-05-08,7804,95,85.43,0.9,10.95,1.2301,7280,1.07,2025-05-09T00:00:00
MC006,DPA - Catalogue Sales,act_123456789,Vitalis UK,GBP,2025-05-08,3887,104,45.23,0.43,11.64,2.6887,3279,1.19,2025-05-09T00:00:00
MC001,Prospecting - Broad - CBD Oils,act_123456789,Vitalis UK,GBP,2025-05-09,8850,141,109.51,0.78,12.37,1.5959,8000,1.11,2025-05-10T00:00:00
MC002,Prospecting - Lookalike - Purchasers,act_123456789,Vitalis UK,GBP,2025-05-09,6263,86,84.49,0.98,13.49,1.3809,4945,1.27,2025-05-10T00:00:00
MC003,Retargeting - Website Visitors 30d,act_123456789,Vitalis UK,GBP,2025-05-09,4242,110,53.31,0.48,12.57,2.6158,3302,1.28,2025-05-10T00:00:00
MC004,Retargeting - Add to Cart 7d,act_123456789,Vitalis UK,GBP,2025-05-09,4835,128,56.53,0.44,11.69,2.6679,3700,1.31,2025-05-10T00:00:00
MC005,Prospecting - Interest - Wellness,act_123456789,Vitalis UK,GBP,2025-05-09,7300,113,89.04,0.79,12.2,1.5562,5225,1.4,2025-05-10T00:00:00
MC006,DPA - Catalogue Sales,act_123456789,Vitalis UK,GBP,2025-05-09,3860,103,55.31,0.54,14.33,2.6867,3113,1.24,2025-05-10T00:00:00
MC001,Prospecting - Broad - CBD Oils,act_123456789,Vitalis UK,GBP,2025-05-10,9545,119,107.61,0.9,11.27,1.2472,6853,1.39,2025-05-11T00:00:00
MC002,Prospecting - Lookalike - Purchasers,act_123456789,Vitalis UK,GBP,2025-05-10,7414,88,114.59,1.3,15.46,1.1975,5780,1.28,2025-05-11T00:00:00
MC003,Retargeting - Website Visitors 30d,act_123456789,Vitalis UK,GBP,2025-05-10,3959,115,55.34,0.48,13.98,2.9279,3418,1.16,2025-05-11T00:00:00
MC004,Retargeting - Add to Cart 7d,act_123456789,Vitalis UK,GBP,2025-05-10,4063,108,49.21,0.46,12.11,2.6795,3761,1.08,2025-05-11T00:00:00
MC005,Prospecting - Interest - Wellness,act_123456789,Vitalis UK,GBP,2025-05-10,7806,122,89.63,0.73,11.48,1.5685,5704,1.37,2025-05-11T00:00:00
MC006,DPA - Catalogue Sales,act_123456789,Vitalis UK,GBP,2025-05-10,3027,74,44.63,0.6,14.74,2.4637,2167,1.4,2025-05-11T00:00:00
MC001,Prospecting - Broad - CBD Oils,act_123456789,Vitalis UK,GBP,2025-05-11,8243,129,101.86,0.79,12.36,1.5658,6480,1.27,2025-05-12T00:00:00
MC002,Prospecting - Lookalike - Purchasers,act_123456789,Vitalis UK,GBP,2025-05-11,6765,89,91.12,1.02,13.47,1.3303,6316,1.07,2025-05-12T00:00:00
MC003,Retargeting - Website Visitors 30d,act_123456789,Vitalis UK,GBP,2025-05-11,3910,104,45.23,0.43,11.57,2.6824,2958,1.32,2025-05-12T00:00:00
MC004,Retargeting - Add to Cart 7d,act_123456789,Vitalis UK,GBP,2025-05-11,2947,75,40.37,0.54,13.7,2.5568,2395,1.23,2025-05-12T00:00:00
MC005,Prospecting - Interest - Wellness,act_123456789,Vitalis UK,GBP,2025-05-11,6463,78,101.01,1.3,15.63,1.2176,4881,1.32,2025-05-12T00:00:00
MC006,DPA - Catalogue Sales,act_123456789,Vitalis UK,GBP,2025-05-11,3727,92,49.81,0.54,13.36,2.4833,3024,1.23,2025-05-12T00:00:00
MC001,Prospecting - Broad - CBD Oils,act_123456789,Vitalis UK,GBP,2025-05-12,6873,107,104.76,0.98,15.24,1.5573,6331,1.09,2025-05-13T00:00:00
MC002,Prospecting - Lookalike - Purchasers,act_123456789,Vitalis UK,GBP,2025-05-12,8551,108,97.55,0.9,11.41,1.2729,6432,1.33,2025-05-13T00:00:00
MC003,Retargeting - Website Visitors 30d,act_123456789,Vitalis UK,GBP,2025-05-12,3573,85,47.1,0.55,13.18,2.388,2771,1.29,2025-05-13T00:00:00
MC004,Retargeting - Add to Cart 7d,act_123456789,Vitalis UK,GBP,2025-05-12,3745,99,43.68,0.44,11.66,2.6653,2760,1.36,2025-05-13T00:00:00
MC005,Prospecting - Interest - Wellness,act_123456789,Vitalis UK,GBP,2025-05-12,9167,135,110.88,0.82,12.1,1.4829,6811,1.35,2025-05-13T00:00:00
MC006,DPA - Catalogue Sales,act_123456789,Vitalis UK,GBP,2025-05-12,3957,114,44.42,0.39,11.23,2.8868,3662,1.08,2025-05-13T00:00:00
MC001,Prospecting - Broad - CBD Oils,act_123456789,Vitalis UK,GBP,2025-05-13,8812,101,107.45,1.06,12.19,1.1514,7235,1.22,2025-05-14T00:00:00
MC002,Prospecting - Lookalike - Purchasers,act_123456789,Vitalis UK,GBP,2025-05-13,8376,124,102.12,0.82,12.19,1.4915,6605,1.27,2025-05-14T00:00:00
MC003,Retargeting - Website Visitors 30d,act_123456789,Vitalis UK,GBP,2025-05-13,2987,75,45.19,0.6,15.13,2.5427,2244,1.33,2025-05-14T00:00:00
MC004,Retargeting - Add to Cart 7d,act_123456789,Vitalis UK,GBP,2025-05-13,2686,71,43.43,0.61,16.17,2.6444,2261,1.19,2025-05-14T00:00:00
MC005,Prospecting - Interest - Wellness,act_123456789,Vitalis UK,GBP,2025-05-13,6816,86,98.28,1.14,14.42,1.2621,5978,1.14,2025-05-14T00:00:00
MC006,DPA - Catalogue Sales,act_123456789,Vitalis UK,GBP,2025-05-13,3674,110,55.22,0.5,15.03,3.0019,3464,1.06,2025-05-14T00:00:00
MC001,Prospecting - Broad - CBD Oils,act_123456789,Vitalis UK,GBP,2025-05-14,5959,86,83.41,0.97,14.0,1.4434,4885,1.22,2025-05-15T00:00:00
MC002,Prospecting - Lookalike - Purchasers,act_123456789,Vitalis UK,GBP,2025-05-14,6058,81,96.19,1.19,15.88,1.3452,5376,1.13,2025-05-15T00:00:00
MC003,Retargeting - Website Visitors 30d,act_123456789,Vitalis UK,GBP,2025-05-14,3488,78,42.87,0.55,12.29,2.2506,2732,1.28,2025-05-15T00:00:00
MC004,Retargeting - Add to Cart 7d,act_123456789,Vitalis UK,GBP,2025-05-14,4047,114,50.16,0.44,12.39,2.8364,3308,1.22,2025-05-15T00:00:00
MC005,Prospecting - Interest - Wellness,act_123456789,Vitalis UK,GBP,2025-05-14,7579,88,104.24,1.18,13.75,1.1703,5635,1.34,2025-05-15T00:00:00
MC006,DPA - Catalogue Sales,act_123456789,Vitalis UK,GBP,2025-05-14,4449,114,53.11,0.47,11.94,2.5788,3929,1.13,2025-05-15T00:00:00
MC001,Prospecting - Broad - CBD Oils,act_123456789,Vitalis UK,GBP,2025-05-15,7265,92,88.25,0.96,12.15,1.2687,6164,1.18,2025-05-16T00:00:00
MC002,Prospecting - Lookalike - Purchasers,act_123456789,Vitalis UK,GBP,2025-05-15,5400,70,91.63,1.31,16.97,1.3026,3834,1.41,2025-05-16T00:00:00
MC003,Retargeting - Website Visitors 30d,act_123456789,Vitalis UK,GBP,2025-05-15,3789,110,46.65,0.42,12.31,2.911,3242,1.17,2025-05-16T00:00:00
MC004,Retargeting - Add to Cart 7d,act_123456789,Vitalis UK,GBP,2025-05-15,2821,78,42.37,0.54,15.02,2.7842,2214,1.27,2025-05-16T00:00:00
MC005,Prospecting - Interest - Wellness,act_123456789,Vitalis UK,GBP,2025-05-15,6868,102,90.73,0.89,13.21,1.4959,6483,1.06,2025-05-16T00:00:00
MC006,DPA - Catalogue Sales,act_123456789,Vitalis UK,GBP,2025-05-15,2560,74,40.47,0.55,15.81,2.8985,1959,1.31,2025-05-16T00:00:00
MC001,Prospecting - Broad - CBD Oils,act_123456789,Vitalis UK,GBP,2025-05-16,6271,72,100.19,1.39,15.98,1.1636,4493,1.4,2025-05-17T00:00:00
MC002,Prospecting - Lookalike - Purchasers,act_123456789,Vitalis UK,GBP,2025-05-16,8627,97,107.39,1.11,12.45,1.1281,7240,1.19,2025-05-17T00:00:00
MC003,Retargeting - Website Visitors 30d,act_123456789,Vitalis UK,GBP,2025-05-16,3091,75,40.13,0.54,12.98,2.4504,2613,1.18,2025-05-17T00:00:00
MC004,Retargeting - Add to Cart 7d,act_123456789,Vitalis UK,GBP,2025-05-16,3016,78,41.0,0.53,13.59,2.6183,2847,1.06,2025-05-17T00:00:00
MC005,Prospecting - Interest - Wellness,act_123456789,Vitalis UK,GBP,2025-05-16,6781,92,97.88,1.06,14.43,1.3608,5908,1.15,2025-05-17T00:00:00
MC006,DPA - Catalogue Sales,act_123456789,Vitalis UK,GBP,2025-05-16,2678,62,42.32,0.68,15.8,2.3373,2130,1.26,2025-05-17T00:00:00
MC001,Prospecting - Broad - CBD Oils,act_123456789,Vitalis UK,GBP,2025-05-17,9645,127,119.83,0.94,12.42,1.3199,8244,1.17,2025-05-18T00:00:00
MC002,Prospecting - Lookalike - Purchasers,act_123456789,Vitalis UK,GBP,2025-05-17,6904,86,118.21,1.37,17.12,1.2593,6137,1.12,2025-05-18T00:00:00
MC003,Retargeting - Website Visitors 30d,act_123456789,Vitalis UK,GBP,2025-05-17,3433,94,55.77,0.59,16.25,2.764,2500,1.37,2025-05-18T00:00:00
MC004,Retargeting - Add to Cart 7d,act_123456789,Vitalis UK,GBP,2025-05-17,3872,108,45.88,0.42,11.85,2.8133,3504,1.11,2025-05-18T00:00:00
MC005,Prospecting - Interest - Wellness,act_123456789,Vitalis UK,GBP,2025-05-17,7237,95,104.26,1.1,14.41,1.3246,5571,1.3,2025-05-18T00:00:00
MC006,DPA - Catalogue Sales,act_123456789,Vitalis UK,GBP,2025-05-17,3731,85,52.49,0.62,14.07,2.3026,3371,1.11,2025-05-18T00:00:00
MC001,Prospecting - Broad - CBD Oils,act_123456789,Vitalis UK,GBP,2025-05-18,7956,89,101.32,1.14,12.74,1.1198,6356,1.25,2025-05-19T00:00:00
MC002,Prospecting - Lookalike - Purchasers,act_123456789,Vitalis UK,GBP,2025-05-18,6430,88,100.1,1.14,15.57,1.3724,5420,1.19,2025-05-19T00:00:00
MC003,Retargeting - Website Visitors 30d,act_123456789,Vitalis UK,GBP,2025-05-18,3579,101,54.74,0.54,15.29,2.8223,2784,1.29,2025-05-19T00:00:00
MC004,Retargeting - Add to Cart 7d,act_123456789,Vitalis UK,GBP,2025-05-18,3455,92,52.38,0.57,15.16,2.6734,3181,1.09,2025-05-19T00:00:00
MC005,Prospecting - Interest - Wellness,act_123456789,Vitalis UK,GBP,2025-05-18,7117,86,84.62,0.98,11.89,1.2102,5134,1.39,2025-05-19T00:00:00
MC006,DPA - Catalogue Sales,act_123456789,Vitalis UK,GBP,2025-05-18,3752,82,50.65,0.62,13.5,2.1976,3033,1.24,2025-05-19T00:00:00
MC001,Prospecting - Broad - CBD Oils,act_123456789,Vitalis UK,GBP,2025-05-19,6028,72,91.31,1.27,15.15,1.2048,4578,1.32,2025-05-20T00:00:00
MC002,Prospecting - Lookalike - Purchasers,act_123456789,Vitalis UK,GBP,2025-05-19,7582,104,101.11,0.97,13.34,1.3756,5942,1.28,2025-05-20T00:00:00
MC003,Retargeting - Website Visitors 30d,act_123456789,Vitalis UK,GBP,2025-05-19,3210,69,44.97,0.65,14.01,2.1541,2850,1.13,2025-05-20T00:00:00
MC004,Retargeting - Add to Cart 7d,act_123456789,Vitalis UK,GBP,2025-05-19,4334,107,56.41,0.53,13.02,2.4895,3279,1.32,2025-05-20T00:00:00
MC005,Prospecting - Interest - Wellness,act_123456789,Vitalis UK,GBP,2025-05-19,9003,112,105.6,0.94,11.73,1.2529,7417,1.21,2025-05-20T00:00:00
MC006,DPA - Catalogue Sales,act_123456789,Vitalis UK,GBP,2025-05-19,4153,104,55.3,0.53,13.32,2.5129,3185,1.3,2025-05-20T00:00:00
MC001,Prospecting - Broad - CBD Oils,act_123456789,Vitalis UK,GBP,2025-05-20,6219,69,100.85,1.46,16.22,1.1239,5168,1.2,2025-05-21T00:00:00
MC002,Prospecting - Lookalike - Purchasers,act_123456789,Vitalis UK,GBP,2025-05-20,7004,95,99.81,1.05,14.25,1.3568,5662,1.24,2025-05-21T00:00:00
MC003,Retargeting - Website Visitors 30d,act_123456789,Vitalis UK,GBP,2025-05-20,4137,104,52.03,0.5,12.58,2.5194,3436,1.2,2025-05-21T00:00:00
MC004,Retargeting - Add to Cart 7d,act_123456789,Vitalis UK,GBP,2025-05-20,3042,77,47.6,0.62,15.65,2.5332,2375,1.28,2025-05-21T00:00:00
MC005,Prospecting - Interest - Wellness,act_123456789,Vitalis UK,GBP,2025-05-20,7029,85,114.64,1.35,16.31,1.2219,5972,1.18,2025-05-21T00:00:00
MC006,DPA - Catalogue Sales,act_123456789,Vitalis UK,GBP,2025-05-20,3290,91,54.2,0.6,16.47,2.7799,3085,1.07,2025-05-21T00:00:00
MC001,Prospecting - Broad - CBD Oils,act_123456789,Vitalis UK,GBP,2025-05-21,6154,81,103.37,1.28,16.8,1.3266,4707,1.31,2025-05-22T00:00:00
MC002,Prospecting - Lookalike - Purchasers,act_123456789,Vitalis UK,GBP,2025-05-21,6935,81,107.85,1.33,15.55,1.1767,5175,1.34,2025-05-22T00:00:00
MC003,Retargeting - Website Visitors 30d,act_123456789,Vitalis UK,GBP,2025-05-21,3749,87,51.28,0.59,13.68,2.3267,3450,1.09,2025-05-22T00:00:00
MC004,Retargeting - Add to Cart 7d,act_123456789,Vitalis UK,GBP,2025-05-21,3520,92,50.75,0.55,14.42,2.6194,2649,1.33,2025-05-22T00:00:00
MC005,Prospecting - Interest - Wellness,act_123456789,Vitalis UK,GBP,2025-05-21,7214,103,86.8,0.84,12.03,1.4359,5313,1.36,2025-05-22T00:00:00
MC006,DPA - Catalogue Sales,act_123456789,Vitalis UK,GBP,2025-05-21,3115,75,54.54,0.73,17.51,2.4274,2729,1.14,2025-05-22T00:00:00
MC001,Prospecting - Broad - CBD Oils,act_123456789,Vitalis UK,GBP,2025-05-22,7764,110,101.5,0.92,13.07,1.4205,6303,1.23,2025-05-23T00:00:00
MC002,Prospecting - Lookalike - Purchasers,act_123456789,Vitalis UK,GBP,2025-05-22,7268,88,102.36,1.16,14.08,1.217,6222,1.17,2025-05-23T00:00:00
MC003,Retargeting - Website Visitors 30d,act_123456789,Vitalis UK,GBP,2025-05-22,3163,79,49.4,0.63,15.62,2.5117,2426,1.3,2025-05-23T00:00:00
MC004,Retargeting - Add to Cart 7d,act_123456789,Vitalis UK,GBP,2025-05-22,3315,81,49.11,0.61,14.81,2.4489,3045,1.09,2025-05-23T00:00:00
MC005,Prospecting - Interest - Wellness,act_123456789,Vitalis UK,GBP,2025-05-22,5586,74,91.38,1.23,16.36,1.3404,4074,1.37,2025-05-23T00:00:00
MC006,DPA - Catalogue Sales,act_123456789,Vitalis UK,GBP,2025-05-22,3297,85,51.03,0.6,15.48,2.604,2841,1.16,2025-05-23T00:00:00
MC001,Prospecting - Broad - CBD Oils,act_123456789,Vitalis UK,GBP,2025-05-23,8031,94,105.15,1.12,13.09,1.1797,7038,1.14,2025-05-24T00:00:00
MC002,Prospecting - Lookalike - Purchasers,act_123456789,Vitalis UK,GBP,2025-05-23,6101,78,105.76,1.36,17.33,1.2843,5131,1.19,2025-05-24T00:00:00
MC003,Retargeting - Website Visitors 30d,act_123456789,Vitalis UK,GBP,2025-05-23,4216,116,51.52,0.44,12.22,2.7644,3585,1.18,2025-05-24T00:00:00
MC004,Retargeting - Add to Cart 7d,act_123456789,Vitalis UK,GBP,2025-05-23,3845,101,60.8,0.6,15.81,2.6282,2811,1.37,2025-05-24T00:00:00
MC005,Prospecting - Interest - Wellness,act_123456789,Vitalis UK,GBP,2025-05-23,5821,77,103.21,1.34,17.73,1.3268,5345,1.09,2025-05-24T00:00:00
MC006,DPA - Catalogue Sales,act_123456789,Vitalis UK,GBP,2025-05-23,4125,100,54.49,0.54,13.21,2.4294,3667,1.12,2025-05-24T00:00:00
MC001,Prospecting - Broad - CBD Oils,act_123456789,Vitalis UK,GBP,2025-05-24,7118,83,107.36,1.29,15.08,1.1704,5377,1.32,2025-05-25T00:00:00
MC002,Prospecting - Lookalike - Purchasers,act_123456789,Vitalis UK,GBP,2025-05-24,5138,70,90.62,1.29,17.64,1.3746,3807,1.35,2025-05-25T00:00:00
MC003,Retargeting - Website Visitors 30d,act_123456789,Vitalis UK,GBP,2025-05-24,3929,81,48.2,0.6,12.27,2.0702,2945,1.33,2025-05-25T00:00:00
MC004,Retargeting - Add to Cart 7d,act_123456789,Vitalis UK,GBP,2025-05-24,3776,89,58.65,0.66,15.53,2.3641,3397,1.11,2025-05-25T00:00:00
MC005,Prospecting - Interest - Wellness,act_123456789,Vitalis UK,GBP,2025-05-24,7355,79,102.44,1.3,13.93,1.0803,6669,1.1,2025-05-25T00:00:00
MC006,DPA - Catalogue Sales,act_123456789,Vitalis UK,GBP,2025-05-24,3330,90,52.27,0.58,15.7,2.7139,2509,1.33,2025-05-25T00:00:00
MC001,Prospecting - Broad - CBD Oils,act_123456789,Vitalis UK,GBP,2025-05-25,6814,70,108.1,1.54,15.86,1.0385,5342,1.28,2025-05-26T00:00:00
MC002,Prospecting - Lookalike - Purchasers,act_123456789,Vitalis UK,GBP,2025-05-25,8312,101,106.9,1.06,12.86,1.2224,6903,1.2,2025-05-26T00:00:00
MC003,Retargeting - Website Visitors 30d,act_123456789,Vitalis UK,GBP,2025-05-25,3226,76,44.4,0.58,13.76,2.3726,2715,1.19,2025-05-26T00:00:00
MC004,Retargeting - Add to Cart 7d,act_123456789,Vitalis UK,GBP,2025-05-25,4378,92,57.17,0.62,13.06,2.1136,3578,1.22,2025-05-26T00:00:00
MC005,Prospecting - Interest - Wellness,act_123456789,Vitalis UK,GBP,2025-05-25,7714,104,95.52,0.92,12.38,1.3516,6831,1.13,2025-05-26T00:00:00
MC006,DPA - Catalogue Sales,act_123456789,Vitalis UK,GBP,2025-05-25,4258,97,54.69,0.56,12.84,2.2902,3853,1.11,2025-05-26T00:00:00
MC001,Prospecting - Broad - CBD Oils,act_123456789,Vitalis UK,GBP,2025-05-26,7028,79,99.53,1.26,14.16,1.1347,5518,1.27,2025-05-27T00:00:00
MC002,Prospecting - Lookalike - Purchasers,act_123456789,Vitalis UK,GBP,2025-05-26,7299,85,110.36,1.3,15.12,1.1672,5146,1.42,2025-05-27T00:00:00
MC003,Retargeting - Website Visitors 30d,act_123456789,Vitalis UK,GBP,2025-05-26,3586,83,51.89,0.63,14.47,2.3242,2954,1.21,2025-05-27T00:00:00
MC004,Retargeting - Add to Cart 7d,act_123456789,Vitalis UK,GBP,2025-05-26,3018,61,54.83,0.9,18.17,2.0252,2272,1.33,2025-05-27T00:00:00
MC005,Prospecting - Interest - Wellness,act_123456789,Vitalis UK,GBP,2025-05-26,6645,90,104.89,1.17,15.78,1.3641,6041,1.1,2025-05-27T00:00:00
MC006,DPA - Catalogue Sales,act_123456789,Vitalis UK,GBP,2025-05-26,2863,58,50.22,0.87,17.54,2.0261,2216,1.29,2025-05-27T00:00:00
MC001,Prospecting - Broad - CBD Oils,act_123456789,Vitalis UK,GBP,2025-05-27,8190,96,109.4,1.14,13.36,1.1763,7062,1.16,2025-05-28T00:00:00
MC002,Prospecting - Lookalike - Purchasers,act_123456789,Vitalis UK,GBP,2025-05-27,7539,96,101.41,1.06,13.45,1.2814,6382,1.18,2025-05-28T00:00:00
MC003,Retargeting - Website Visitors 30d,act_123456789,Vitalis UK,GBP,2025-05-27,3010,71,45.01,0.63,14.95,2.3858,2628,1.15,2025-05-28T00:00:00
MC004,Retargeting - Add to Cart 7d,act_123456789,Vitalis UK,GBP,2025-05-27,4319,111,56.86,0.51,13.17,2.5748,3708,1.16,2025-05-28T00:00:00
MC005,Prospecting - Interest - Wellness,act_123456789,Vitalis UK,GBP,2025-05-27,7869,102,103.09,1.01,13.1,1.3003,5797,1.36,2025-05-28T00:00:00
MC006,DPA - Catalogue Sales,act_123456789,Vitalis UK,GBP,2025-05-27,3404,67,43.75,0.65,12.85,1.9907,2873,1.18,2025-05-28T00:00:00
MC001,Prospecting - Broad - CBD Oils,act_123456789,Vitalis UK,GBP,2025-05-28,7599,76,122.39,1.61,16.11,1.0118,6932,1.1,2025-05-29T00:00:00
MC002,Prospecting - Lookalike - Purchasers,act_123456789,Vitalis UK,GBP,2025-05-28,5933,75,99.25,1.32,16.73,1.2803,4195,1.41,2025-05-29T00:00:00
MC003,Retargeting - Website Visitors 30d,act_123456789,Vitalis UK,GBP,2025-05-28,4584,112,59.54,0.53,12.99,2.4528,3461,1.32,2025-05-29T00:00:00
MC004,Retargeting - Add to Cart 7d,act_123456789,Vitalis UK,GBP,2025-05-28,3863,83,49.76,0.6,12.88,2.1743,2704,1.43,2025-05-29T00:00:00
MC005,Prospecting - Interest - Wellness,act_123456789,Vitalis UK,GBP,2025-05-28,8301,110,113.43,1.03,13.66,1.3335,6192,1.34,2025-05-29T00:00:00
MC006,DPA - Catalogue Sales,act_123456789,Vitalis UK,GBP,2025-05-28,3127,76,53.02,0.7,16.96,2.4592,2640,1.18,2025-05-29T00:00:00
MC001,Prospecting - Broad - CBD Oils,act_123456789,Vitalis UK,GBP,2025-05-29,5652,68,107.61,1.58,19.04,1.2113,4401,1.28,2025-05-30T00:00:00
MC002,Prospecting - Lookalike - Purchasers,act_123456789,Vitalis UK,GBP,2025-05-29,7451,92,113.97,1.24,15.3,1.2383,6417,1.16,2025-05-30T00:00:00
MC003,Retargeting - Website Visitors 30d,act_123456789,Vitalis UK,GBP,2025-05-29,3814,76,57.56,0.76,15.09,2.0033,3361,1.13,2025-05-30T00:00:00
MC004,Retargeting - Add to Cart 7d,act_123456789,Vitalis UK,GBP,2025-05-29,4277,100,56.84,0.57,13.29,2.3585,3273,1.31,2025-05-30T00:00:00
MC005,Prospecting - Interest - Wellness,act_123456789,Vitalis UK,GBP,2025-05-29,7125,88,94.35,1.07,13.24,1.2464,5792,1.23,2025-05-30T00:00:00
MC006,DPA - Catalogue Sales,act_123456789,Vitalis UK,GBP,2025-05-29,4582,106,59.74,0.56,13.04,2.3234,3468,1.32,2025-05-30T00:00:00
MC001,Prospecting - Broad - CBD Oils,act_123456789,Vitalis UK,GBP,2025-05-30,4676,50,86.82,1.74,18.57,1.0799,4061,1.15,2025-05-31T00:00:00
MC002,Prospecting - Lookalike - Purchasers,act_123456789,Vitalis UK,GBP,2025-05-30,5837,75,105.6,1.41,18.09,1.2999,4785,1.22,2025-05-31T00:00:00
MC003,Retargeting - Website Visitors 30d,act_123456789,Vitalis UK,GBP,2025-05-30,3463,76,53.18,0.7,15.36,2.2232,2725,1.27,2025-05-31T00:00:00
MC004,Retargeting - Add to Cart 7d,act_123456789,Vitalis UK,GBP,2025-05-30,3140,79,45.94,0.58,14.63,2.542,2589,1.21,2025-05-31T00:00:00
MC005,Prospecting - Interest - Wellness,act_123456789,Vitalis UK,GBP,2025-05-30,5728,69,90.49,1.31,15.8,1.2187,4775,1.2,2025-05-31T00:00:00
MC006,DPA - Catalogue Sales,act_123456789,Vitalis UK,GBP,2025-05-30,3736,94,57.33,0.61,15.35,2.5335,2930,1.28,2025-05-31T00:00:00
MC001,Prospecting - Broad - CBD Oils,act_123456789,Vitalis UK,GBP,2025-05-31,5932,73,103.29,1.41,17.41,1.2428,4281,1.39,2025-06-01T00:00:00
MC002,Prospecting - Lookalike - Purchasers,act_123456789,Vitalis UK,GBP,2025-05-31,5679,58,103.94,1.79,18.3,1.0244,4495,1.26,2025-06-01T00:00:00
MC003,Retargeting - Website Visitors 30d,act_123456789,Vitalis UK,GBP,2025-05-31,3798,97,52.98,0.55,13.95,2.5619,3308,1.15,2025-06-01T00:00:00
MC004,Retargeting - Add to Cart 7d,act_123456789,Vitalis UK,GBP,2025-05-31,3480,88,55.45,0.63,15.93,2.5339,2686,1.3,2025-06-01T00:00:00
MC005,Prospecting - Interest - Wellness,act_123456789,Vitalis UK,GBP,2025-05-31,7866,101,113.28,1.12,14.4,1.2864,5825,1.35,2025-06-01T00:00:00
MC006,DPA - Catalogue Sales,act_123456789,Vitalis UK,GBP,2025-05-31,2574,56,42.54,0.76,16.53,2.187,1834,1.4,2025-06-01T00:00:00
MC001,Prospecting - Broad - CBD Oils,act_123456789,Vitalis UK,GBP,2025-06-01,6885,80,100.35,1.25,14.58,1.1746,5465,1.26,2025-06-02T00:00:00
MC002,Prospecting - Lookalike - Purchasers,act_123456789,Vitalis UK,GBP,2025-06-01,4559,50,78.32,1.57,17.18,1.1018,3981,1.15,2025-06-02T00:00:00
MC003,Retargeting - Website Visitors 30d,act_123456789,Vitalis UK,GBP,2025-06-01,2379,54,42.73,0.79,17.96,2.3032,1818,1.31,2025-06-02T00:00:00
MC004,Retargeting - Add to Cart 7d,act_123456789,Vitalis UK,GBP,2025-06-01,2769,54,45.71,0.85,16.51,1.9606,2620,1.06,2025-06-02T00:00:00
MC005,Prospecting - Interest - Wellness,act_123456789,Vitalis UK,GBP,2025-06-01,7253,96,93.8,0.98,12.93,1.3285,5382,1.35,2025-06-02T00:00:00
MC006,DPA - Catalogue Sales,act_123456789,Vitalis UK,GBP,2025-06-01,2890,69,50.3,0.73,17.4,2.4117,2151,1.34,2025-06-02T00:00:00
MC001,Prospecting - Broad - CBD Oils,act_123456789,Vitalis UK,GBP,2025-06-02,6884,89,95.41,1.07,13.86,1.2949,6497,1.06,2025-06-03T00:00:00
MC002,Prospecting - Lookalike - Purchasers,act_123456789,Vitalis UK,GBP,2025-06-02,5517,69,102.28,1.48,18.54,1.2651,4484,1.23,2025-06-03T00:00:00
MC003,Retargeting - Website Visitors 30d,act_123456789,Vitalis UK,GBP,2025-06-02,2939,61,50.71,0.83,17.25,2.0903,2338,1.26,2025-06-03T00:00:00
MC004,Retargeting - Add to Cart 7d,act_123456789,Vitalis UK,GBP,2025-06-02,2274,49,40.78,0.83,17.93,2.1956,1954,1.16,2025-06-03T00:00:00
MC005,Prospecting - Interest - Wellness,act_123456789,Vitalis UK,GBP,2025-06-02,6303,81,86.09,1.06,13.66,1.2967,4571,1.38,2025-06-03T00:00:00
MC006,DPA - Catalogue Sales,act_123456789,Vitalis UK,GBP,2025-06-02,3604,81,49.4,0.61,13.71,2.2636,2825,1.28,2025-06-03T00:00:00
MC001,Prospecting - Broad - CBD Oils,act_123456789,Vitalis UK,GBP,2025-06-03,5094,60,94.86,1.58,18.62,1.1934,4162,1.22,2025-06-04T00:00:00
MC002,Prospecting - Lookalike - Purchasers,act_123456789,Vitalis UK,GBP,2025-06-03,5733,65,90.78,1.4,15.83,1.14,4446,1.29,2025-06-04T00:00:00
MC003,Retargeting - Website Visitors 30d,act_123456789,Vitalis UK,GBP,2025-06-03,2789,65,42.36,0.65,15.19,2.3313,2319,1.2,2025-06-04T00:00:00
MC004,Retargeting - Add to Cart 7d,act_123456789,Vitalis UK,GBP,2025-06-03,2626,58,45.12,0.78,17.18,2.2448,2041,1.29,2025-06-04T00:00:00
MC005,Prospecting - Interest - Wellness,act_123456789,Vitalis UK,GBP,2025-06-03,6609,88,89.36,1.02,13.52,1.3368,5574,1.19,2025-06-04T00:00:00
MC006,DPA - Catalogue Sales,act_123456789,Vitalis UK,GBP,2025-06-03,3372,86,52.83,0.61,15.67,2.5542,2873,1.17,2025-06-04T00:00:00
MC001,Prospecting - Broad - CBD Oils,act_123456789,Vitalis UK,GBP,2025-06-04,5242,59,97.56,1.65,18.61,1.1395,4312,1.22,2025-06-05T00:00:00
MC002,Prospecting - Lookalike - Purchasers,act_123456789,Vitalis UK,GBP,2025-06-04,7005,70,98.76,1.41,14.1,1.0103,6526,1.07,2025-06-05T00:00:00
MC003,Retargeting - Website Visitors 30d,act_123456789,Vitalis UK,GBP,2025-06-04,3339,81,46.79,0.58,14.01,2.4432,2491,1.34,2025-06-05T00:00:00
MC004,Retargeting - Add to Cart 7d,act_123456789,Vitalis UK,GBP,2025-06-04,2945,73,47.24,0.65,16.04,2.4894,2431,1.21,2025-06-05T00:00:00
MC005,Prospecting - Interest - Wellness,act_123456789,Vitalis UK,GBP,2025-06-04,5387,53,100.64,1.9,18.68,1.0018,4649,1.16,2025-06-05T00:00:00
MC006,DPA - Catalogue Sales,act_123456789,Vitalis UK,GBP,2025-06-04,3607,82,46.37,0.57,12.86,2.2869,3021,1.19,2025-06-05T00:00:00
MC001,Prospecting - Broad - CBD Oils,act_123456789,Vitalis UK,GBP,2025-06-05,4882,65,87.41,1.34,17.9,1.3354,4489,1.09,2025-06-06T00:00:00
MC002,Prospecting - Lookalike - Purchasers,act_123456789,Vitalis UK,GBP,2025-06-05,6748,87,110.54,1.27,16.38,1.29,5970,1.13,2025-06-06T00:00:00
MC003,Retargeting - Website Visitors 30d,act_123456789,Vitalis UK,GBP,2025-06-05,2667,62,45.52,0.73,17.07,2.3528,2428,1.1,2025-06-06T00:00:00
MC004,Retargeting - Add to Cart 7d,act_123456789,Vitalis UK,GBP,2025-06-05,3375,86,51.37,0.6,15.22,2.5627,2799,1.21,2025-06-06T00:00:00
MC005,Prospecting - Interest - Wellness,act_123456789,Vitalis UK,GBP,2025-06-05,6047,65,113.66,1.75,18.8,1.0762,4541,1.33,2025-06-06T00:00:00
MC006,DPA - Catalogue Sales,act_123456789,Vitalis UK,GBP,2025-06-05,2366,54,44.99,0.83,19.02,2.2882,1987,1.19,2025-06-06T00:00:00
MC001,Prospecting - Broad - CBD Oils,act_123456789,Vitalis UK,GBP,2025-06-06,6509,81,96.15,1.19,14.77,1.2447,4631,1.41,2025-06-07T00:00:00
MC002,Prospecting - Lookalike - Purchasers,act_123456789,Vitalis UK,GBP,2025-06-06,6299,76,105.35,1.39,16.72,1.2178,4712,1.34,2025-06-07T00:00:00
MC003,Retargeting - Website Visitors 30d,act_123456789,Vitalis UK,GBP,2025-06-06,2816,64,42.26,0.66,15.01,2.3053,2645,1.06,2025-06-07T00:00:00
MC004,Retargeting - Add to Cart 7d,act_123456789,Vitalis UK,GBP,2025-06-06,3198,63,52.71,0.84,16.48,1.9872,2948,1.08,2025-06-07T00:00:00
MC005,Prospecting - Interest - Wellness,act_123456789,Vitalis UK,GBP,2025-06-06,6789,90,106.68,1.19,15.71,1.3377,5462,1.24,2025-06-07T00:00:00
MC006,DPA - Catalogue Sales,act_123456789,Vitalis UK,GBP,2025-06-06,2787,65,51.74,0.8,18.56,2.3629,1986,1.4,2025-06-07T00:00:00
MC001,Prospecting - Broad - CBD Oils,act_123456789,Vitalis UK,GBP,2025-06-07,7333,75,100.31,1.34,13.68,1.0238,5526,1.33,2025-06-08T00:00:00
MC002,Prospecting - Lookalike - Purchasers,act_123456789,Vitalis UK,GBP,2025-06-07,5179,62,91.88,1.48,17.74,1.2142,4308,1.2,2025-06-08T00:00:00
MC003,Retargeting - Website Visitors 30d,act_123456789,Vitalis UK,GBP,2025-06-07,2848,67,43.41,0.65,15.24,2.3621,2522,1.13,2025-06-08T00:00:00
MC004,Retargeting - Add to Cart 7d,act_123456789,Vitalis UK,GBP,2025-06-07,2809,69,48.84,0.71,17.39,2.469,2415,1.16,2025-06-08T00:00:00
MC005,Prospecting - Interest - Wellness,act_123456789,Vitalis UK,GBP,2025-06-07,6206,75,110.06,1.47,17.73,1.2123,5651,1.1,2025-06-08T00:00:00
MC006,DPA - Catalogue Sales,act_123456789,Vitalis UK,GBP,2025-06-07,3960,85,56.42,0.66,14.25,2.1584,3087,1.28,2025-06-08T00:00:00
MC001,Prospecting - Broad - CBD Oils,act_123456789,Vitalis UK,GBP,2025-06-08,6539,69,103.26,1.5,15.79,1.0558,4829,1.35,2025-06-09T00:00:00
MC002,Prospecting - Lookalike - Purchasers,act_123456789,Vitalis UK,GBP,2025-06-08,7784,91,107.23,1.18,13.78,1.1737,7090,1.1,2025-06-09T00:00:00
MC003,Retargeting - Website Visitors 30d,act_123456789,Vitalis UK,GBP,2025-06-08,2940,58,40.62,0.7,13.82,1.9803,2321,1.27,2025-06-09T00:00:00
MC004,Retargeting - Add to Cart 7d,act_123456789,Vitalis UK,GBP,2025-06-08,4074,105,52.38,0.5,12.86,2.579,3030,1.34,2025-06-09T00:00:00
MC005,Prospecting - Interest - Wellness,act_123456789,Vitalis UK,GBP,2025-06-08,5770,58,104.91,1.81,18.18,1.0194,4123,1.4,2025-06-09T00:00:00
MC006,DPA - Catalogue Sales,act_123456789,Vitalis UK,GBP,2025-06-08,2483,60,43.81,0.73,17.64,2.4519,2282,1.09,2025-06-09T00:00:00
MC001,Prospecting - Broad - CBD Oils,act_123456789,Vitalis UK,GBP,2025-06-09,6735,77,97.05,1.26,14.41,1.1525,5452,1.24,2025-06-10T00:00:00
MC002,Prospecting - Lookalike - Purchasers,act_123456789,Vitalis UK,GBP,2025-06-09,4556,61,78.59,1.29,17.25,1.3415,3233,1.41,2025-06-10T00:00:00
MC003,Retargeting - Website Visitors 30d,act_123456789,Vitalis UK,GBP,2025-06-09,2847,66,46.87,0.71,16.46,2.3445,2563,1.11,2025-06-10T00:00:00
MC004,Retargeting - Add to Cart 7d,act_123456789,Vitalis UK,GBP,2025-06-09,2492,55,41.87,0.76,16.8,2.2389,2189,1.14,2025-06-10T00:00:00
MC005,Prospecting - Interest - Wellness,act_123456789,Vitalis UK,GBP,2025-06-09,4533,51,81.66,1.6,18.01,1.1257,3685,1.23,2025-06-10T00:00:00
MC006,DPA - Catalogue Sales,act_123456789,Vitalis UK,GBP,2025-06-09,2954,71,44.71,0.63,15.14,2.4248,2209,1.34,2025-06-10T00:00:00
MC001,Prospecting - Broad - CBD Oils,act_123456789,Vitalis UK,GBP,2025-06-10,5754,77,98.41,1.28,17.1,1.3438,5318,1.08,2025-06-11T00:00:00
MC002,Prospecting - Lookalike - Purchasers,act_123456789,Vitalis UK,GBP,2025-06-10,5776,63,90.85,1.44,15.73,1.1033,4047,1.43,2025-06-11T00:00:00
MC003,Retargeting - Website Visitors 30d,act_123456789,Vitalis UK,GBP,2025-06-10,3178,71,49.11,0.69,15.45,2.2492,2761,1.15,2025-06-11T00:00:00
MC004,Retargeting - Add to Cart 7d,act_123456789,Vitalis UK,GBP,2025-06-10,3303,72,47.8,0.66,14.47,2.1951,2695,1.23,2025-06-11T00:00:00
MC005,Prospecting - Interest - Wellness,act_123456789,Vitalis UK,GBP,2025-06-10,5499,66,97.87,1.48,17.8,1.2073,4310,1.28,2025-06-11T00:00:00
MC006,DPA - Catalogue Sales,act_123456789,Vitalis UK,GBP,2025-06-10,3092,67,45.86,0.68,14.83,2.1948,2647,1.17,2025-06-11T00:00:00
MC001,Prospecting - Broad - CBD Oils,act_123456789,Vitalis UK,GBP,2025-06-11,6894,88,104.07,1.18,15.1,1.2816,4861,1.42,2025-06-12T00:00:00
MC002,Prospecting - Lookalike - Purchasers,act_123456789,Vitalis UK,GBP,2025-06-11,6884,82,99.3,1.21,14.42,1.1931,5132,1.34,2025-06-12T00:00:00
MC003,Retargeting - Website Visitors 30d,act_123456789,Vitalis UK,GBP,2025-06-11,2533,51,48.39,0.95,19.1,2.0455,2401,1.05,2025-06-12T00:00:00
MC004,Retargeting - Add to Cart 7d,act_123456789,Vitalis UK,GBP,2025-06-11,2822,64,50.5,0.79,17.9,2.2704,2049,1.38,2025-06-12T00:00:00
MC005,Prospecting - Interest - Wellness,act_123456789,Vitalis UK,GBP,2025-06-11,6631,66,98.82,1.5,14.9,1.0025,4871,1.36,2025-06-12T00:00:00
MC006,DPA - Catalogue Sales,act_123456789,Vitalis UK,GBP,2025-06-11,2867,70,49.58,0.71,17.29,2.4692,2515,1.14,2025-06-12T00:00:00
MC001,Prospecting - Broad - CBD Oils,act_123456789,Vitalis UK,GBP,2025-06-12,7162,81,106.29,1.31,14.84,1.1345,6075,1.18,2025-06-13T00:00:00
MC002,Prospecting - Lookalike - Purchasers,act_123456789,Vitalis UK,GBP,2025-06-12,4662,61,88.67,1.45,19.02,1.3153,4185,1.11,2025-06-13T00:00:00
MC003,Retargeting - Website Visitors 30d,act_123456789,Vitalis UK,GBP,2025-06-12,3656,74,50.07,0.68,13.7,2.0396,3061,1.19,2025-06-13T00:00:00
MC004,Retargeting - Add to Cart 7d,act_123456789,Vitalis UK,GBP,2025-06-12,2663,64,51.15,0.8,19.21,2.4236,2446,1.09,2025-06-13T00:00:00
MC005,Prospecting - Interest - Wellness,act_123456789,Vitalis UK,GBP,2025-06-12,7129,74,100.99,1.36,14.17,1.0422,5436,1.31,2025-06-13T00:00:00
MC006,DPA - Catalogue Sales,act_123456789,Vitalis UK,GBP,2025-06-12,3613,90,52.02,0.58,14.4,2.4968,2729,1.32,2025-06-13T00:00:00
MC001,Prospecting - Broad - CBD Oils,act_123456789,Vitalis UK,GBP,2025-06-13,6824,85,102.95,1.21,15.09,1.2467,5115,1.33,2025-06-14T00:00:00
MC002,Prospecting - Lookalike - Purchasers,act_123456789,Vitalis UK,GBP,2025-06-13,6579,65,104.21,1.6,15.84,0.9957,5951,1.11,2025-06-14T00:00:00
MC003,Retargeting - Website Visitors 30d,act_123456789,Vitalis UK,GBP,2025-06-13,2855,56,51.16,0.91,17.92,1.9949,2264,1.26,2025-06-14T00:00:00
MC004,Retargeting - Add to Cart 7d,act_123456789,Vitalis UK,GBP,2025-06-13,3235,64,42.81,0.67,13.23,1.9816,2307,1.4,2025-06-14T00:00:00
MC005,Prospecting - Interest - Wellness,act_123456789,Vitalis UK,GBP,2025-06-13,6642,74,89.01,1.2,13.4,1.1191,4743,1.4,2025-06-14T00:00:00
MC006,DPA - Catalogue Sales,act_123456789,Vitalis UK,GBP,2025-06-13,2803,57,42.69,0.75,15.23,2.0608,2253,1.24,2025-06-14T00:00:00
MC001,Prospecting - Broad - CBD Oils,act_123456789,Vitalis UK,GBP,2025-06-14,5614,62,79.37,1.28,14.14,1.1123,4274,1.31,2025-06-15T00:00:00
MC002,Prospecting - Lookalike - Purchasers,act_123456789,Vitalis UK,GBP,2025-06-14,4956,57,85.36,1.5,17.22,1.164,4418,1.12,2025-06-15T00:00:00
MC003,Retargeting - Website Visitors 30d,act_123456789,Vitalis UK,GBP,2025-06-14,2556,50,46.75,0.94,18.29,1.9914,1852,1.38,2025-06-15T00:00:00
MC004,Retargeting - Add to Cart 7d,act_123456789,Vitalis UK,GBP,2025-06-14,3287,66,49.01,0.74,14.91,2.0346,2306,1.43,2025-06-15T00:00:00
MC005,Prospecting - Interest - Wellness,act_123456789,Vitalis UK,GBP,2025-06-14,5116,68,82.68,1.22,16.16,1.3358,4061,1.26,2025-06-15T00:00:00
MC006,DPA - Catalogue Sales,act_123456789,Vitalis UK,GBP,2025-06-14,3691,79,48.94,0.62,13.26,2.1454,2832,1.3,2025-06-15T00:00:00
MC001,Prospecting - Broad - CBD Oils,act_123456789,Vitalis UK,GBP,2025-06-15,5357,58,84.8,1.46,15.83,1.1013,4062,1.32,2025-06-16T00:00:00
MC002,Prospecting - Lookalike - Purchasers,act_123456789,Vitalis UK,GBP,2025-06-15,6708,85,99.75,1.17,14.87,1.2797,5155,1.3,2025-06-16T00:00:00
MC003,Retargeting - Website Visitors 30d,act_123456789,Vitalis UK,GBP,2025-06-15,2940,63,42.15,0.67,14.34,2.1578,2406,1.22,2025-06-16T00:00:00
MC004,Retargeting - Add to Cart 7d,act_123456789,Vitalis UK,GBP,2025-06-15,2650,52,41.1,0.79,15.51,1.9885,1885,1.41,2025-06-16T00:00:00
MC005,Prospecting - Interest - Wellness,act_123456789,Vitalis UK,GBP,2025-06-15,5465,63,88.22,1.4,16.14,1.1615,3886,1.41,2025-06-16T00:00:00
MC006,DPA - Catalogue Sales,act_123456789,Vitalis UK,GBP,2025-06-15,3190,64,50.15,0.78,15.72,2.0375,2474,1.29,2025-06-16T00:00:00
MC001,Prospecting - Broad - CBD Oils,act_123456789,Vitalis UK,GBP,2025-06-16,7458,94,108.9,1.16,14.6,1.269,5771,1.29,2025-06-17T00:00:00
MC002,Prospecting - Lookalike - Purchasers,act_123456789,Vitalis UK,GBP,2025-06-16,6760,79,100.03,1.27,14.8,1.1798,4974,1.36,2025-06-17T00:00:00
MC003,Retargeting - Website Visitors 30d,act_123456789,Vitalis UK,GBP,2025-06-16,3066,73,45.91,0.63,14.97,2.3934,2502,1.23,2025-06-17T00:00:00
MC004,Retargeting - Add to Cart 7d,act_123456789,Vitalis UK,GBP,2025-06-16,3775,80,51.74,0.65,13.71,2.1255,3242,1.16,2025-06-17T00:00:00
MC005,Prospecting - Interest - Wellness,act_123456789,Vitalis UK,GBP,2025-06-16,6333,69,85.1,1.23,13.44,1.0971,5153,1.23,2025-06-17T00:00:00
MC006,DPA - Catalogue Sales,act_123456789,Vitalis UK,GBP,2025-06-16,2932,57,55.52,0.97,18.94,1.9633,2296,1.28,2025-06-17T00:00:00
MC001,Prospecting - Broad - CBD Oils,act_123456789,Vitalis UK,GBP,2025-06-17,8262,82,108.87,1.33,13.18,1.004,6073,1.36,2025-06-18T00:00:00
MC002,Prospecting - Lookalike - Purchasers,act_123456789,Vitalis UK,GBP,2025-06-17,8284,100,108.02,1.08,13.04,1.2144,7729,1.07,2025-06-18T00:00:00
MC003,Retargeting - Website Visitors 30d,act_123456789,Vitalis UK,GBP,2025-06-17,3935,81,53.03,0.65,13.48,2.0743,2804,1.4,2025-06-18T00:00:00
MC004,Retargeting - Add to Cart 7d,act_123456789,Vitalis UK,GBP,2025-06-17,2400,53,44.14,0.83,18.39,2.2208,1931,1.24,2025-06-18T00:00:00
MC005,Prospecting - Interest - Wellness,act_123456789,Vitalis UK,GBP,2025-06-17,6044,67,89.63,1.34,14.83,1.1143,4894,1.23,2025-06-18T00:00:00
MC006,DPA - Catalogue Sales,act_123456789,Vitalis UK,GBP,2025-06-17,2951,64,49.44,0.77,16.75,2.1856,2621,1.13,2025-06-18T00:00:00
MC001,Prospecting - Broad - CBD Oils,act_123456789,Vitalis UK,GBP,2025-06-18,6215,70,101.98,1.46,16.41,1.1351,5851,1.06,2025-06-19T00:00:00
MC002,Prospecting - Lookalike - Purchasers,act_123456789,Vitalis UK,GBP,2025-06-18,6650,87,97.55,1.12,14.67,1.3174,5526,1.2,2025-06-19T00:00:00
MC003,Retargeting - Website Visitors 30d,act_123456789,Vitalis UK,GBP,2025-06-18,2683,69,49.65,0.72,18.51,2.5854,1940,1.38,2025-06-19T00:00:00
MC004,Retargeting - Add to Cart 7d,act_123456789,Vitalis UK,GBP,2025-06-18,3588,86,50.79,0.59,14.16,2.4123,3005,1.19,2025-06-19T00:00:00
MC005,Prospecting - Interest - Wellness,act_123456789,Vitalis UK,GBP,2025-06-18,4908,63,93.96,1.49,19.14,1.2996,4028,1.22,2025-06-19T00:00:00
MC006,DPA - Catalogue Sales,act_123456789,Vitalis UK,GBP,2025-06-18,2683,69,47.32,0.69,17.64,2.6005,2536,1.06,2025-06-19T00:00:00
MC001,Prospecting - Broad - CBD Oils,act_123456789,Vitalis UK,GBP,2025-06-19,6338,84,98.79,1.18,15.59,1.3358,5170,1.23,2025-06-20T00:00:00
MC002,Prospecting - Lookalike - Purchasers,act_123456789,Vitalis UK,GBP,2025-06-19,7351,74,96.8,1.31,13.17,1.0173,6451,1.14,2025-06-20T00:00:00
MC003,Retargeting - Website Visitors 30d,act_123456789,Vitalis UK,GBP,2025-06-19,2752,63,48.06,0.76,17.46,2.3082,2200,1.25,2025-06-20T00:00:00
MC004,Retargeting - Add to Cart 7d,act_123456789,Vitalis UK,GBP,2025-06-19,3045,62,44.01,0.71,14.45,2.0559,2387,1.28,2025-06-20T00:00:00
MC005,Prospecting - Interest - Wellness,act_123456789,Vitalis UK,GBP,2025-06-19,5843,73,84.34,1.16,14.43,1.2614,4371,1.34,2025-06-20T00:00:00
MC006,DPA - Catalogue Sales,act_123456789,Vitalis UK,GBP,2025-06-19,2573,55,39.6,0.72,15.39,2.1602,2427,1.06,2025-06-20T00:00:00
MC001,Prospecting - Broad - CBD Oils,act_123456789,Vitalis UK,GBP,2025-06-20,4751,54,87.92,1.63,18.51,1.1536,3563,1.33,2025-06-21T00:00:00
MC002,Prospecting - Lookalike - Purchasers,act_123456789,Vitalis UK,GBP,2025-06-20,4910,57,91.51,1.61,18.64,1.1708,4206,1.17,2025-06-21T00:00:00
MC003,Retargeting - Website Visitors 30d,act_123456789,Vitalis UK,GBP,2025-06-20,3443,73,51.65,0.71,15.0,2.1432,2559,1.35,2025-06-21T00:00:00
MC004,Retargeting - Add to Cart 7d,act_123456789,Vitalis UK,GBP,2025-06-20,2668,64,47.43,0.74,17.78,2.4151,2261,1.18,2025-06-21T00:00:00
MC005,Prospecting - Interest - Wellness,act_123456789,Vitalis UK,GBP,2025-06-20,6938,71,101.29,1.43,14.6,1.0362,5389,1.29,2025-06-21T00:00:00
MC006,DPA - Catalogue Sales,act_123456789,Vitalis UK,GBP,2025-06-20,3266,68,42.83,0.63,13.11,2.0873,3012,1.08,2025-06-21T00:00:00
MC001,Prospecting - Broad - CBD Oils,act_123456789,Vitalis UK,GBP,2025-06-21,4810,55,81.31,1.48,16.9,1.1642,3984,1.21,2025-06-22T00:00:00
MC002,Prospecting - Lookalike - Purchasers,act_123456789,Vitalis UK,GBP,2025-06-21,6360,81,97.93,1.21,15.4,1.2873,4601,1.38,2025-06-22T00:00:00
MC003,Retargeting - Website Visitors 30d,act_123456789,Vitalis UK,GBP,2025-06-21,3462,80,48.57,0.61,14.03,2.321,3216,1.08,2025-06-22T00:00:00
MC004,Retargeting - Add to Cart 7d,act_123456789,Vitalis UK,GBP,2025-06-21,3685,74,51.7,0.7,14.03,2.0139,3296,1.12,2025-06-22T00:00:00
MC005,Prospecting - Interest - Wellness,act_123456789,Vitalis UK,GBP,2025-06-21,5872,77,85.82,1.11,14.62,1.3133,4746,1.24,2025-06-22T00:00:00
MC006,DPA - Catalogue Sales,act_123456789,Vitalis UK,GBP,2025-06-21,3424,81,47.39,0.59,13.84,2.3693,3252,1.05,2025-06-22T00:00:00
MC001,Prospecting - Broad - CBD Oils,act_123456789,Vitalis UK,GBP,2025-06-22,5716,59,86.84,1.47,15.19,1.0474,4635,1.23,2025-06-23T00:00:00
MC002,Prospecting - Lookalike - Purchasers,act_123456789,Vitalis UK,GBP,2025-06-22,7565,96,99.52,1.04,13.16,1.2783,5793,1.31,2025-06-23T00:00:00
MC003,Retargeting - Website Visitors 30d,act_123456789,Vitalis UK,GBP,2025-06-22,2824,61,50.93,0.83,18.03,2.1862,2433,1.16,2025-06-23T00:00:00
MC004,Retargeting - Add to Cart 7d,act_123456789,Vitalis UK,GBP,2025-06-22,3265,81,42.53,0.53,13.03,2.4812,2475,1.32,2025-06-23T00:00:00
MC005,Prospecting - Interest - Wellness,act_123456789,Vitalis UK,GBP,2025-06-22,7255,94,102.38,1.09,14.11,1.3055,5313,1.37,2025-06-23T00:00:00
MC006,DPA - Catalogue Sales,act_123456789,Vitalis UK,GBP,2025-06-22,2483,52,41.77,0.8,16.82,2.0948,2226,1.12,2025-06-23T00:00:00
MC001,Prospecting - Broad - CBD Oils,act_123456789,Vitalis UK,GBP,2025-06-23,6778,87,103.55,1.19,15.28,1.2939,5643,1.2,2025-06-24T00:00:00
MC002,Prospecting - Lookalike - Purchasers,act_123456789,Vitalis UK,GBP,2025-06-23,5123,58,92.05,1.59,17.97,1.1419,4702,1.09,2025-06-24T00:00:00
MC003,Retargeting - Website Visitors 30d,act_123456789,Vitalis UK,GBP,2025-06-23,4004,88,57.43,0.65,14.34,2.2149,2952,1.36,2025-06-24T00:00:00
MC004,Retargeting - Add to Cart 7d,act_123456789,Vitalis UK,GBP,2025-06-23,3560,83,55.7,0.67,15.65,2.3538,2918,1.22,2025-06-24T00:00:00
MC005,Prospecting - Interest - Wellness,act_123456789,Vitalis UK,GBP,2025-06-23,7306,96,107.67,1.12,14.74,1.3235,6585,1.11,2025-06-24T00:00:00
MC006,DPA - Catalogue Sales,act_123456789,Vitalis UK,GBP,2025-06-23,3168,64,45.33,0.71,14.31,2.0274,2995,1.06,2025-06-24T00:00:00
MC001,Prospecting - Broad - CBD Oils,act_123456789,Vitalis UK,GBP,2025-06-24,7736,98,110.14,1.12,14.24,1.2686,6057,1.28,2025-06-25T00:00:00
MC002,Prospecting - Lookalike - Purchasers,act_123456789,Vitalis UK,GBP,2025-06-24,6597,79,95.02,1.2,14.4,1.2105,4976,1.33,2025-06-25T00:00:00
MC003,Retargeting - Website Visitors 30d,act_123456789,Vitalis UK,GBP,2025-06-24,3812,74,49.09,0.66,12.88,1.9509,3187,1.2,2025-06-25T00:00:00
MC004,Retargeting - Add to Cart 7d,act_123456789,Vitalis UK,GBP,2025-06-24,3794,89,53.16,0.6,14.01,2.3641,3073,1.23,2025-06-25T00:00:00
MC005,Prospecting - Interest - Wellness,act_123456789,Vitalis UK,GBP,2025-06-24,5754,62,102.0,1.65,17.73,1.0925,4456,1.29,2025-06-25T00:00:00
MC006,DPA - Catalogue Sales,act_123456789,Vitalis UK,GBP,2025-06-24,2904,65,51.02,0.78,17.57,2.2669,2586,1.12,2025-06-25T00:00:00
MC001,Prospecting - Broad - CBD Oils,act_123456789,Vitalis UK,GBP,2025-06-25,6096,71,83.83,1.18,13.75,1.1753,4436,1.37,2025-06-26T00:00:00
MC002,Prospecting - Lookalike - Purchasers,act_123456789,Vitalis UK,GBP,2025-06-25,5755,74,83.54,1.13,14.52,1.2908,4889,1.18,2025-06-26T00:00:00
MC003,Retargeting - Website Visitors 30d,act_123456789,Vitalis UK,GBP,2025-06-25,3030,71,50.95,0.72,16.82,2.3659,2818,1.08,2025-06-26T00:00:00
MC004,Retargeting - Add to Cart 7d,act_123456789,Vitalis UK,GBP,2025-06-25,3137,64,49.56,0.77,15.8,2.0488,2497,1.26,2025-06-26T00:00:00
MC005,Prospecting - Interest - Wellness,act_123456789,Vitalis UK,GBP,2025-06-25,6506,66,109.7,1.66,16.86,1.0187,5674,1.15,2025-06-26T00:00:00
MC006,DPA - Catalogue Sales,act_123456789,Vitalis UK,GBP,2025-06-25,2616,62,42.28,0.68,16.16,2.3734,2209,1.18,2025-06-26T00:00:00
MC001,Prospecting - Broad - CBD Oils,act_123456789,Vitalis UK,GBP,2025-06-26,5040,64,88.98,1.39,17.65,1.2857,4470,1.13,2025-06-27T00:00:00
MC002,Prospecting - Lookalike - Purchasers,act_123456789,Vitalis UK,GBP,2025-06-26,5733,69,88.76,1.29,15.48,1.2077,5273,1.09,2025-06-27T00:00:00
MC003,Retargeting - Website Visitors 30d,act_123456789,Vitalis UK,GBP,2025-06-26,3536,69,53.77,0.78,15.21,1.9518,2556,1.38,2025-06-27T00:00:00
MC004,Retargeting - Add to Cart 7d,act_123456789,Vitalis UK,GBP,2025-06-26,3002,67,42.75,0.64,14.24,2.2573,2652,1.13,2025-06-27T00:00:00
MC005,Prospecting - Interest - Wellness,act_123456789,Vitalis UK,GBP,2025-06-26,6490,83,98.71,1.19,15.21,1.2823,5910,1.1,2025-06-27T00:00:00
MC006,DPA - Catalogue Sales,act_123456789,Vitalis UK,GBP,2025-06-26,2350,53,44.52,0.84,18.94,2.2813,2036,1.15,2025-06-27T00:00:00
MC001,Prospecting - Broad - CBD Oils,act_123456789,Vitalis UK,GBP,2025-06-27,6455,70,110.71,1.58,17.15,1.0874,5978,1.08,2025-06-28T00:00:00
MC002,Prospecting - Lookalike - Purchasers,act_123456789,Vitalis UK,GBP,2025-06-27,5663,60,96.65,1.61,17.07,1.0623,4507,1.26,2025-06-28T00:00:00
MC003,Retargeting - Website Visitors 30d,act_123456789,Vitalis UK,GBP,2025-06-27,2951,74,42.64,0.58,14.45,2.5179,2622,1.13,2025-06-28T00:00:00
MC004,Retargeting - Add to Cart 7d,act_123456789,Vitalis UK,GBP,2025-06-27,4196,98,53.81,0.55,12.82,2.3391,3248,1.29,2025-06-28T00:00:00
MC005,Prospecting - Interest - Wellness,act_123456789,Vitalis UK,GBP,2025-06-27,6376,63,90.3,1.43,14.16,0.9955,4552,1.4,2025-06-28T00:00:00
MC006,DPA - Catalogue Sales,act_123456789,Vitalis UK,GBP,2025-06-27,3000,70,48.22,0.69,16.07,2.3443,2673,1.12,2025-06-28T00:00:00
MC001,Prospecting - Broad - CBD Oils,act_123456789,Vitalis UK,GBP,2025-06-28,5963,67,82.33,1.23,13.81,1.1311,5350,1.11,2025-06-29T00:00:00
MC002,Prospecting - Lookalike - Purchasers,act_123456789,Vitalis UK,GBP,2025-06-28,6828,69,98.35,1.43,14.4,1.0216,4884,1.4,2025-06-29T00:00:00
MC003,Retargeting - Website Visitors 30d,act_123456789,Vitalis UK,GBP,2025-06-28,2622,64,43.25,0.68,16.5,2.4492,2432,1.08,2025-06-29T00:00:00
MC004,Retargeting - Add to Cart 7d,act_123456789,Vitalis UK,GBP,2025-06-28,3239,67,43.83,0.65,13.53,2.0707,2622,1.24,2025-06-29T00:00:00
MC005,Prospecting - Interest - Wellness,act_123456789,Vitalis UK,GBP,2025-06-28,4823,51,89.92,1.76,18.64,1.0605,3737,1.29,2025-06-29T00:00:00
MC006,DPA - Catalogue Sales,act_123456789,Vitalis UK,GBP,2025-06-28,3809,97,52.77,0.54,13.85,2.5693,3178,1.2,2025-06-29T00:00:00
MC001,Prospecting - Broad - CBD Oils,act_123456789,Vitalis UK,GBP,2025-06-29,6688,86,111.52,1.3,16.67,1.2965,5504,1.22,2025-06-30T00:00:00
MC002,Prospecting - Lookalike - Purchasers,act_123456789,Vitalis UK,GBP,2025-06-29,6810,73,112.46,1.54,16.51,1.0797,5450,1.25,2025-06-30T00:00:00
MC003,Retargeting - Website Visitors 30d,act_123456789,Vitalis UK,GBP,2025-06-29,3057,74,52.03,0.7,17.02,2.4491,2769,1.1,2025-06-30T00:00:00
MC004,Retargeting - Add to Cart 7d,act_123456789,Vitalis UK,GBP,2025-06-29,3660,77,52.69,0.68,14.4,2.1302,3162,1.16,2025-06-30T00:00:00
MC005,Prospecting - Interest - Wellness,act_123456789,Vitalis UK,GBP,2025-06-29,6639,74,102.06,1.38,15.37,1.1151,5229,1.27,2025-06-30T00:00:00
MC006,DPA - Catalogue Sales,act_123456789,Vitalis UK,GBP,2025-06-29,2992,71,45.43,0.64,15.18,2.3799,2230,1.34,2025-06-30T00:00:00
MC001,Prospecting - Broad - CBD Oils,act_123456789,Vitalis UK,GBP,2025-06-30,6255,75,95.67,1.28,15.29,1.213,5157,1.21,2025-07-01T00:00:00
MC002,Prospecting - Lookalike - Purchasers,act_123456789,Vitalis UK,GBP,2025-06-30,7281,78,112.14,1.44,15.4,1.0845,5242,1.39,2025-07-01T00:00:00
MC003,Retargeting - Website Visitors 30d,act_123456789,Vitalis UK,GBP,2025-06-30,3712,80,53.39,0.67,14.38,2.1675,3139,1.18,2025-07-01T00:00:00
MC004,Retargeting - Add to Cart 7d,act_123456789,Vitalis UK,GBP,2025-06-30,3942,98,51.55,0.53,13.08,2.5016,3396,1.16,2025-07-01T00:00:00
MC005,Prospecting - Interest - Wellness,act_123456789,Vitalis UK,GBP,2025-06-30,7403,76,107.95,1.42,14.58,1.0359,6680,1.11,2025-07-01T00:00:00
MC006,DPA - Catalogue Sales,act_123456789,Vitalis UK,GBP,2025-06-30,3718,74,53.28,0.72,14.33,2.0052,3319,1.12,2025-07-01T00:00:00
